[0.000000] (-) TimerEvent: {}
[0.000365] (battery) JobQueued: {'identifier': 'battery', 'dependencies': OrderedDict()}
[0.000701] (bno08x_driver) JobQueued: {'identifier': 'bno08x_driver', 'dependencies': OrderedDict()}
[0.000725] (led) JobQueued: {'identifier': 'led', 'dependencies': OrderedDict()}
[0.000743] (motor_interfaces) JobQueued: {'identifier': 'motor_interfaces', 'dependencies': OrderedDict()}
[0.000761] (ms5837_bar_ros) JobQueued: {'identifier': 'ms5837_bar_ros', 'dependencies': OrderedDict()}
[0.000778] (sensing_bringup) JobQueued: {'identifier': 'sensing_bringup', 'dependencies': OrderedDict()}
[0.000794] (water_sensors) JobQueued: {'identifier': 'water_sensors', 'dependencies': OrderedDict()}
[0.000810] (buoy_control) JobQueued: {'identifier': 'buoy_control', 'dependencies': OrderedDict({'motor_interfaces': '/home/selqie/buoyancy/install/motor_interfaces'})}
[0.000832] (servo) JobQueued: {'identifier': 'servo', 'dependencies': OrderedDict({'motor_interfaces': '/home/selqie/buoyancy/install/motor_interfaces'})}
[0.000851] (motor_interfaces) JobStarted: {'identifier': 'motor_interfaces'}
[0.008031] (battery) JobStarted: {'identifier': 'battery'}
[0.015715] (bno08x_driver) JobStarted: {'identifier': 'bno08x_driver'}
[0.020421] (led) JobStarted: {'identifier': 'led'}
[0.030271] (motor_interfaces) JobProgress: {'identifier': 'motor_interfaces', 'progress': 'cmake'}
[0.031493] (motor_interfaces) JobProgress: {'identifier': 'motor_interfaces', 'progress': 'build'}
[0.032430] (motor_interfaces) Command: {'cmd': ['/usr/bin/cmake', '--build', '/home/selqie/buoyancy/build/motor_interfaces', '--', '-j4', '-l4'], 'cwd': '/home/selqie/buoyancy/build/motor_interfaces', 'env': OrderedDict({'LESSOPEN': '| /usr/bin/lesspipe %s', 'USER': 'selqie', 'SSH_CLIENT': '192.168.1.109 51669 22', 'XDG_SESSION_TYPE': 'tty', 'SHLVL': '1', 'LD_LIBRARY_PATH': '/home/selqie/buoyancy/install/motor_interfaces/lib:/opt/ros/jazzy/lib/aarch64-linux-gnu:/opt/ros/jazzy/lib', 'HOME': '/home/selqie', 'OLDPWD': '/home/selqie', 'SSH_TTY': '/dev/pts/6', 'ROS_PYTHON_VERSION': '3', 'DBUS_SESSION_BUS_ADDRESS': 'unix:path=/run/user/1000/bus', 'COLCON_PREFIX_PATH': '/home/selqie/buoyancy/install', 'ROS_DISTRO': 'jazzy', 'LOGNAME': 'selqie', '_': '/usr/bin/colcon', 'ROS_VERSION': '2', 'XDG_SESSION_CLASS': 'user', 'TERM': 'xterm-256color', 'XDG_SESSION_ID': '1', 'PATH': '/home/selqie/.local/bin:/opt/ros/jazzy/bin:/usr/local/sbin:/usr/local/bin:/usr/sbin:/usr/bin:/sbin:/bin:/usr/games:/usr/local/games:/snap/bin', 'XDG_RUNTIME_DIR': '/run/user/1000', 'LANG': 'C.UTF-8', 'LS_COLORS': 'rs=0:di=01;34:ln=01;36:mh=00:pi=40;33:so=01;35:do=01;35:bd=40;33;01:cd=40;33;01:or=40;31;01:mi=00:su=37;41:sg=30;43:ca=00:tw=30;42:ow=34;42:st=37;44:ex=01;32:*.tar=01;31:*.tgz=01;31:*.arc=01;31:*.arj=01;31:*.taz=01;31:*.lha=01;31:*.lz4=01;31:*.lzh=01;31:*.lzma=01;31:*.tlz=01;31:*.txz=01;31:*.tzo=01;31:*.t7z=01;31:*.zip=01;31:*.z=01;31:*.dz=01;31:*.gz=01;31:*.lrz=01;31:*.lz=01;31:*.lzo=01;31:*.xz=01;31:*.zst=01;31:*.tzst=01;31:*.bz2=01;31:*.bz=01;31:*.tbz=01;31:*.tbz2=01;31:*.tz=01;31:*.deb=01;31:*.rpm=01;31:*.jar=01;31:*.war=01;31:*.ear=01;31:*.sar=01;31:*.rar=01;31:*.alz=01;31:*.ace=01;31:*.zoo=01;31:*.cpio=01;31:*.7z=01;31:*.rz=01;31:*.cab=01;31:*.wim=01;31:*.swm=01;31:*.dwm=01;31:*.esd=01;31:*.avif=01;35:*.jpg=01;35:*.jpeg=01;35:*.mjpg=01;35:*.mjpeg=01;35:*.gif=01;35:*.bmp=01;35:*.pbm=01;35:*.pgm=01;35:*.ppm=01;35:*.tga=01;35:*.xbm=01;35:*.xpm=01;35:*.tif=01;35:*.tiff=01;35:*.png=01;35:*.svg=01;35:*.svgz=01;35:*.mng=01;35:*.pcx=01;35:*.mov=01;35:*.mpg=01;35:*.mpeg=01;35:*.m2v=01;35:*.mkv=01;35:*.webm=01;35:*.webp=01;35:*.ogm=01;35:*.mp4=01;35:*.m4v=01;35:*.mp4v=01;35:*.vob=01;35:*.qt=01;35:*.nuv=01;35:*.wmv=01;35:*.asf=01;35:*.rm=01;35:*.rmvb=01;35:*.flc=01;35:*.avi=01;35:*.fli=01;35:*.flv=01;35:*.gl=01;35:*.dl=01;35:*.xcf=01;35:*.xwd=01;35:*.yuv=01;35:*.cgm=01;35:*.emf=01;35:*.ogv=01;35:*.ogx=01;35:*.aac=00;36:*.au=00;36:*.flac=00;36:*.m4a=00;36:*.mid=00;36:*.midi=00;36:*.mka=00;36:*.mp3=00;36:*.mpc=00;36:*.ogg=00;36:*.ra=00;36:*.wav=00;36:*.oga=00;36:*.opus=00;36:*.spx=00;36:*.xspf=00;36:*~=00;90:*#=00;90:*.bak=00;90:*.crdownload=00;90:*.dpkg-dist=00;90:*.dpkg-new=00;90:*.dpkg-old=00;90:*.dpkg-tmp=00;90:*.old=00;90:*.orig=00;90:*.part=00;90:*.rej=00;90:*.rpmnew=00;90:*.rpmorig=00;90:*.rpmsave=00;90:*.swp=00;90:*.tmp=00;90:*.ucf-dist=00;90:*.ucf-new=00;90:*.ucf-old=00;90:', 'AMENT_PREFIX_PATH': '/home/selqie/buoyancy/install/water_sensors:/home/selqie/buoyancy/install/servo:/home/selqie/buoyancy/install/sensing_bringup:/home/selqie/buoyancy/install/ms5837_bar_ros:/home/selqie/buoyancy/install/buoy_control:/home/selqie/buoyancy/install/motor_interfaces:/home/selqie/buoyancy/install/led:/home/selqie/buoyancy/install/bno08x_driver:/home/selqie/buoyancy/install/battery:/opt/ros/jazzy', 'SHELL': '/bin/bash', 'LESSCLOSE': '/usr/bin/lesspipe %s %s', 'ROS_AUTOMATIC_DISCOVERY_RANGE': 'SUBNET', 'PWD': '/home/selqie/buoyancy/build/motor_interfaces', 'SSH_CONNECTION': '192.168.1.109 51669 192.168.1.160 22', 'XDG_DATA_DIRS': '/usr/local/share:/usr/share:/var/lib/snapd/desktop', 'PYTHONPATH': '/home/selqie/buoyancy/install/water_sensors/lib/python3.12/site-packages:/home/selqie/buoyancy/install/servo/lib/python3.12/site-packages:/home/selqie/buoyancy/install/ms5837_bar_ros/lib/python3.12/site-packages:/home/selqie/buoyancy/install/buoy_control/lib/python3.12/site-packages:/home/selqie/buoyancy/install/motor_interfaces/lib/python3.12/site-packages:/home/selqie/buoyancy/install/led/lib/python3.12/site-packages:/home/selqie/buoyancy/install/battery/lib/python3.12/site-packages:/opt/ros/jazzy/lib/python3.12/site-packages', 'COLCON': '1', 'CMAKE_PREFIX_PATH': '/home/selqie/buoyancy/install/sensing_bringup:/home/selqie/buoyancy/install/motor_interfaces:/home/selqie/buoyancy/install/bno08x_driver:/home/selqie/buoyancy/install/water_sensors:/home/selqie/buoyancy/install/servo:/home/selqie/buoyancy/install/ms5837_bar_ros:/home/selqie/buoyancy/install/buoy_control:/home/selqie/buoyancy/install/led:/home/selqie/buoyancy/install/battery:/opt/ros/jazzy'}), 'shell': False}
[0.099741] (-) TimerEvent: {}
[0.201194] (-) TimerEvent: {}
[0.301676] (-) TimerEvent: {}
[0.402074] (-) TimerEvent: {}
[0.480679] (bno08x_driver) JobProgress: {'identifier': 'bno08x_driver', 'progress': 'cmake'}
[0.481789] (bno08x_driver) JobProgress: {'identifier': 'bno08x_driver', 'progress': 'build'}
[0.483250] (bno08x_driver) Command: {'cmd': ['/usr/bin/cmake', '--build', '/home/selqie/buoyancy/build/bno08x_driver', '--', '-j4', '-l4'], 'cwd': '/home/selqie/buoyancy/build/bno08x_driver', 'env': OrderedDict({'LESSOPEN': '| /usr/bin/lesspipe %s', 'USER': 'selqie', 'SSH_CLIENT': '192.168.1.109 51669 22', 'XDG_SESSION_TYPE': 'tty', 'SHLVL': '1', 'LD_LIBRARY_PATH': '/home/selqie/buoyancy/install/motor_interfaces/lib:/opt/ros/jazzy/lib/aarch64-linux-gnu:/opt/ros/jazzy/lib', 'HOME': '/home/selqie', 'OLDPWD': '/home/selqie', 'SSH_TTY': '/dev/pts/6', 'ROS_PYTHON_VERSION': '3', 'DBUS_SESSION_BUS_ADDRESS': 'unix:path=/run/user/1000/bus', 'COLCON_PREFIX_PATH': '/home/selqie/buoyancy/install', 'ROS_DISTRO': 'jazzy', 'LOGNAME': 'selqie', '_': '/usr/bin/colcon', 'ROS_VERSION': '2', 'XDG_SESSION_CLASS': 'user', 'TERM': 'xterm-256color', 'XDG_SESSION_ID': '1', 'PATH': '/home/selqie/.local/bin:/opt/ros/jazzy/bin:/usr/local/sbin:/usr/local/bin:/usr/sbin:/usr/bin:/sbin:/bin:/usr/games:/usr/local/games:/snap/bin', 'XDG_RUNTIME_DIR': '/run/user/1000', 'LANG': 'C.UTF-8', 'LS_COLORS': 'rs=0:di=01;34:ln=01;36:mh=00:pi=40;33:so=01;35:do=01;35:bd=40;33;01:cd=40;33;01:or=40;31;01:mi=00:su=37;41:sg=30;43:ca=00:tw=30;42:ow=34;42:st=37;44:ex=01;32:*.tar=01;31:*.tgz=01;31:*.arc=01;31:*.arj=01;31:*.taz=01;31:*.lha=01;31:*.lz4=01;31:*.lzh=01;31:*.lzma=01;31:*.tlz=01;31:*.txz=01;31:*.tzo=01;31:*.t7z=01;31:*.zip=01;31:*.z=01;31:*.dz=01;31:*.gz=01;31:*.lrz=01;31:*.lz=01;31:*.lzo=01;31:*.xz=01;31:*.zst=01;31:*.tzst=01;31:*.bz2=01;31:*.bz=01;31:*.tbz=01;31:*.tbz2=01;31:*.tz=01;31:*.deb=01;31:*.rpm=01;31:*.jar=01;31:*.war=01;31:*.ear=01;31:*.sar=01;31:*.rar=01;31:*.alz=01;31:*.ace=01;31:*.zoo=01;31:*.cpio=01;31:*.7z=01;31:*.rz=01;31:*.cab=01;31:*.wim=01;31:*.swm=01;31:*.dwm=01;31:*.esd=01;31:*.avif=01;35:*.jpg=01;35:*.jpeg=01;35:*.mjpg=01;35:*.mjpeg=01;35:*.gif=01;35:*.bmp=01;35:*.pbm=01;35:*.pgm=01;35:*.ppm=01;35:*.tga=01;35:*.xbm=01;35:*.xpm=01;35:*.tif=01;35:*.tiff=01;35:*.png=01;35:*.svg=01;35:*.svgz=01;35:*.mng=01;35:*.pcx=01;35:*.mov=01;35:*.mpg=01;35:*.mpeg=01;35:*.m2v=01;35:*.mkv=01;35:*.webm=01;35:*.webp=01;35:*.ogm=01;35:*.mp4=01;35:*.m4v=01;35:*.mp4v=01;35:*.vob=01;35:*.qt=01;35:*.nuv=01;35:*.wmv=01;35:*.asf=01;35:*.rm=01;35:*.rmvb=01;35:*.flc=01;35:*.avi=01;35:*.fli=01;35:*.flv=01;35:*.gl=01;35:*.dl=01;35:*.xcf=01;35:*.xwd=01;35:*.yuv=01;35:*.cgm=01;35:*.emf=01;35:*.ogv=01;35:*.ogx=01;35:*.aac=00;36:*.au=00;36:*.flac=00;36:*.m4a=00;36:*.mid=00;36:*.midi=00;36:*.mka=00;36:*.mp3=00;36:*.mpc=00;36:*.ogg=00;36:*.ra=00;36:*.wav=00;36:*.oga=00;36:*.opus=00;36:*.spx=00;36:*.xspf=00;36:*~=00;90:*#=00;90:*.bak=00;90:*.crdownload=00;90:*.dpkg-dist=00;90:*.dpkg-new=00;90:*.dpkg-old=00;90:*.dpkg-tmp=00;90:*.old=00;90:*.orig=00;90:*.part=00;90:*.rej=00;90:*.rpmnew=00;90:*.rpmorig=00;90:*.rpmsave=00;90:*.swp=00;90:*.tmp=00;90:*.ucf-dist=00;90:*.ucf-new=00;90:*.ucf-old=00;90:', 'AMENT_PREFIX_PATH': '/home/selqie/buoyancy/install/water_sensors:/home/selqie/buoyancy/install/servo:/home/selqie/buoyancy/install/sensing_bringup:/home/selqie/buoyancy/install/ms5837_bar_ros:/home/selqie/buoyancy/install/buoy_control:/home/selqie/buoyancy/install/motor_interfaces:/home/selqie/buoyancy/install/led:/home/selqie/buoyancy/install/bno08x_driver:/home/selqie/buoyancy/install/battery:/opt/ros/jazzy', 'SHELL': '/bin/bash', 'LESSCLOSE': '/usr/bin/lesspipe %s %s', 'ROS_AUTOMATIC_DISCOVERY_RANGE': 'SUBNET', 'PWD': '/home/selqie/buoyancy/build/bno08x_driver', 'SSH_CONNECTION': '192.168.1.109 51669 192.168.1.160 22', 'XDG_DATA_DIRS': '/usr/local/share:/usr/share:/var/lib/snapd/desktop', 'PYTHONPATH': '/home/selqie/buoyancy/install/water_sensors/lib/python3.12/site-packages:/home/selqie/buoyancy/install/servo/lib/python3.12/site-packages:/home/selqie/buoyancy/install/ms5837_bar_ros/lib/python3.12/site-packages:/home/selqie/buoyancy/install/buoy_control/lib/python3.12/site-packages:/home/selqie/buoyancy/install/motor_interfaces/lib/python3.12/site-packages:/home/selqie/buoyancy/install/led/lib/python3.12/site-packages:/home/selqie/buoyancy/install/battery/lib/python3.12/site-packages:/opt/ros/jazzy/lib/python3.12/site-packages', 'COLCON': '1', 'CMAKE_PREFIX_PATH': '/home/selqie/buoyancy/install/sensing_bringup:/home/selqie/buoyancy/install/motor_interfaces:/home/selqie/buoyancy/install/bno08x_driver:/home/selqie/buoyancy/install/water_sensors:/home/selqie/buoyancy/install/servo:/home/selqie/buoyancy/install/ms5837_bar_ros:/home/selqie/buoyancy/install/buoy_control:/home/selqie/buoyancy/install/led:/home/selqie/buoyancy/install/battery:/opt/ros/jazzy'}), 'shell': False}
[0.489185] (motor_interfaces) StdoutLine: {'line': b'[  2%] Built target motor_interfaces__rosidl_generator_type_description\n'}
[0.489568] (motor_interfaces) StdoutLine: {'line': b'[  2%] Built target ament_cmake_python_copy_motor_interfaces\n'}
[0.489744] (motor_interfaces) StdoutLine: {'line': b'[  5%] Built target motor_interfaces__cpp\n'}
[0.489867] (motor_interfaces) StdoutLine: {'line': b'[ 20%] Built target motor_interfaces__rosidl_generator_c\n'}
[0.489969] (motor_interfaces) StdoutLine: {'line': b'[ 29%] Built target motor_interfaces__rosidl_typesupport_fastrtps_cpp\n'}
[0.490066] (motor_interfaces) StdoutLine: {'line': b'[ 38%] Built target motor_interfaces__rosidl_typesupport_introspection_cpp\n'}
[0.492500] (motor_interfaces) StdoutLine: {'line': b'[ 47%] Built target motor_interfaces__rosidl_typesupport_cpp\n'}
[0.492655] (motor_interfaces) StdoutLine: {'line': b'[ 55%] Built target motor_interfaces__rosidl_typesupport_fastrtps_c\n'}
[0.492754] (motor_interfaces) StdoutLine: {'line': b'[ 64%] Built target motor_interfaces__rosidl_typesupport_introspection_c\n'}
[0.492847] (motor_interfaces) StdoutLine: {'line': b'[ 73%] Built target motor_interfaces__rosidl_typesupport_c\n'}
[0.492933] (motor_interfaces) StdoutLine: {'line': b'[ 73%] Built target motor_interfaces\n'}
[0.493073] (motor_interfaces) StdoutLine: {'line': b'[ 76%] Built target motor_interfaces__py\n'}
[0.493798] (motor_interfaces) StdoutLine: {'line': b'[ 82%] Built target motor_interfaces__rosidl_generator_py\n'}
[0.493943] (motor_interfaces) StdoutLine: {'line': b'[ 88%] Built target motor_interfaces_s__rosidl_typesupport_fastrtps_c\n'}
[0.498668] (motor_interfaces) StdoutLine: {'line': b'[ 94%] Built target motor_interfaces_s__rosidl_typesupport_c\n'}
[0.502205] (-) TimerEvent: {}
[0.503602] (motor_interfaces) StdoutLine: {'line': b'[100%] Built target motor_interfaces_s__rosidl_typesupport_introspection_c\n'}
[0.585960] (bno08x_driver) StdoutLine: {'line': b'[ 27%] Built target sh2_library\n'}
[0.590703] (motor_interfaces) StdoutLine: {'line': b'running egg_info\n'}
[0.602361] (-) TimerEvent: {}
[0.614428] (bno08x_driver) StdoutLine: {'line': b'[ 44%] Built target gmock\n'}
[0.620074] (bno08x_driver) StdoutLine: {'line': b'[ 55%] Built target gmock_main\n'}
[0.629333] (motor_interfaces) StdoutLine: {'line': b'writing motor_interfaces.egg-info/PKG-INFO\n'}
[0.629640] (motor_interfaces) StdoutLine: {'line': b'writing dependency_links to motor_interfaces.egg-info/dependency_links.txt\n'}
[0.632253] (motor_interfaces) StdoutLine: {'line': b'writing top-level names to motor_interfaces.egg-info/top_level.txt\n'}
[0.661223] (bno08x_driver) StdoutLine: {'line': b'[ 77%] Built target bno08x_driver\n'}
[0.673274] (bno08x_driver) StdoutLine: {'line': b'[ 88%] Built target test_i2c_mock\n'}
[0.686401] (bno08x_driver) StdoutLine: {'line': b'[100%] Built target test_watchdog\n'}
[0.702483] (-) TimerEvent: {}
[0.733007] (motor_interfaces) StdoutLine: {'line': b"reading manifest file 'motor_interfaces.egg-info/SOURCES.txt'\n"}
[0.733795] (motor_interfaces) StdoutLine: {'line': b"writing manifest file 'motor_interfaces.egg-info/SOURCES.txt'\n"}
[0.802458] (motor_interfaces) StdoutLine: {'line': b'[100%] Built target ament_cmake_python_build_motor_interfaces_egg\n'}
[0.802701] (-) TimerEvent: {}
[0.881939] (bno08x_driver) CommandEnded: {'returncode': 0}
[0.882877] (bno08x_driver) JobProgress: {'identifier': 'bno08x_driver', 'progress': 'install'}
[0.898897] (bno08x_driver) Command: {'cmd': ['/usr/bin/cmake', '--install', '/home/selqie/buoyancy/build/bno08x_driver'], 'cwd': '/home/selqie/buoyancy/build/bno08x_driver', 'env': OrderedDict({'LESSOPEN': '| /usr/bin/lesspipe %s', 'USER': 'selqie', 'SSH_CLIENT': '192.168.1.109 51669 22', 'XDG_SESSION_TYPE': 'tty', 'SHLVL': '1', 'LD_LIBRARY_PATH': '/home/selqie/buoyancy/install/motor_interfaces/lib:/opt/ros/jazzy/lib/aarch64-linux-gnu:/opt/ros/jazzy/lib', 'HOME': '/home/selqie', 'OLDPWD': '/home/selqie', 'SSH_TTY': '/dev/pts/6', 'ROS_PYTHON_VERSION': '3', 'DBUS_SESSION_BUS_ADDRESS': 'unix:path=/run/user/1000/bus', 'COLCON_PREFIX_PATH': '/home/selqie/buoyancy/install', 'ROS_DISTRO': 'jazzy', 'LOGNAME': 'selqie', '_': '/usr/bin/colcon', 'ROS_VERSION': '2', 'XDG_SESSION_CLASS': 'user', 'TERM': 'xterm-256color', 'XDG_SESSION_ID': '1', 'PATH': '/home/selqie/.local/bin:/opt/ros/jazzy/bin:/usr/local/sbin:/usr/local/bin:/usr/sbin:/usr/bin:/sbin:/bin:/usr/games:/usr/local/games:/snap/bin', 'XDG_RUNTIME_DIR': '/run/user/1000', 'LANG': 'C.UTF-8', 'LS_COLORS': 'rs=0:di=01;34:ln=01;36:mh=00:pi=40;33:so=01;35:do=01;35:bd=40;33;01:cd=40;33;01:or=40;31;01:mi=00:su=37;41:sg=30;43:ca=00:tw=30;42:ow=34;42:st=37;44:ex=01;32:*.tar=01;31:*.tgz=01;31:*.arc=01;31:*.arj=01;31:*.taz=01;31:*.lha=01;31:*.lz4=01;31:*.lzh=01;31:*.lzma=01;31:*.tlz=01;31:*.txz=01;31:*.tzo=01;31:*.t7z=01;31:*.zip=01;31:*.z=01;31:*.dz=01;31:*.gz=01;31:*.lrz=01;31:*.lz=01;31:*.lzo=01;31:*.xz=01;31:*.zst=01;31:*.tzst=01;31:*.bz2=01;31:*.bz=01;31:*.tbz=01;31:*.tbz2=01;31:*.tz=01;31:*.deb=01;31:*.rpm=01;31:*.jar=01;31:*.war=01;31:*.ear=01;31:*.sar=01;31:*.rar=01;31:*.alz=01;31:*.ace=01;31:*.zoo=01;31:*.cpio=01;31:*.7z=01;31:*.rz=01;31:*.cab=01;31:*.wim=01;31:*.swm=01;31:*.dwm=01;31:*.esd=01;31:*.avif=01;35:*.jpg=01;35:*.jpeg=01;35:*.mjpg=01;35:*.mjpeg=01;35:*.gif=01;35:*.bmp=01;35:*.pbm=01;35:*.pgm=01;35:*.ppm=01;35:*.tga=01;35:*.xbm=01;35:*.xpm=01;35:*.tif=01;35:*.tiff=01;35:*.png=01;35:*.svg=01;35:*.svgz=01;35:*.mng=01;35:*.pcx=01;35:*.mov=01;35:*.mpg=01;35:*.mpeg=01;35:*.m2v=01;35:*.mkv=01;35:*.webm=01;35:*.webp=01;35:*.ogm=01;35:*.mp4=01;35:*.m4v=01;35:*.mp4v=01;35:*.vob=01;35:*.qt=01;35:*.nuv=01;35:*.wmv=01;35:*.asf=01;35:*.rm=01;35:*.rmvb=01;35:*.flc=01;35:*.avi=01;35:*.fli=01;35:*.flv=01;35:*.gl=01;35:*.dl=01;35:*.xcf=01;35:*.xwd=01;35:*.yuv=01;35:*.cgm=01;35:*.emf=01;35:*.ogv=01;35:*.ogx=01;35:*.aac=00;36:*.au=00;36:*.flac=00;36:*.m4a=00;36:*.mid=00;36:*.midi=00;36:*.mka=00;36:*.mp3=00;36:*.mpc=00;36:*.ogg=00;36:*.ra=00;36:*.wav=00;36:*.oga=00;36:*.opus=00;36:*.spx=00;36:*.xspf=00;36:*~=00;90:*#=00;90:*.bak=00;90:*.crdownload=00;90:*.dpkg-dist=00;90:*.dpkg-new=00;90:*.dpkg-old=00;90:*.dpkg-tmp=00;90:*.old=00;90:*.orig=00;90:*.part=00;90:*.rej=00;90:*.rpmnew=00;90:*.rpmorig=00;90:*.rpmsave=00;90:*.swp=00;90:*.tmp=00;90:*.ucf-dist=00;90:*.ucf-new=00;90:*.ucf-old=00;90:', 'AMENT_PREFIX_PATH': '/home/selqie/buoyancy/install/water_sensors:/home/selqie/buoyancy/install/servo:/home/selqie/buoyancy/install/sensing_bringup:/home/selqie/buoyancy/install/ms5837_bar_ros:/home/selqie/buoyancy/install/buoy_control:/home/selqie/buoyancy/install/motor_interfaces:/home/selqie/buoyancy/install/led:/home/selqie/buoyancy/install/bno08x_driver:/home/selqie/buoyancy/install/battery:/opt/ros/jazzy', 'SHELL': '/bin/bash', 'LESSCLOSE': '/usr/bin/lesspipe %s %s', 'ROS_AUTOMATIC_DISCOVERY_RANGE': 'SUBNET', 'PWD': '/home/selqie/buoyancy/build/bno08x_driver', 'SSH_CONNECTION': '192.168.1.109 51669 192.168.1.160 22', 'XDG_DATA_DIRS': '/usr/local/share:/usr/share:/var/lib/snapd/desktop', 'PYTHONPATH': '/home/selqie/buoyancy/install/water_sensors/lib/python3.12/site-packages:/home/selqie/buoyancy/install/servo/lib/python3.12/site-packages:/home/selqie/buoyancy/install/ms5837_bar_ros/lib/python3.12/site-packages:/home/selqie/buoyancy/install/buoy_control/lib/python3.12/site-packages:/home/selqie/buoyancy/install/motor_interfaces/lib/python3.12/site-packages:/home/selqie/buoyancy/install/led/lib/python3.12/site-packages:/home/selqie/buoyancy/install/battery/lib/python3.12/site-packages:/opt/ros/jazzy/lib/python3.12/site-packages', 'COLCON': '1', 'CMAKE_PREFIX_PATH': '/home/selqie/buoyancy/install/sensing_bringup:/home/selqie/buoyancy/install/motor_interfaces:/home/selqie/buoyancy/install/bno08x_driver:/home/selqie/buoyancy/install/water_sensors:/home/selqie/buoyancy/install/servo:/home/selqie/buoyancy/install/ms5837_bar_ros:/home/selqie/buoyancy/install/buoy_control:/home/selqie/buoyancy/install/led:/home/selqie/buoyancy/install/battery:/opt/ros/jazzy'}), 'shell': False}
[0.900798] (motor_interfaces) CommandEnded: {'returncode': 0}
[0.901586] (motor_interfaces) JobProgress: {'identifier': 'motor_interfaces', 'progress': 'install'}
[0.901923] (motor_interfaces) Command: {'cmd': ['/usr/bin/cmake', '--install', '/home/selqie/buoyancy/build/motor_interfaces'], 'cwd': '/home/selqie/buoyancy/build/motor_interfaces', 'env': OrderedDict({'LESSOPEN': '| /usr/bin/lesspipe %s', 'USER': 'selqie', 'SSH_CLIENT': '192.168.1.109 51669 22', 'XDG_SESSION_TYPE': 'tty', 'SHLVL': '1', 'LD_LIBRARY_PATH': '/home/selqie/buoyancy/install/motor_interfaces/lib:/opt/ros/jazzy/lib/aarch64-linux-gnu:/opt/ros/jazzy/lib', 'HOME': '/home/selqie', 'OLDPWD': '/home/selqie', 'SSH_TTY': '/dev/pts/6', 'ROS_PYTHON_VERSION': '3', 'DBUS_SESSION_BUS_ADDRESS': 'unix:path=/run/user/1000/bus', 'COLCON_PREFIX_PATH': '/home/selqie/buoyancy/install', 'ROS_DISTRO': 'jazzy', 'LOGNAME': 'selqie', '_': '/usr/bin/colcon', 'ROS_VERSION': '2', 'XDG_SESSION_CLASS': 'user', 'TERM': 'xterm-256color', 'XDG_SESSION_ID': '1', 'PATH': '/home/selqie/.local/bin:/opt/ros/jazzy/bin:/usr/local/sbin:/usr/local/bin:/usr/sbin:/usr/bin:/sbin:/bin:/usr/games:/usr/local/games:/snap/bin', 'XDG_RUNTIME_DIR': '/run/user/1000', 'LANG': 'C.UTF-8', 'LS_COLORS': 'rs=0:di=01;34:ln=01;36:mh=00:pi=40;33:so=01;35:do=01;35:bd=40;33;01:cd=40;33;01:or=40;31;01:mi=00:su=37;41:sg=30;43:ca=00:tw=30;42:ow=34;42:st=37;44:ex=01;32:*.tar=01;31:*.tgz=01;31:*.arc=01;31:*.arj=01;31:*.taz=01;31:*.lha=01;31:*.lz4=01;31:*.lzh=01;31:*.lzma=01;31:*.tlz=01;31:*.txz=01;31:*.tzo=01;31:*.t7z=01;31:*.zip=01;31:*.z=01;31:*.dz=01;31:*.gz=01;31:*.lrz=01;31:*.lz=01;31:*.lzo=01;31:*.xz=01;31:*.zst=01;31:*.tzst=01;31:*.bz2=01;31:*.bz=01;31:*.tbz=01;31:*.tbz2=01;31:*.tz=01;31:*.deb=01;31:*.rpm=01;31:*.jar=01;31:*.war=01;31:*.ear=01;31:*.sar=01;31:*.rar=01;31:*.alz=01;31:*.ace=01;31:*.zoo=01;31:*.cpio=01;31:*.7z=01;31:*.rz=01;31:*.cab=01;31:*.wim=01;31:*.swm=01;31:*.dwm=01;31:*.esd=01;31:*.avif=01;35:*.jpg=01;35:*.jpeg=01;35:*.mjpg=01;35:*.mjpeg=01;35:*.gif=01;35:*.bmp=01;35:*.pbm=01;35:*.pgm=01;35:*.ppm=01;35:*.tga=01;35:*.xbm=01;35:*.xpm=01;35:*.tif=01;35:*.tiff=01;35:*.png=01;35:*.svg=01;35:*.svgz=01;35:*.mng=01;35:*.pcx=01;35:*.mov=01;35:*.mpg=01;35:*.mpeg=01;35:*.m2v=01;35:*.mkv=01;35:*.webm=01;35:*.webp=01;35:*.ogm=01;35:*.mp4=01;35:*.m4v=01;35:*.mp4v=01;35:*.vob=01;35:*.qt=01;35:*.nuv=01;35:*.wmv=01;35:*.asf=01;35:*.rm=01;35:*.rmvb=01;35:*.flc=01;35:*.avi=01;35:*.fli=01;35:*.flv=01;35:*.gl=01;35:*.dl=01;35:*.xcf=01;35:*.xwd=01;35:*.yuv=01;35:*.cgm=01;35:*.emf=01;35:*.ogv=01;35:*.ogx=01;35:*.aac=00;36:*.au=00;36:*.flac=00;36:*.m4a=00;36:*.mid=00;36:*.midi=00;36:*.mka=00;36:*.mp3=00;36:*.mpc=00;36:*.ogg=00;36:*.ra=00;36:*.wav=00;36:*.oga=00;36:*.opus=00;36:*.spx=00;36:*.xspf=00;36:*~=00;90:*#=00;90:*.bak=00;90:*.crdownload=00;90:*.dpkg-dist=00;90:*.dpkg-new=00;90:*.dpkg-old=00;90:*.dpkg-tmp=00;90:*.old=00;90:*.orig=00;90:*.part=00;90:*.rej=00;90:*.rpmnew=00;90:*.rpmorig=00;90:*.rpmsave=00;90:*.swp=00;90:*.tmp=00;90:*.ucf-dist=00;90:*.ucf-new=00;90:*.ucf-old=00;90:', 'AMENT_PREFIX_PATH': '/home/selqie/buoyancy/install/water_sensors:/home/selqie/buoyancy/install/servo:/home/selqie/buoyancy/install/sensing_bringup:/home/selqie/buoyancy/install/ms5837_bar_ros:/home/selqie/buoyancy/install/buoy_control:/home/selqie/buoyancy/install/motor_interfaces:/home/selqie/buoyancy/install/led:/home/selqie/buoyancy/install/bno08x_driver:/home/selqie/buoyancy/install/battery:/opt/ros/jazzy', 'SHELL': '/bin/bash', 'LESSCLOSE': '/usr/bin/lesspipe %s %s', 'ROS_AUTOMATIC_DISCOVERY_RANGE': 'SUBNET', 'PWD': '/home/selqie/buoyancy/build/motor_interfaces', 'SSH_CONNECTION': '192.168.1.109 51669 192.168.1.160 22', 'XDG_DATA_DIRS': '/usr/local/share:/usr/share:/var/lib/snapd/desktop', 'PYTHONPATH': '/home/selqie/buoyancy/install/water_sensors/lib/python3.12/site-packages:/home/selqie/buoyancy/install/servo/lib/python3.12/site-packages:/home/selqie/buoyancy/install/ms5837_bar_ros/lib/python3.12/site-packages:/home/selqie/buoyancy/install/buoy_control/lib/python3.12/site-packages:/home/selqie/buoyancy/install/motor_interfaces/lib/python3.12/site-packages:/home/selqie/buoyancy/install/led/lib/python3.12/site-packages:/home/selqie/buoyancy/install/battery/lib/python3.12/site-packages:/opt/ros/jazzy/lib/python3.12/site-packages', 'COLCON': '1', 'CMAKE_PREFIX_PATH': '/home/selqie/buoyancy/install/sensing_bringup:/home/selqie/buoyancy/install/motor_interfaces:/home/selqie/buoyancy/install/bno08x_driver:/home/selqie/buoyancy/install/water_sensors:/home/selqie/buoyancy/install/servo:/home/selqie/buoyancy/install/ms5837_bar_ros:/home/selqie/buoyancy/install/buoy_control:/home/selqie/buoyancy/install/led:/home/selqie/buoyancy/install/battery:/opt/ros/jazzy'}), 'shell': False}
[0.903556] (-) TimerEvent: {}
[0.917083] (bno08x_driver) StdoutLine: {'line': b'-- Install configuration: ""\n'}
[0.917589] (bno08x_driver) StdoutLine: {'line': b'-- Up-to-date: /home/selqie/buoyancy/install/bno08x_driver/lib/bno08x_driver/bno08x_driver\n'}
[0.918741] (bno08x_driver) StdoutLine: {'line': b'-- Up-to-date: /home/selqie/buoyancy/install/bno08x_driver/share/bno08x_driver/config\n'}
[0.919050] (bno08x_driver) StdoutLine: {'line': b'-- Up-to-date: /home/selqie/buoyancy/install/bno08x_driver/share/bno08x_driver/config/bno085_i2c.yaml\n'}
[0.919201] (bno08x_driver) StdoutLine: {'line': b'-- Up-to-date: /home/selqie/buoyancy/install/bno08x_driver/share/bno08x_driver/launch\n'}
[0.920384] (bno08x_driver) StdoutLine: {'line': b'-- Up-to-date: /home/selqie/buoyancy/install/bno08x_driver/share/bno08x_driver/launch/bno085_i2c.launch.py\n'}
[0.920668] (bno08x_driver) StdoutLine: {'line': b'-- Up-to-date: /home/selqie/buoyancy/install/bno08x_driver/share/ament_index/resource_index/package_run_dependencies/bno08x_driver\n'}
[0.920784] (bno08x_driver) StdoutLine: {'line': b'-- Up-to-date: /home/selqie/buoyancy/install/bno08x_driver/share/ament_index/resource_index/parent_prefix_path/bno08x_driver\n'}
[0.920880] (bno08x_driver) StdoutLine: {'line': b'-- Up-to-date: /home/selqie/buoyancy/install/bno08x_driver/share/bno08x_driver/environment/ament_prefix_path.sh\n'}
[0.920984] (bno08x_driver) StdoutLine: {'line': b'-- Up-to-date: /home/selqie/buoyancy/install/bno08x_driver/share/bno08x_driver/environment/ament_prefix_path.dsv\n'}
[0.921081] (bno08x_driver) StdoutLine: {'line': b'-- Up-to-date: /home/selqie/buoyancy/install/bno08x_driver/share/bno08x_driver/environment/path.sh\n'}
[0.922892] (bno08x_driver) StdoutLine: {'line': b'-- Up-to-date: /home/selqie/buoyancy/install/bno08x_driver/share/bno08x_driver/environment/path.dsv\n'}
[0.923391] (bno08x_driver) StdoutLine: {'line': b'-- Up-to-date: /home/selqie/buoyancy/install/bno08x_driver/share/bno08x_driver/local_setup.bash\n'}
[0.925085] (bno08x_driver) StdoutLine: {'line': b'-- Up-to-date: /home/selqie/buoyancy/install/bno08x_driver/share/bno08x_driver/local_setup.sh\n'}
[0.926373] (bno08x_driver) StdoutLine: {'line': b'-- Up-to-date: /home/selqie/buoyancy/install/bno08x_driver/share/bno08x_driver/local_setup.zsh\n'}
[0.926777] (bno08x_driver) StdoutLine: {'line': b'-- Up-to-date: /home/selqie/buoyancy/install/bno08x_driver/share/bno08x_driver/local_setup.dsv\n'}
[0.926935] (bno08x_driver) StdoutLine: {'line': b'-- Installing: /home/selqie/buoyancy/install/bno08x_driver/share/bno08x_driver/package.dsv\n'}
[0.927617] (bno08x_driver) StdoutLine: {'line': b'-- Up-to-date: /home/selqie/buoyancy/install/bno08x_driver/share/ament_index/resource_index/packages/bno08x_driver\n'}
[0.927776] (motor_interfaces) StdoutLine: {'line': b'-- Install configuration: ""\n'}
[0.929356] (motor_interfaces) StdoutLine: {'line': b'-- Up-to-date: /home/selqie/buoyancy/install/motor_interfaces/share/ament_index/resource_index/rosidl_interfaces/motor_interfaces\n'}
[0.929507] (motor_interfaces) StdoutLine: {'line': b'-- Up-to-date: /home/selqie/buoyancy/install/motor_interfaces/share/motor_interfaces/msg/MotorState.json\n'}
[0.929620] (motor_interfaces) StdoutLine: {'line': b'-- Up-to-date: /home/selqie/buoyancy/install/motor_interfaces/include/motor_interfaces/motor_interfaces\n'}
[0.929711] (motor_interfaces) StdoutLine: {'line': b'-- Up-to-date: /home/selqie/buoyancy/install/motor_interfaces/include/motor_interfaces/motor_interfaces/msg\n'}
[0.929800] (motor_interfaces) StdoutLine: {'line': b'-- Up-to-date: /home/selqie/buoyancy/install/motor_interfaces/include/motor_interfaces/motor_interfaces/msg/motor_state.h\n'}
[0.929897] (motor_interfaces) StdoutLine: {'line': b'-- Up-to-date: /home/selqie/buoyancy/install/motor_interfaces/include/motor_interfaces/motor_interfaces/msg/detail\n'}
[0.929987] (motor_interfaces) StdoutLine: {'line': b'-- Up-to-date: /home/selqie/buoyancy/install/motor_interfaces/include/motor_interfaces/motor_interfaces/msg/detail/motor_state__functions.c\n'}
[0.930078] (motor_interfaces) StdoutLine: {'line': b'-- Installing: /home/selqie/buoyancy/install/motor_interfaces/include/motor_interfaces/motor_interfaces/msg/detail/motor_state__type_support.c\n'}
[0.930206] (bno08x_driver) StdoutLine: {'line': b'-- Up-to-date: /home/selqie/buoyancy/install/bno08x_driver/share/bno08x_driver/cmake/bno08x_driverConfig.cmake\n'}
[0.930314] (bno08x_driver) StdoutLine: {'line': b'-- Up-to-date: /home/selqie/buoyancy/install/bno08x_driver/share/bno08x_driver/cmake/bno08x_driverConfig-version.cmake\n'}
[0.930412] (bno08x_driver) StdoutLine: {'line': b'-- Up-to-date: /home/selqie/buoyancy/install/bno08x_driver/share/bno08x_driver/package.xml\n'}
[0.930514] (motor_interfaces) StdoutLine: {'line': b'-- Up-to-date: /home/selqie/buoyancy/install/motor_interfaces/include/motor_interfaces/motor_interfaces/msg/detail/motor_state__description.c\n'}
[0.930639] (motor_interfaces) StdoutLine: {'line': b'-- Up-to-date: /home/selqie/buoyancy/install/motor_interfaces/include/motor_interfaces/motor_interfaces/msg/detail/motor_state__struct.h\n'}
[0.930748] (motor_interfaces) StdoutLine: {'line': b'-- Up-to-date: /home/selqie/buoyancy/install/motor_interfaces/include/motor_interfaces/motor_interfaces/msg/detail/motor_state__type_support.h\n'}
[0.930866] (motor_interfaces) StdoutLine: {'line': b'-- Up-to-date: /home/selqie/buoyancy/install/motor_interfaces/include/motor_interfaces/motor_interfaces/msg/detail/motor_state__functions.h\n'}
[0.930956] (motor_interfaces) StdoutLine: {'line': b'-- Up-to-date: /home/selqie/buoyancy/install/motor_interfaces/include/motor_interfaces/motor_interfaces/msg/rosidl_generator_c__visibility_control.h\n'}
[0.931041] (motor_interfaces) StdoutLine: {'line': b'-- Up-to-date: /home/selqie/buoyancy/install/motor_interfaces/share/motor_interfaces/environment/library_path.sh\n'}
[0.931166] (motor_interfaces) StdoutLine: {'line': b'-- Up-to-date: /home/selqie/buoyancy/install/motor_interfaces/share/motor_interfaces/environment/library_path.dsv\n'}
[0.931260] (motor_interfaces) StdoutLine: {'line': b'-- Up-to-date: /home/selqie/buoyancy/install/motor_interfaces/lib/libmotor_interfaces__rosidl_generator_c.so\n'}
[0.931356] (motor_interfaces) StdoutLine: {'line': b'-- Up-to-date: /home/selqie/buoyancy/install/motor_interfaces/include/motor_interfaces/motor_interfaces\n'}
[0.931446] (motor_interfaces) StdoutLine: {'line': b'-- Up-to-date: /home/selqie/buoyancy/install/motor_interfaces/include/motor_interfaces/motor_interfaces/msg\n'}
[0.931531] (motor_interfaces) StdoutLine: {'line': b'-- Up-to-date: /home/selqie/buoyancy/install/motor_interfaces/include/motor_interfaces/motor_interfaces/msg/rosidl_typesupport_fastrtps_c__visibility_control.h\n'}
[0.931620] (motor_interfaces) StdoutLine: {'line': b'-- Up-to-date: /home/selqie/buoyancy/install/motor_interfaces/include/motor_interfaces/motor_interfaces/msg/detail\n'}
[0.931711] (motor_interfaces) StdoutLine: {'line': b'-- Up-to-date: /home/selqie/buoyancy/install/motor_interfaces/include/motor_interfaces/motor_interfaces/msg/detail/motor_state__rosidl_typesupport_fastrtps_c.h\n'}
[0.931789] (motor_interfaces) StdoutLine: {'line': b'-- Up-to-date: /home/selqie/buoyancy/install/motor_interfaces/lib/libmotor_interfaces__rosidl_typesupport_fastrtps_c.so\n'}
[0.931893] (motor_interfaces) StdoutLine: {'line': b'-- Up-to-date: /home/selqie/buoyancy/install/motor_interfaces/include/motor_interfaces/motor_interfaces\n'}
[0.931979] (motor_interfaces) StdoutLine: {'line': b'-- Up-to-date: /home/selqie/buoyancy/install/motor_interfaces/include/motor_interfaces/motor_interfaces/msg\n'}
[0.932061] (motor_interfaces) StdoutLine: {'line': b'-- Up-to-date: /home/selqie/buoyancy/install/motor_interfaces/include/motor_interfaces/motor_interfaces/msg/detail\n'}
[0.936458] (motor_interfaces) StdoutLine: {'line': b'-- Installing: /home/selqie/buoyancy/install/motor_interfaces/include/motor_interfaces/motor_interfaces/msg/detail/motor_state__type_support.c\n'}
[0.936603] (motor_interfaces) StdoutLine: {'line': b'-- Up-to-date: /home/selqie/buoyancy/install/motor_interfaces/include/motor_interfaces/motor_interfaces/msg/detail/motor_state__rosidl_typesupport_introspection_c.h\n'}
[0.936708] (motor_interfaces) StdoutLine: {'line': b'-- Up-to-date: /home/selqie/buoyancy/install/motor_interfaces/include/motor_interfaces/motor_interfaces/msg/rosidl_typesupport_introspection_c__visibility_control.h\n'}
[0.936804] (motor_interfaces) StdoutLine: {'line': b'-- Up-to-date: /home/selqie/buoyancy/install/motor_interfaces/lib/libmotor_interfaces__rosidl_typesupport_introspection_c.so\n'}
[0.936924] (motor_interfaces) StdoutLine: {'line': b'-- Up-to-date: /home/selqie/buoyancy/install/motor_interfaces/lib/libmotor_interfaces__rosidl_typesupport_c.so\n'}
[0.937035] (motor_interfaces) StdoutLine: {'line': b'-- Up-to-date: /home/selqie/buoyancy/install/motor_interfaces/include/motor_interfaces/motor_interfaces\n'}
[0.937225] (motor_interfaces) StdoutLine: {'line': b'-- Up-to-date: /home/selqie/buoyancy/install/motor_interfaces/include/motor_interfaces/motor_interfaces/msg\n'}
[0.937345] (motor_interfaces) StdoutLine: {'line': b'-- Up-to-date: /home/selqie/buoyancy/install/motor_interfaces/include/motor_interfaces/motor_interfaces/msg/detail\n'}
[0.937447] (motor_interfaces) StdoutLine: {'line': b'-- Up-to-date: /home/selqie/buoyancy/install/motor_interfaces/include/motor_interfaces/motor_interfaces/msg/detail/motor_state__traits.hpp\n'}
[0.937552] (motor_interfaces) StdoutLine: {'line': b'-- Up-to-date: /home/selqie/buoyancy/install/motor_interfaces/include/motor_interfaces/motor_interfaces/msg/detail/motor_state__type_support.hpp\n'}
[0.937655] (motor_interfaces) StdoutLine: {'line': b'-- Up-to-date: /home/selqie/buoyancy/install/motor_interfaces/include/motor_interfaces/motor_interfaces/msg/detail/motor_state__builder.hpp\n'}
[0.937748] (motor_interfaces) StdoutLine: {'line': b'-- Up-to-date: /home/selqie/buoyancy/install/motor_interfaces/include/motor_interfaces/motor_interfaces/msg/detail/motor_state__struct.hpp\n'}
[0.937832] (motor_interfaces) StdoutLine: {'line': b'-- Up-to-date: /home/selqie/buoyancy/install/motor_interfaces/include/motor_interfaces/motor_interfaces/msg/motor_state.hpp\n'}
[0.937921] (motor_interfaces) StdoutLine: {'line': b'-- Up-to-date: /home/selqie/buoyancy/install/motor_interfaces/include/motor_interfaces/motor_interfaces/msg/rosidl_generator_cpp__visibility_control.hpp\n'}
[0.938040] (motor_interfaces) StdoutLine: {'line': b'-- Up-to-date: /home/selqie/buoyancy/install/motor_interfaces/include/motor_interfaces/motor_interfaces\n'}
[0.938190] (motor_interfaces) StdoutLine: {'line': b'-- Up-to-date: /home/selqie/buoyancy/install/motor_interfaces/include/motor_interfaces/motor_interfaces/msg\n'}
[0.938303] (motor_interfaces) StdoutLine: {'line': b'-- Up-to-date: /home/selqie/buoyancy/install/motor_interfaces/include/motor_interfaces/motor_interfaces/msg/detail\n'}
[0.938406] (motor_interfaces) StdoutLine: {'line': b'-- Up-to-date: /home/selqie/buoyancy/install/motor_interfaces/include/motor_interfaces/motor_interfaces/msg/detail/motor_state__rosidl_typesupport_fastrtps_cpp.hpp\n'}
[0.938504] (motor_interfaces) StdoutLine: {'line': b'-- Up-to-date: /home/selqie/buoyancy/install/motor_interfaces/include/motor_interfaces/motor_interfaces/msg/detail/dds_fastrtps\n'}
[0.938595] (motor_interfaces) StdoutLine: {'line': b'-- Up-to-date: /home/selqie/buoyancy/install/motor_interfaces/include/motor_interfaces/motor_interfaces/msg/rosidl_typesupport_fastrtps_cpp__visibility_control.h\n'}
[0.938687] (motor_interfaces) StdoutLine: {'line': b'-- Up-to-date: /home/selqie/buoyancy/install/motor_interfaces/lib/libmotor_interfaces__rosidl_typesupport_fastrtps_cpp.so\n'}
[0.938779] (motor_interfaces) StdoutLine: {'line': b'-- Up-to-date: /home/selqie/buoyancy/install/motor_interfaces/include/motor_interfaces/motor_interfaces\n'}
[0.938879] (motor_interfaces) StdoutLine: {'line': b'-- Up-to-date: /home/selqie/buoyancy/install/motor_interfaces/include/motor_interfaces/motor_interfaces/msg\n'}
[0.938983] (motor_interfaces) StdoutLine: {'line': b'-- Up-to-date: /home/selqie/buoyancy/install/motor_interfaces/include/motor_interfaces/motor_interfaces/msg/detail\n'}
[0.939178] (motor_interfaces) StdoutLine: {'line': b'-- Up-to-date: /home/selqie/buoyancy/install/motor_interfaces/include/motor_interfaces/motor_interfaces/msg/detail/motor_state__rosidl_typesupport_introspection_cpp.hpp\n'}
[0.942695] (motor_interfaces) StdoutLine: {'line': b'-- Up-to-date: /home/selqie/buoyancy/install/motor_interfaces/include/motor_interfaces/motor_interfaces/msg/detail/motor_state__type_support.cpp\n'}
[0.942808] (motor_interfaces) StdoutLine: {'line': b'-- Up-to-date: /home/selqie/buoyancy/install/motor_interfaces/lib/libmotor_interfaces__rosidl_typesupport_introspection_cpp.so\n'}
[0.942916] (motor_interfaces) StdoutLine: {'line': b'-- Up-to-date: /home/selqie/buoyancy/install/motor_interfaces/lib/libmotor_interfaces__rosidl_typesupport_cpp.so\n'}
[0.943039] (motor_interfaces) StdoutLine: {'line': b'-- Up-to-date: /home/selqie/buoyancy/install/motor_interfaces/share/motor_interfaces/environment/pythonpath.sh\n'}
[0.943199] (motor_interfaces) StdoutLine: {'line': b'-- Up-to-date: /home/selqie/buoyancy/install/motor_interfaces/share/motor_interfaces/environment/pythonpath.dsv\n'}
[0.943322] (motor_interfaces) StdoutLine: {'line': b'-- Up-to-date: /home/selqie/buoyancy/install/motor_interfaces/lib/python3.12/site-packages/motor_interfaces-0.0.0-py3.12.egg-info\n'}
[0.943419] (motor_interfaces) StdoutLine: {'line': b'-- Installing: /home/selqie/buoyancy/install/motor_interfaces/lib/python3.12/site-packages/motor_interfaces-0.0.0-py3.12.egg-info/dependency_links.txt\n'}
[0.943510] (motor_interfaces) StdoutLine: {'line': b'-- Installing: /home/selqie/buoyancy/install/motor_interfaces/lib/python3.12/site-packages/motor_interfaces-0.0.0-py3.12.egg-info/PKG-INFO\n'}
[0.943604] (motor_interfaces) StdoutLine: {'line': b'-- Installing: /home/selqie/buoyancy/install/motor_interfaces/lib/python3.12/site-packages/motor_interfaces-0.0.0-py3.12.egg-info/top_level.txt\n'}
[0.943691] (motor_interfaces) StdoutLine: {'line': b'-- Installing: /home/selqie/buoyancy/install/motor_interfaces/lib/python3.12/site-packages/motor_interfaces-0.0.0-py3.12.egg-info/SOURCES.txt\n'}
[0.943773] (motor_interfaces) StdoutLine: {'line': b'-- Up-to-date: /home/selqie/buoyancy/install/motor_interfaces/lib/python3.12/site-packages/motor_interfaces\n'}
[0.943852] (motor_interfaces) StdoutLine: {'line': b'-- Up-to-date: /home/selqie/buoyancy/install/motor_interfaces/lib/python3.12/site-packages/motor_interfaces/_motor_interfaces_s.ep.rosidl_typesupport_introspection_c.c\n'}
[0.943934] (motor_interfaces) StdoutLine: {'line': b'-- Up-to-date: /home/selqie/buoyancy/install/motor_interfaces/lib/python3.12/site-packages/motor_interfaces/motor_interfaces_s__rosidl_typesupport_fastrtps_c.so\n'}
[0.944035] (motor_interfaces) StdoutLine: {'line': b'-- Up-to-date: /home/selqie/buoyancy/install/motor_interfaces/lib/python3.12/site-packages/motor_interfaces/msg\n'}
[0.947427] (motor_interfaces) StdoutLine: {'line': b'-- Up-to-date: /home/selqie/buoyancy/install/motor_interfaces/lib/python3.12/site-packages/motor_interfaces/msg/_motor_state.py\n'}
[0.947629] (motor_interfaces) StdoutLine: {'line': b'-- Up-to-date: /home/selqie/buoyancy/install/motor_interfaces/lib/python3.12/site-packages/motor_interfaces/msg/_motor_state_s.c\n'}
[0.947728] (motor_interfaces) StdoutLine: {'line': b'-- Up-to-date: /home/selqie/buoyancy/install/motor_interfaces/lib/python3.12/site-packages/motor_interfaces/msg/__init__.py\n'}
[0.947812] (motor_interfaces) StdoutLine: {'line': b'-- Up-to-date: /home/selqie/buoyancy/install/motor_interfaces/lib/python3.12/site-packages/motor_interfaces/motor_interfaces_s__rosidl_typesupport_introspection_c.so\n'}
[0.947916] (motor_interfaces) StdoutLine: {'line': b'-- Up-to-date: /home/selqie/buoyancy/install/motor_interfaces/lib/python3.12/site-packages/motor_interfaces/__init__.py\n'}
[0.948010] (motor_interfaces) StdoutLine: {'line': b'-- Up-to-date: /home/selqie/buoyancy/install/motor_interfaces/lib/python3.12/site-packages/motor_interfaces/motor_interfaces_s__rosidl_typesupport_c.so\n'}
[0.948149] (motor_interfaces) StdoutLine: {'line': b'-- Up-to-date: /home/selqie/buoyancy/install/motor_interfaces/lib/python3.12/site-packages/motor_interfaces/_motor_interfaces_s.ep.rosidl_typesupport_fastrtps_c.c\n'}
[0.948263] (motor_interfaces) StdoutLine: {'line': b'-- Up-to-date: /home/selqie/buoyancy/install/motor_interfaces/lib/python3.12/site-packages/motor_interfaces/_motor_interfaces_s.ep.rosidl_typesupport_c.c\n'}
[0.948356] (bno08x_driver) CommandEnded: {'returncode': 0}
[0.984601] (bno08x_driver) JobEnded: {'identifier': 'bno08x_driver', 'rc': 0}
[0.988687] (ms5837_bar_ros) JobStarted: {'identifier': 'ms5837_bar_ros'}
[1.003715] (-) TimerEvent: {}
[1.013319] (motor_interfaces) StdoutLine: {'line': b"Listing '/home/selqie/buoyancy/install/motor_interfaces/lib/python3.12/site-packages/motor_interfaces'...\n"}
[1.013784] (motor_interfaces) StdoutLine: {'line': b"Listing '/home/selqie/buoyancy/install/motor_interfaces/lib/python3.12/site-packages/motor_interfaces/msg'...\n"}
[1.038073] (motor_interfaces) StdoutLine: {'line': b'-- Up-to-date: /home/selqie/buoyancy/install/motor_interfaces/lib/python3.12/site-packages/motor_interfaces/motor_interfaces_s__rosidl_typesupport_fastrtps_c.so\n'}
[1.038631] (motor_interfaces) StdoutLine: {'line': b'-- Up-to-date: /home/selqie/buoyancy/install/motor_interfaces/lib/python3.12/site-packages/motor_interfaces/motor_interfaces_s__rosidl_typesupport_introspection_c.so\n'}
[1.039176] (motor_interfaces) StdoutLine: {'line': b'-- Up-to-date: /home/selqie/buoyancy/install/motor_interfaces/lib/python3.12/site-packages/motor_interfaces/motor_interfaces_s__rosidl_typesupport_c.so\n'}
[1.039996] (motor_interfaces) StdoutLine: {'line': b'-- Up-to-date: /home/selqie/buoyancy/install/motor_interfaces/lib/libmotor_interfaces__rosidl_generator_py.so\n'}
[1.040356] (motor_interfaces) StdoutLine: {'line': b'-- Up-to-date: /home/selqie/buoyancy/install/motor_interfaces/share/motor_interfaces/msg/MotorState.idl\n'}
[1.040503] (motor_interfaces) StdoutLine: {'line': b'-- Up-to-date: /home/selqie/buoyancy/install/motor_interfaces/share/motor_interfaces/msg/MotorState.msg\n'}
[1.040626] (motor_interfaces) StdoutLine: {'line': b'-- Up-to-date: /home/selqie/buoyancy/install/motor_interfaces/share/ament_index/resource_index/package_run_dependencies/motor_interfaces\n'}
[1.040751] (motor_interfaces) StdoutLine: {'line': b'-- Up-to-date: /home/selqie/buoyancy/install/motor_interfaces/share/ament_index/resource_index/parent_prefix_path/motor_interfaces\n'}
[1.040933] (motor_interfaces) StdoutLine: {'line': b'-- Up-to-date: /home/selqie/buoyancy/install/motor_interfaces/share/motor_interfaces/environment/ament_prefix_path.sh\n'}
[1.041049] (motor_interfaces) StdoutLine: {'line': b'-- Up-to-date: /home/selqie/buoyancy/install/motor_interfaces/share/motor_interfaces/environment/ament_prefix_path.dsv\n'}
[1.041213] (motor_interfaces) StdoutLine: {'line': b'-- Up-to-date: /home/selqie/buoyancy/install/motor_interfaces/share/motor_interfaces/environment/path.sh\n'}
[1.041317] (motor_interfaces) StdoutLine: {'line': b'-- Up-to-date: /home/selqie/buoyancy/install/motor_interfaces/share/motor_interfaces/environment/path.dsv\n'}
[1.041433] (motor_interfaces) StdoutLine: {'line': b'-- Up-to-date: /home/selqie/buoyancy/install/motor_interfaces/share/motor_interfaces/local_setup.bash\n'}
[1.041543] (motor_interfaces) StdoutLine: {'line': b'-- Up-to-date: /home/selqie/buoyancy/install/motor_interfaces/share/motor_interfaces/local_setup.sh\n'}
[1.041715] (motor_interfaces) StdoutLine: {'line': b'-- Up-to-date: /home/selqie/buoyancy/install/motor_interfaces/share/motor_interfaces/local_setup.zsh\n'}
[1.041811] (motor_interfaces) StdoutLine: {'line': b'-- Up-to-date: /home/selqie/buoyancy/install/motor_interfaces/share/motor_interfaces/local_setup.dsv\n'}
[1.042499] (motor_interfaces) StdoutLine: {'line': b'-- Installing: /home/selqie/buoyancy/install/motor_interfaces/share/motor_interfaces/package.dsv\n'}
[1.042999] (motor_interfaces) StdoutLine: {'line': b'-- Up-to-date: /home/selqie/buoyancy/install/motor_interfaces/share/ament_index/resource_index/packages/motor_interfaces\n'}
[1.043867] (motor_interfaces) StdoutLine: {'line': b'-- Up-to-date: /home/selqie/buoyancy/install/motor_interfaces/share/motor_interfaces/cmake/export_motor_interfaces__rosidl_generator_cExport.cmake\n'}
[1.044078] (motor_interfaces) StdoutLine: {'line': b'-- Up-to-date: /home/selqie/buoyancy/install/motor_interfaces/share/motor_interfaces/cmake/export_motor_interfaces__rosidl_generator_cExport-noconfig.cmake\n'}
[1.044218] (motor_interfaces) StdoutLine: {'line': b'-- Up-to-date: /home/selqie/buoyancy/install/motor_interfaces/share/motor_interfaces/cmake/export_motor_interfaces__rosidl_typesupport_fastrtps_cExport.cmake\n'}
[1.044330] (motor_interfaces) StdoutLine: {'line': b'-- Up-to-date: /home/selqie/buoyancy/install/motor_interfaces/share/motor_interfaces/cmake/export_motor_interfaces__rosidl_typesupport_fastrtps_cExport-noconfig.cmake\n'}
[1.044455] (motor_interfaces) StdoutLine: {'line': b'-- Up-to-date: /home/selqie/buoyancy/install/motor_interfaces/share/motor_interfaces/cmake/motor_interfaces__rosidl_typesupport_introspection_cExport.cmake\n'}
[1.044550] (motor_interfaces) StdoutLine: {'line': b'-- Up-to-date: /home/selqie/buoyancy/install/motor_interfaces/share/motor_interfaces/cmake/motor_interfaces__rosidl_typesupport_introspection_cExport-noconfig.cmake\n'}
[1.044651] (motor_interfaces) StdoutLine: {'line': b'-- Up-to-date: /home/selqie/buoyancy/install/motor_interfaces/share/motor_interfaces/cmake/motor_interfaces__rosidl_typesupport_cExport.cmake\n'}
[1.044749] (motor_interfaces) StdoutLine: {'line': b'-- Up-to-date: /home/selqie/buoyancy/install/motor_interfaces/share/motor_interfaces/cmake/motor_interfaces__rosidl_typesupport_cExport-noconfig.cmake\n'}
[1.044848] (motor_interfaces) StdoutLine: {'line': b'-- Up-to-date: /home/selqie/buoyancy/install/motor_interfaces/share/motor_interfaces/cmake/export_motor_interfaces__rosidl_generator_cppExport.cmake\n'}
[1.044946] (motor_interfaces) StdoutLine: {'line': b'-- Up-to-date: /home/selqie/buoyancy/install/motor_interfaces/share/motor_interfaces/cmake/export_motor_interfaces__rosidl_typesupport_fastrtps_cppExport.cmake\n'}
[1.045043] (motor_interfaces) StdoutLine: {'line': b'-- Up-to-date: /home/selqie/buoyancy/install/motor_interfaces/share/motor_interfaces/cmake/export_motor_interfaces__rosidl_typesupport_fastrtps_cppExport-noconfig.cmake\n'}
[1.045181] (motor_interfaces) StdoutLine: {'line': b'-- Up-to-date: /home/selqie/buoyancy/install/motor_interfaces/share/motor_interfaces/cmake/motor_interfaces__rosidl_typesupport_introspection_cppExport.cmake\n'}
[1.045288] (motor_interfaces) StdoutLine: {'line': b'-- Up-to-date: /home/selqie/buoyancy/install/motor_interfaces/share/motor_interfaces/cmake/motor_interfaces__rosidl_typesupport_introspection_cppExport-noconfig.cmake\n'}
[1.045375] (motor_interfaces) StdoutLine: {'line': b'-- Up-to-date: /home/selqie/buoyancy/install/motor_interfaces/share/motor_interfaces/cmake/motor_interfaces__rosidl_typesupport_cppExport.cmake\n'}
[1.045462] (motor_interfaces) StdoutLine: {'line': b'-- Up-to-date: /home/selqie/buoyancy/install/motor_interfaces/share/motor_interfaces/cmake/motor_interfaces__rosidl_typesupport_cppExport-noconfig.cmake\n'}
[1.045550] (motor_interfaces) StdoutLine: {'line': b'-- Up-to-date: /home/selqie/buoyancy/install/motor_interfaces/share/motor_interfaces/cmake/export_motor_interfaces__rosidl_generator_pyExport.cmake\n'}
[1.048367] (motor_interfaces) StdoutLine: {'line': b'-- Up-to-date: /home/selqie/buoyancy/install/motor_interfaces/share/motor_interfaces/cmake/export_motor_interfaces__rosidl_generator_pyExport-noconfig.cmake\n'}
[1.048617] (motor_interfaces) StdoutLine: {'line': b'-- Up-to-date: /home/selqie/buoyancy/install/motor_interfaces/share/motor_interfaces/cmake/rosidl_cmake-extras.cmake\n'}
[1.048757] (motor_interfaces) StdoutLine: {'line': b'-- Up-to-date: /home/selqie/buoyancy/install/motor_interfaces/share/motor_interfaces/cmake/ament_cmake_export_include_directories-extras.cmake\n'}
[1.048870] (motor_interfaces) StdoutLine: {'line': b'-- Up-to-date: /home/selqie/buoyancy/install/motor_interfaces/share/motor_interfaces/cmake/ament_cmake_export_libraries-extras.cmake\n'}
[1.048961] (motor_interfaces) StdoutLine: {'line': b'-- Up-to-date: /home/selqie/buoyancy/install/motor_interfaces/share/motor_interfaces/cmake/ament_cmake_export_targets-extras.cmake\n'}
[1.049041] (motor_interfaces) StdoutLine: {'line': b'-- Up-to-date: /home/selqie/buoyancy/install/motor_interfaces/share/motor_interfaces/cmake/rosidl_cmake_export_typesupport_targets-extras.cmake\n'}
[1.049195] (motor_interfaces) StdoutLine: {'line': b'-- Up-to-date: /home/selqie/buoyancy/install/motor_interfaces/share/motor_interfaces/cmake/ament_cmake_export_dependencies-extras.cmake\n'}
[1.049287] (motor_interfaces) StdoutLine: {'line': b'-- Up-to-date: /home/selqie/buoyancy/install/motor_interfaces/share/motor_interfaces/cmake/rosidl_cmake_export_typesupport_libraries-extras.cmake\n'}
[1.049381] (motor_interfaces) StdoutLine: {'line': b'-- Up-to-date: /home/selqie/buoyancy/install/motor_interfaces/share/motor_interfaces/cmake/motor_interfacesConfig.cmake\n'}
[1.049472] (motor_interfaces) StdoutLine: {'line': b'-- Up-to-date: /home/selqie/buoyancy/install/motor_interfaces/share/motor_interfaces/cmake/motor_interfacesConfig-version.cmake\n'}
[1.049577] (motor_interfaces) StdoutLine: {'line': b'-- Up-to-date: /home/selqie/buoyancy/install/motor_interfaces/share/motor_interfaces/package.xml\n'}
[1.103802] (-) TimerEvent: {}
[1.204175] (-) TimerEvent: {}
[1.304564] (-) TimerEvent: {}
[1.373790] (motor_interfaces) CommandEnded: {'returncode': 0}
[1.404726] (-) TimerEvent: {}
[1.416623] (motor_interfaces) JobEnded: {'identifier': 'motor_interfaces', 'rc': 0}
[1.420993] (sensing_bringup) JobStarted: {'identifier': 'sensing_bringup'}
[1.432282] (sensing_bringup) JobProgress: {'identifier': 'sensing_bringup', 'progress': 'cmake'}
[1.432414] (sensing_bringup) JobProgress: {'identifier': 'sensing_bringup', 'progress': 'build'}
[1.432451] (sensing_bringup) Command: {'cmd': ['/usr/bin/cmake', '--build', '/home/selqie/buoyancy/build/sensing_bringup', '--', '-j4', '-l4'], 'cwd': '/home/selqie/buoyancy/build/sensing_bringup', 'env': OrderedDict({'LESSOPEN': '| /usr/bin/lesspipe %s', 'USER': 'selqie', 'SSH_CLIENT': '192.168.1.109 51669 22', 'XDG_SESSION_TYPE': 'tty', 'SHLVL': '1', 'LD_LIBRARY_PATH': '/home/selqie/buoyancy/install/motor_interfaces/lib:/opt/ros/jazzy/lib/aarch64-linux-gnu:/opt/ros/jazzy/lib', 'HOME': '/home/selqie', 'OLDPWD': '/home/selqie', 'SSH_TTY': '/dev/pts/6', 'ROS_PYTHON_VERSION': '3', 'DBUS_SESSION_BUS_ADDRESS': 'unix:path=/run/user/1000/bus', 'COLCON_PREFIX_PATH': '/home/selqie/buoyancy/install', 'ROS_DISTRO': 'jazzy', 'LOGNAME': 'selqie', '_': '/usr/bin/colcon', 'ROS_VERSION': '2', 'XDG_SESSION_CLASS': 'user', 'TERM': 'xterm-256color', 'XDG_SESSION_ID': '1', 'PATH': '/home/selqie/.local/bin:/opt/ros/jazzy/bin:/usr/local/sbin:/usr/local/bin:/usr/sbin:/usr/bin:/sbin:/bin:/usr/games:/usr/local/games:/snap/bin', 'XDG_RUNTIME_DIR': '/run/user/1000', 'LANG': 'C.UTF-8', 'LS_COLORS': 'rs=0:di=01;34:ln=01;36:mh=00:pi=40;33:so=01;35:do=01;35:bd=40;33;01:cd=40;33;01:or=40;31;01:mi=00:su=37;41:sg=30;43:ca=00:tw=30;42:ow=34;42:st=37;44:ex=01;32:*.tar=01;31:*.tgz=01;31:*.arc=01;31:*.arj=01;31:*.taz=01;31:*.lha=01;31:*.lz4=01;31:*.lzh=01;31:*.lzma=01;31:*.tlz=01;31:*.txz=01;31:*.tzo=01;31:*.t7z=01;31:*.zip=01;31:*.z=01;31:*.dz=01;31:*.gz=01;31:*.lrz=01;31:*.lz=01;31:*.lzo=01;31:*.xz=01;31:*.zst=01;31:*.tzst=01;31:*.bz2=01;31:*.bz=01;31:*.tbz=01;31:*.tbz2=01;31:*.tz=01;31:*.deb=01;31:*.rpm=01;31:*.jar=01;31:*.war=01;31:*.ear=01;31:*.sar=01;31:*.rar=01;31:*.alz=01;31:*.ace=01;31:*.zoo=01;31:*.cpio=01;31:*.7z=01;31:*.rz=01;31:*.cab=01;31:*.wim=01;31:*.swm=01;31:*.dwm=01;31:*.esd=01;31:*.avif=01;35:*.jpg=01;35:*.jpeg=01;35:*.mjpg=01;35:*.mjpeg=01;35:*.gif=01;35:*.bmp=01;35:*.pbm=01;35:*.pgm=01;35:*.ppm=01;35:*.tga=01;35:*.xbm=01;35:*.xpm=01;35:*.tif=01;35:*.tiff=01;35:*.png=01;35:*.svg=01;35:*.svgz=01;35:*.mng=01;35:*.pcx=01;35:*.mov=01;35:*.mpg=01;35:*.mpeg=01;35:*.m2v=01;35:*.mkv=01;35:*.webm=01;35:*.webp=01;35:*.ogm=01;35:*.mp4=01;35:*.m4v=01;35:*.mp4v=01;35:*.vob=01;35:*.qt=01;35:*.nuv=01;35:*.wmv=01;35:*.asf=01;35:*.rm=01;35:*.rmvb=01;35:*.flc=01;35:*.avi=01;35:*.fli=01;35:*.flv=01;35:*.gl=01;35:*.dl=01;35:*.xcf=01;35:*.xwd=01;35:*.yuv=01;35:*.cgm=01;35:*.emf=01;35:*.ogv=01;35:*.ogx=01;35:*.aac=00;36:*.au=00;36:*.flac=00;36:*.m4a=00;36:*.mid=00;36:*.midi=00;36:*.mka=00;36:*.mp3=00;36:*.mpc=00;36:*.ogg=00;36:*.ra=00;36:*.wav=00;36:*.oga=00;36:*.opus=00;36:*.spx=00;36:*.xspf=00;36:*~=00;90:*#=00;90:*.bak=00;90:*.crdownload=00;90:*.dpkg-dist=00;90:*.dpkg-new=00;90:*.dpkg-old=00;90:*.dpkg-tmp=00;90:*.old=00;90:*.orig=00;90:*.part=00;90:*.rej=00;90:*.rpmnew=00;90:*.rpmorig=00;90:*.rpmsave=00;90:*.swp=00;90:*.tmp=00;90:*.ucf-dist=00;90:*.ucf-new=00;90:*.ucf-old=00;90:', 'AMENT_PREFIX_PATH': '/home/selqie/buoyancy/install/water_sensors:/home/selqie/buoyancy/install/servo:/home/selqie/buoyancy/install/sensing_bringup:/home/selqie/buoyancy/install/ms5837_bar_ros:/home/selqie/buoyancy/install/buoy_control:/home/selqie/buoyancy/install/motor_interfaces:/home/selqie/buoyancy/install/led:/home/selqie/buoyancy/install/bno08x_driver:/home/selqie/buoyancy/install/battery:/opt/ros/jazzy', 'SHELL': '/bin/bash', 'LESSCLOSE': '/usr/bin/lesspipe %s %s', 'ROS_AUTOMATIC_DISCOVERY_RANGE': 'SUBNET', 'PWD': '/home/selqie/buoyancy/build/sensing_bringup', 'SSH_CONNECTION': '192.168.1.109 51669 192.168.1.160 22', 'XDG_DATA_DIRS': '/usr/local/share:/usr/share:/var/lib/snapd/desktop', 'PYTHONPATH': '/home/selqie/buoyancy/install/water_sensors/lib/python3.12/site-packages:/home/selqie/buoyancy/install/servo/lib/python3.12/site-packages:/home/selqie/buoyancy/install/ms5837_bar_ros/lib/python3.12/site-packages:/home/selqie/buoyancy/install/buoy_control/lib/python3.12/site-packages:/home/selqie/buoyancy/install/motor_interfaces/lib/python3.12/site-packages:/home/selqie/buoyancy/install/led/lib/python3.12/site-packages:/home/selqie/buoyancy/install/battery/lib/python3.12/site-packages:/opt/ros/jazzy/lib/python3.12/site-packages', 'COLCON': '1', 'CMAKE_PREFIX_PATH': '/home/selqie/buoyancy/install/sensing_bringup:/home/selqie/buoyancy/install/motor_interfaces:/home/selqie/buoyancy/install/bno08x_driver:/home/selqie/buoyancy/install/water_sensors:/home/selqie/buoyancy/install/servo:/home/selqie/buoyancy/install/ms5837_bar_ros:/home/selqie/buoyancy/install/buoy_control:/home/selqie/buoyancy/install/led:/home/selqie/buoyancy/install/battery:/opt/ros/jazzy'}), 'shell': False}
[1.504863] (-) TimerEvent: {}
[1.515299] (sensing_bringup) CommandEnded: {'returncode': 0}
[1.516125] (sensing_bringup) JobProgress: {'identifier': 'sensing_bringup', 'progress': 'install'}
[1.516439] (sensing_bringup) Command: {'cmd': ['/usr/bin/cmake', '--install', '/home/selqie/buoyancy/build/sensing_bringup'], 'cwd': '/home/selqie/buoyancy/build/sensing_bringup', 'env': OrderedDict({'LESSOPEN': '| /usr/bin/lesspipe %s', 'USER': 'selqie', 'SSH_CLIENT': '192.168.1.109 51669 22', 'XDG_SESSION_TYPE': 'tty', 'SHLVL': '1', 'LD_LIBRARY_PATH': '/home/selqie/buoyancy/install/motor_interfaces/lib:/opt/ros/jazzy/lib/aarch64-linux-gnu:/opt/ros/jazzy/lib', 'HOME': '/home/selqie', 'OLDPWD': '/home/selqie', 'SSH_TTY': '/dev/pts/6', 'ROS_PYTHON_VERSION': '3', 'DBUS_SESSION_BUS_ADDRESS': 'unix:path=/run/user/1000/bus', 'COLCON_PREFIX_PATH': '/home/selqie/buoyancy/install', 'ROS_DISTRO': 'jazzy', 'LOGNAME': 'selqie', '_': '/usr/bin/colcon', 'ROS_VERSION': '2', 'XDG_SESSION_CLASS': 'user', 'TERM': 'xterm-256color', 'XDG_SESSION_ID': '1', 'PATH': '/home/selqie/.local/bin:/opt/ros/jazzy/bin:/usr/local/sbin:/usr/local/bin:/usr/sbin:/usr/bin:/sbin:/bin:/usr/games:/usr/local/games:/snap/bin', 'XDG_RUNTIME_DIR': '/run/user/1000', 'LANG': 'C.UTF-8', 'LS_COLORS': 'rs=0:di=01;34:ln=01;36:mh=00:pi=40;33:so=01;35:do=01;35:bd=40;33;01:cd=40;33;01:or=40;31;01:mi=00:su=37;41:sg=30;43:ca=00:tw=30;42:ow=34;42:st=37;44:ex=01;32:*.tar=01;31:*.tgz=01;31:*.arc=01;31:*.arj=01;31:*.taz=01;31:*.lha=01;31:*.lz4=01;31:*.lzh=01;31:*.lzma=01;31:*.tlz=01;31:*.txz=01;31:*.tzo=01;31:*.t7z=01;31:*.zip=01;31:*.z=01;31:*.dz=01;31:*.gz=01;31:*.lrz=01;31:*.lz=01;31:*.lzo=01;31:*.xz=01;31:*.zst=01;31:*.tzst=01;31:*.bz2=01;31:*.bz=01;31:*.tbz=01;31:*.tbz2=01;31:*.tz=01;31:*.deb=01;31:*.rpm=01;31:*.jar=01;31:*.war=01;31:*.ear=01;31:*.sar=01;31:*.rar=01;31:*.alz=01;31:*.ace=01;31:*.zoo=01;31:*.cpio=01;31:*.7z=01;31:*.rz=01;31:*.cab=01;31:*.wim=01;31:*.swm=01;31:*.dwm=01;31:*.esd=01;31:*.avif=01;35:*.jpg=01;35:*.jpeg=01;35:*.mjpg=01;35:*.mjpeg=01;35:*.gif=01;35:*.bmp=01;35:*.pbm=01;35:*.pgm=01;35:*.ppm=01;35:*.tga=01;35:*.xbm=01;35:*.xpm=01;35:*.tif=01;35:*.tiff=01;35:*.png=01;35:*.svg=01;35:*.svgz=01;35:*.mng=01;35:*.pcx=01;35:*.mov=01;35:*.mpg=01;35:*.mpeg=01;35:*.m2v=01;35:*.mkv=01;35:*.webm=01;35:*.webp=01;35:*.ogm=01;35:*.mp4=01;35:*.m4v=01;35:*.mp4v=01;35:*.vob=01;35:*.qt=01;35:*.nuv=01;35:*.wmv=01;35:*.asf=01;35:*.rm=01;35:*.rmvb=01;35:*.flc=01;35:*.avi=01;35:*.fli=01;35:*.flv=01;35:*.gl=01;35:*.dl=01;35:*.xcf=01;35:*.xwd=01;35:*.yuv=01;35:*.cgm=01;35:*.emf=01;35:*.ogv=01;35:*.ogx=01;35:*.aac=00;36:*.au=00;36:*.flac=00;36:*.m4a=00;36:*.mid=00;36:*.midi=00;36:*.mka=00;36:*.mp3=00;36:*.mpc=00;36:*.ogg=00;36:*.ra=00;36:*.wav=00;36:*.oga=00;36:*.opus=00;36:*.spx=00;36:*.xspf=00;36:*~=00;90:*#=00;90:*.bak=00;90:*.crdownload=00;90:*.dpkg-dist=00;90:*.dpkg-new=00;90:*.dpkg-old=00;90:*.dpkg-tmp=00;90:*.old=00;90:*.orig=00;90:*.part=00;90:*.rej=00;90:*.rpmnew=00;90:*.rpmorig=00;90:*.rpmsave=00;90:*.swp=00;90:*.tmp=00;90:*.ucf-dist=00;90:*.ucf-new=00;90:*.ucf-old=00;90:', 'AMENT_PREFIX_PATH': '/home/selqie/buoyancy/install/water_sensors:/home/selqie/buoyancy/install/servo:/home/selqie/buoyancy/install/sensing_bringup:/home/selqie/buoyancy/install/ms5837_bar_ros:/home/selqie/buoyancy/install/buoy_control:/home/selqie/buoyancy/install/motor_interfaces:/home/selqie/buoyancy/install/led:/home/selqie/buoyancy/install/bno08x_driver:/home/selqie/buoyancy/install/battery:/opt/ros/jazzy', 'SHELL': '/bin/bash', 'LESSCLOSE': '/usr/bin/lesspipe %s %s', 'ROS_AUTOMATIC_DISCOVERY_RANGE': 'SUBNET', 'PWD': '/home/selqie/buoyancy/build/sensing_bringup', 'SSH_CONNECTION': '192.168.1.109 51669 192.168.1.160 22', 'XDG_DATA_DIRS': '/usr/local/share:/usr/share:/var/lib/snapd/desktop', 'PYTHONPATH': '/home/selqie/buoyancy/install/water_sensors/lib/python3.12/site-packages:/home/selqie/buoyancy/install/servo/lib/python3.12/site-packages:/home/selqie/buoyancy/install/ms5837_bar_ros/lib/python3.12/site-packages:/home/selqie/buoyancy/install/buoy_control/lib/python3.12/site-packages:/home/selqie/buoyancy/install/motor_interfaces/lib/python3.12/site-packages:/home/selqie/buoyancy/install/led/lib/python3.12/site-packages:/home/selqie/buoyancy/install/battery/lib/python3.12/site-packages:/opt/ros/jazzy/lib/python3.12/site-packages', 'COLCON': '1', 'CMAKE_PREFIX_PATH': '/home/selqie/buoyancy/install/sensing_bringup:/home/selqie/buoyancy/install/motor_interfaces:/home/selqie/buoyancy/install/bno08x_driver:/home/selqie/buoyancy/install/water_sensors:/home/selqie/buoyancy/install/servo:/home/selqie/buoyancy/install/ms5837_bar_ros:/home/selqie/buoyancy/install/buoy_control:/home/selqie/buoyancy/install/led:/home/selqie/buoyancy/install/battery:/opt/ros/jazzy'}), 'shell': False}
[1.533971] (sensing_bringup) StdoutLine: {'line': b'-- Install configuration: ""\n'}
[1.534591] (sensing_bringup) StdoutLine: {'line': b'-- Up-to-date: /home/selqie/buoyancy/install/sensing_bringup/share/sensing_bringup/launch\n'}
[1.534968] (sensing_bringup) StdoutLine: {'line': b'-- Up-to-date: /home/selqie/buoyancy/install/sensing_bringup/share/sensing_bringup/launch/bar30.launch.py\n'}
[1.535213] (sensing_bringup) StdoutLine: {'line': b'-- Up-to-date: /home/selqie/buoyancy/install/sensing_bringup/share/sensing_bringup/launch/imu.launch.py\n'}
[1.535537] (sensing_bringup) StdoutLine: {'line': b'-- Up-to-date: /home/selqie/buoyancy/install/sensing_bringup/share/ament_index/resource_index/package_run_dependencies/sensing_bringup\n'}
[1.535966] (sensing_bringup) StdoutLine: {'line': b'-- Up-to-date: /home/selqie/buoyancy/install/sensing_bringup/share/ament_index/resource_index/parent_prefix_path/sensing_bringup\n'}
[1.536160] (sensing_bringup) StdoutLine: {'line': b'-- Up-to-date: /home/selqie/buoyancy/install/sensing_bringup/share/sensing_bringup/environment/ament_prefix_path.sh\n'}
[1.536630] (sensing_bringup) StdoutLine: {'line': b'-- Up-to-date: /home/selqie/buoyancy/install/sensing_bringup/share/sensing_bringup/environment/ament_prefix_path.dsv\n'}
[1.536825] (sensing_bringup) StdoutLine: {'line': b'-- Up-to-date: /home/selqie/buoyancy/install/sensing_bringup/share/sensing_bringup/environment/path.sh\n'}
[1.537272] (sensing_bringup) StdoutLine: {'line': b'-- Up-to-date: /home/selqie/buoyancy/install/sensing_bringup/share/sensing_bringup/environment/path.dsv\n'}
[1.537627] (sensing_bringup) StdoutLine: {'line': b'-- Up-to-date: /home/selqie/buoyancy/install/sensing_bringup/share/sensing_bringup/local_setup.bash\n'}
[1.537775] (sensing_bringup) StdoutLine: {'line': b'-- Up-to-date: /home/selqie/buoyancy/install/sensing_bringup/share/sensing_bringup/local_setup.sh\n'}
[1.538333] (sensing_bringup) StdoutLine: {'line': b'-- Up-to-date: /home/selqie/buoyancy/install/sensing_bringup/share/sensing_bringup/local_setup.zsh\n'}
[1.538494] (sensing_bringup) StdoutLine: {'line': b'-- Up-to-date: /home/selqie/buoyancy/install/sensing_bringup/share/sensing_bringup/local_setup.dsv\n'}
[1.538585] (sensing_bringup) StdoutLine: {'line': b'-- Installing: /home/selqie/buoyancy/install/sensing_bringup/share/sensing_bringup/package.dsv\n'}
[1.540168] (sensing_bringup) StdoutLine: {'line': b'-- Up-to-date: /home/selqie/buoyancy/install/sensing_bringup/share/ament_index/resource_index/packages/sensing_bringup\n'}
[1.540398] (sensing_bringup) StdoutLine: {'line': b'-- Up-to-date: /home/selqie/buoyancy/install/sensing_bringup/share/sensing_bringup/cmake/sensing_bringupConfig.cmake\n'}
[1.540486] (sensing_bringup) StdoutLine: {'line': b'-- Up-to-date: /home/selqie/buoyancy/install/sensing_bringup/share/sensing_bringup/cmake/sensing_bringupConfig-version.cmake\n'}
[1.540572] (sensing_bringup) StdoutLine: {'line': b'-- Up-to-date: /home/selqie/buoyancy/install/sensing_bringup/share/sensing_bringup/package.xml\n'}
[1.546197] (sensing_bringup) CommandEnded: {'returncode': 0}
[1.568594] (sensing_bringup) JobEnded: {'identifier': 'sensing_bringup', 'rc': 0}
[1.569879] (water_sensors) JobStarted: {'identifier': 'water_sensors'}
[1.604993] (-) TimerEvent: {}
[1.705529] (-) TimerEvent: {}
[1.807497] (-) TimerEvent: {}
[1.909442] (-) TimerEvent: {}
[2.011356] (-) TimerEvent: {}
[2.029734] (battery) Command: {'cmd': ['/usr/bin/python3', '-W', 'ignore:setup.py install is deprecated', '-W', 'ignore:easy_install command is deprecated', 'setup.py', 'egg_info', '--egg-base', '../build/battery', 'build', '--build-base', '/home/selqie/buoyancy/build/battery/build', 'install', '--record', '/home/selqie/buoyancy/build/battery/install.log', '--single-version-externally-managed', 'install_data'], 'cwd': '/home/selqie/buoyancy/battery', 'env': {'LESSOPEN': '| /usr/bin/lesspipe %s', 'USER': 'selqie', 'SSH_CLIENT': '192.168.1.109 51669 22', 'XDG_SESSION_TYPE': 'tty', 'SHLVL': '1', 'LD_LIBRARY_PATH': '/home/selqie/buoyancy/install/motor_interfaces/lib:/opt/ros/jazzy/lib/aarch64-linux-gnu:/opt/ros/jazzy/lib', 'HOME': '/home/selqie', 'OLDPWD': '/home/selqie', 'SSH_TTY': '/dev/pts/6', 'ROS_PYTHON_VERSION': '3', 'DBUS_SESSION_BUS_ADDRESS': 'unix:path=/run/user/1000/bus', 'COLCON_PREFIX_PATH': '/home/selqie/buoyancy/install', 'ROS_DISTRO': 'jazzy', 'LOGNAME': 'selqie', '_': '/usr/bin/colcon', 'ROS_VERSION': '2', 'XDG_SESSION_CLASS': 'user', 'TERM': 'xterm-256color', 'XDG_SESSION_ID': '1', 'PATH': '/home/selqie/.local/bin:/opt/ros/jazzy/bin:/usr/local/sbin:/usr/local/bin:/usr/sbin:/usr/bin:/sbin:/bin:/usr/games:/usr/local/games:/snap/bin', 'XDG_RUNTIME_DIR': '/run/user/1000', 'LANG': 'C.UTF-8', 'LS_COLORS': 'rs=0:di=01;34:ln=01;36:mh=00:pi=40;33:so=01;35:do=01;35:bd=40;33;01:cd=40;33;01:or=40;31;01:mi=00:su=37;41:sg=30;43:ca=00:tw=30;42:ow=34;42:st=37;44:ex=01;32:*.tar=01;31:*.tgz=01;31:*.arc=01;31:*.arj=01;31:*.taz=01;31:*.lha=01;31:*.lz4=01;31:*.lzh=01;31:*.lzma=01;31:*.tlz=01;31:*.txz=01;31:*.tzo=01;31:*.t7z=01;31:*.zip=01;31:*.z=01;31:*.dz=01;31:*.gz=01;31:*.lrz=01;31:*.lz=01;31:*.lzo=01;31:*.xz=01;31:*.zst=01;31:*.tzst=01;31:*.bz2=01;31:*.bz=01;31:*.tbz=01;31:*.tbz2=01;31:*.tz=01;31:*.deb=01;31:*.rpm=01;31:*.jar=01;31:*.war=01;31:*.ear=01;31:*.sar=01;31:*.rar=01;31:*.alz=01;31:*.ace=01;31:*.zoo=01;31:*.cpio=01;31:*.7z=01;31:*.rz=01;31:*.cab=01;31:*.wim=01;31:*.swm=01;31:*.dwm=01;31:*.esd=01;31:*.avif=01;35:*.jpg=01;35:*.jpeg=01;35:*.mjpg=01;35:*.mjpeg=01;35:*.gif=01;35:*.bmp=01;35:*.pbm=01;35:*.pgm=01;35:*.ppm=01;35:*.tga=01;35:*.xbm=01;35:*.xpm=01;35:*.tif=01;35:*.tiff=01;35:*.png=01;35:*.svg=01;35:*.svgz=01;35:*.mng=01;35:*.pcx=01;35:*.mov=01;35:*.mpg=01;35:*.mpeg=01;35:*.m2v=01;35:*.mkv=01;35:*.webm=01;35:*.webp=01;35:*.ogm=01;35:*.mp4=01;35:*.m4v=01;35:*.mp4v=01;35:*.vob=01;35:*.qt=01;35:*.nuv=01;35:*.wmv=01;35:*.asf=01;35:*.rm=01;35:*.rmvb=01;35:*.flc=01;35:*.avi=01;35:*.fli=01;35:*.flv=01;35:*.gl=01;35:*.dl=01;35:*.xcf=01;35:*.xwd=01;35:*.yuv=01;35:*.cgm=01;35:*.emf=01;35:*.ogv=01;35:*.ogx=01;35:*.aac=00;36:*.au=00;36:*.flac=00;36:*.m4a=00;36:*.mid=00;36:*.midi=00;36:*.mka=00;36:*.mp3=00;36:*.mpc=00;36:*.ogg=00;36:*.ra=00;36:*.wav=00;36:*.oga=00;36:*.opus=00;36:*.spx=00;36:*.xspf=00;36:*~=00;90:*#=00;90:*.bak=00;90:*.crdownload=00;90:*.dpkg-dist=00;90:*.dpkg-new=00;90:*.dpkg-old=00;90:*.dpkg-tmp=00;90:*.old=00;90:*.orig=00;90:*.part=00;90:*.rej=00;90:*.rpmnew=00;90:*.rpmorig=00;90:*.rpmsave=00;90:*.swp=00;90:*.tmp=00;90:*.ucf-dist=00;90:*.ucf-new=00;90:*.ucf-old=00;90:', 'AMENT_PREFIX_PATH': '/home/selqie/buoyancy/install/water_sensors:/home/selqie/buoyancy/install/servo:/home/selqie/buoyancy/install/sensing_bringup:/home/selqie/buoyancy/install/ms5837_bar_ros:/home/selqie/buoyancy/install/buoy_control:/home/selqie/buoyancy/install/motor_interfaces:/home/selqie/buoyancy/install/led:/home/selqie/buoyancy/install/bno08x_driver:/home/selqie/buoyancy/install/battery:/opt/ros/jazzy', 'SHELL': '/bin/bash', 'LESSCLOSE': '/usr/bin/lesspipe %s %s', 'ROS_AUTOMATIC_DISCOVERY_RANGE': 'SUBNET', 'PWD': '/home/selqie/buoyancy/build/battery', 'SSH_CONNECTION': '192.168.1.109 51669 192.168.1.160 22', 'XDG_DATA_DIRS': '/usr/local/share:/usr/share:/var/lib/snapd/desktop', 'PYTHONPATH': '/home/selqie/buoyancy/build/battery/prefix_override:/usr/lib/python3/dist-packages/colcon_core/task/python/colcon_distutils_commands:/home/selqie/buoyancy/install/battery/lib/python3.12/site-packages:/home/selqie/buoyancy/install/water_sensors/lib/python3.12/site-packages:/home/selqie/buoyancy/install/servo/lib/python3.12/site-packages:/home/selqie/buoyancy/install/ms5837_bar_ros/lib/python3.12/site-packages:/home/selqie/buoyancy/install/buoy_control/lib/python3.12/site-packages:/home/selqie/buoyancy/install/motor_interfaces/lib/python3.12/site-packages:/home/selqie/buoyancy/install/led/lib/python3.12/site-packages:/home/selqie/buoyancy/install/battery/lib/python3.12/site-packages:/opt/ros/jazzy/lib/python3.12/site-packages', 'COLCON': '1', 'CMAKE_PREFIX_PATH': '/home/selqie/buoyancy/install/sensing_bringup:/home/selqie/buoyancy/install/motor_interfaces:/home/selqie/buoyancy/install/bno08x_driver'}, 'shell': False}
[2.034290] (led) Command: {'cmd': ['/usr/bin/python3', '-W', 'ignore:setup.py install is deprecated', '-W', 'ignore:easy_install command is deprecated', 'setup.py', 'egg_info', '--egg-base', '../build/led', 'build', '--build-base', '/home/selqie/buoyancy/build/led/build', 'install', '--record', '/home/selqie/buoyancy/build/led/install.log', '--single-version-externally-managed', 'install_data'], 'cwd': '/home/selqie/buoyancy/led', 'env': {'LESSOPEN': '| /usr/bin/lesspipe %s', 'USER': 'selqie', 'SSH_CLIENT': '192.168.1.109 51669 22', 'XDG_SESSION_TYPE': 'tty', 'SHLVL': '1', 'LD_LIBRARY_PATH': '/home/selqie/buoyancy/install/motor_interfaces/lib:/opt/ros/jazzy/lib/aarch64-linux-gnu:/opt/ros/jazzy/lib', 'HOME': '/home/selqie', 'OLDPWD': '/home/selqie', 'SSH_TTY': '/dev/pts/6', 'ROS_PYTHON_VERSION': '3', 'DBUS_SESSION_BUS_ADDRESS': 'unix:path=/run/user/1000/bus', 'COLCON_PREFIX_PATH': '/home/selqie/buoyancy/install', 'ROS_DISTRO': 'jazzy', 'LOGNAME': 'selqie', '_': '/usr/bin/colcon', 'ROS_VERSION': '2', 'XDG_SESSION_CLASS': 'user', 'TERM': 'xterm-256color', 'XDG_SESSION_ID': '1', 'PATH': '/home/selqie/.local/bin:/opt/ros/jazzy/bin:/usr/local/sbin:/usr/local/bin:/usr/sbin:/usr/bin:/sbin:/bin:/usr/games:/usr/local/games:/snap/bin', 'XDG_RUNTIME_DIR': '/run/user/1000', 'LANG': 'C.UTF-8', 'LS_COLORS': 'rs=0:di=01;34:ln=01;36:mh=00:pi=40;33:so=01;35:do=01;35:bd=40;33;01:cd=40;33;01:or=40;31;01:mi=00:su=37;41:sg=30;43:ca=00:tw=30;42:ow=34;42:st=37;44:ex=01;32:*.tar=01;31:*.tgz=01;31:*.arc=01;31:*.arj=01;31:*.taz=01;31:*.lha=01;31:*.lz4=01;31:*.lzh=01;31:*.lzma=01;31:*.tlz=01;31:*.txz=01;31:*.tzo=01;31:*.t7z=01;31:*.zip=01;31:*.z=01;31:*.dz=01;31:*.gz=01;31:*.lrz=01;31:*.lz=01;31:*.lzo=01;31:*.xz=01;31:*.zst=01;31:*.tzst=01;31:*.bz2=01;31:*.bz=01;31:*.tbz=01;31:*.tbz2=01;31:*.tz=01;31:*.deb=01;31:*.rpm=01;31:*.jar=01;31:*.war=01;31:*.ear=01;31:*.sar=01;31:*.rar=01;31:*.alz=01;31:*.ace=01;31:*.zoo=01;31:*.cpio=01;31:*.7z=01;31:*.rz=01;31:*.cab=01;31:*.wim=01;31:*.swm=01;31:*.dwm=01;31:*.esd=01;31:*.avif=01;35:*.jpg=01;35:*.jpeg=01;35:*.mjpg=01;35:*.mjpeg=01;35:*.gif=01;35:*.bmp=01;35:*.pbm=01;35:*.pgm=01;35:*.ppm=01;35:*.tga=01;35:*.xbm=01;35:*.xpm=01;35:*.tif=01;35:*.tiff=01;35:*.png=01;35:*.svg=01;35:*.svgz=01;35:*.mng=01;35:*.pcx=01;35:*.mov=01;35:*.mpg=01;35:*.mpeg=01;35:*.m2v=01;35:*.mkv=01;35:*.webm=01;35:*.webp=01;35:*.ogm=01;35:*.mp4=01;35:*.m4v=01;35:*.mp4v=01;35:*.vob=01;35:*.qt=01;35:*.nuv=01;35:*.wmv=01;35:*.asf=01;35:*.rm=01;35:*.rmvb=01;35:*.flc=01;35:*.avi=01;35:*.fli=01;35:*.flv=01;35:*.gl=01;35:*.dl=01;35:*.xcf=01;35:*.xwd=01;35:*.yuv=01;35:*.cgm=01;35:*.emf=01;35:*.ogv=01;35:*.ogx=01;35:*.aac=00;36:*.au=00;36:*.flac=00;36:*.m4a=00;36:*.mid=00;36:*.midi=00;36:*.mka=00;36:*.mp3=00;36:*.mpc=00;36:*.ogg=00;36:*.ra=00;36:*.wav=00;36:*.oga=00;36:*.opus=00;36:*.spx=00;36:*.xspf=00;36:*~=00;90:*#=00;90:*.bak=00;90:*.crdownload=00;90:*.dpkg-dist=00;90:*.dpkg-new=00;90:*.dpkg-old=00;90:*.dpkg-tmp=00;90:*.old=00;90:*.orig=00;90:*.part=00;90:*.rej=00;90:*.rpmnew=00;90:*.rpmorig=00;90:*.rpmsave=00;90:*.swp=00;90:*.tmp=00;90:*.ucf-dist=00;90:*.ucf-new=00;90:*.ucf-old=00;90:', 'AMENT_PREFIX_PATH': '/home/selqie/buoyancy/install/water_sensors:/home/selqie/buoyancy/install/servo:/home/selqie/buoyancy/install/sensing_bringup:/home/selqie/buoyancy/install/ms5837_bar_ros:/home/selqie/buoyancy/install/buoy_control:/home/selqie/buoyancy/install/motor_interfaces:/home/selqie/buoyancy/install/led:/home/selqie/buoyancy/install/bno08x_driver:/home/selqie/buoyancy/install/battery:/opt/ros/jazzy', 'SHELL': '/bin/bash', 'LESSCLOSE': '/usr/bin/lesspipe %s %s', 'ROS_AUTOMATIC_DISCOVERY_RANGE': 'SUBNET', 'PWD': '/home/selqie/buoyancy/build/led', 'SSH_CONNECTION': '192.168.1.109 51669 192.168.1.160 22', 'XDG_DATA_DIRS': '/usr/local/share:/usr/share:/var/lib/snapd/desktop', 'PYTHONPATH': '/home/selqie/buoyancy/build/led/prefix_override:/usr/lib/python3/dist-packages/colcon_core/task/python/colcon_distutils_commands:/home/selqie/buoyancy/install/led/lib/python3.12/site-packages:/home/selqie/buoyancy/install/water_sensors/lib/python3.12/site-packages:/home/selqie/buoyancy/install/servo/lib/python3.12/site-packages:/home/selqie/buoyancy/install/ms5837_bar_ros/lib/python3.12/site-packages:/home/selqie/buoyancy/install/buoy_control/lib/python3.12/site-packages:/home/selqie/buoyancy/install/motor_interfaces/lib/python3.12/site-packages:/home/selqie/buoyancy/install/led/lib/python3.12/site-packages:/home/selqie/buoyancy/install/battery/lib/python3.12/site-packages:/opt/ros/jazzy/lib/python3.12/site-packages', 'COLCON': '1', 'CMAKE_PREFIX_PATH': '/home/selqie/buoyancy/install/sensing_bringup:/home/selqie/buoyancy/install/motor_interfaces:/home/selqie/buoyancy/install/bno08x_driver'}, 'shell': False}
[2.113212] (-) TimerEvent: {}
[2.213649] (-) TimerEvent: {}
[2.314178] (-) TimerEvent: {}
[2.414800] (-) TimerEvent: {}
[2.484197] (battery) StdoutLine: {'line': b'running egg_info\n'}
[2.485710] (led) StdoutLine: {'line': b'running egg_info\n'}
[2.498252] (ms5837_bar_ros) Command: {'cmd': ['/usr/bin/python3', '-W', 'ignore:setup.py install is deprecated', '-W', 'ignore:easy_install command is deprecated', 'setup.py', 'egg_info', '--egg-base', '../../build/ms5837_bar_ros', 'build', '--build-base', '/home/selqie/buoyancy/build/ms5837_bar_ros/build', 'install', '--record', '/home/selqie/buoyancy/build/ms5837_bar_ros/install.log', '--single-version-externally-managed', 'install_data'], 'cwd': '/home/selqie/buoyancy/sensing/ms5837_bar_ros', 'env': {'LESSOPEN': '| /usr/bin/lesspipe %s', 'USER': 'selqie', 'SSH_CLIENT': '192.168.1.109 51669 22', 'XDG_SESSION_TYPE': 'tty', 'SHLVL': '1', 'LD_LIBRARY_PATH': '/home/selqie/buoyancy/install/motor_interfaces/lib:/opt/ros/jazzy/lib/aarch64-linux-gnu:/opt/ros/jazzy/lib', 'HOME': '/home/selqie', 'OLDPWD': '/home/selqie', 'SSH_TTY': '/dev/pts/6', 'ROS_PYTHON_VERSION': '3', 'DBUS_SESSION_BUS_ADDRESS': 'unix:path=/run/user/1000/bus', 'COLCON_PREFIX_PATH': '/home/selqie/buoyancy/install', 'ROS_DISTRO': 'jazzy', 'LOGNAME': 'selqie', '_': '/usr/bin/colcon', 'ROS_VERSION': '2', 'XDG_SESSION_CLASS': 'user', 'TERM': 'xterm-256color', 'XDG_SESSION_ID': '1', 'PATH': '/home/selqie/.local/bin:/opt/ros/jazzy/bin:/usr/local/sbin:/usr/local/bin:/usr/sbin:/usr/bin:/sbin:/bin:/usr/games:/usr/local/games:/snap/bin', 'XDG_RUNTIME_DIR': '/run/user/1000', 'LANG': 'C.UTF-8', 'LS_COLORS': 'rs=0:di=01;34:ln=01;36:mh=00:pi=40;33:so=01;35:do=01;35:bd=40;33;01:cd=40;33;01:or=40;31;01:mi=00:su=37;41:sg=30;43:ca=00:tw=30;42:ow=34;42:st=37;44:ex=01;32:*.tar=01;31:*.tgz=01;31:*.arc=01;31:*.arj=01;31:*.taz=01;31:*.lha=01;31:*.lz4=01;31:*.lzh=01;31:*.lzma=01;31:*.tlz=01;31:*.txz=01;31:*.tzo=01;31:*.t7z=01;31:*.zip=01;31:*.z=01;31:*.dz=01;31:*.gz=01;31:*.lrz=01;31:*.lz=01;31:*.lzo=01;31:*.xz=01;31:*.zst=01;31:*.tzst=01;31:*.bz2=01;31:*.bz=01;31:*.tbz=01;31:*.tbz2=01;31:*.tz=01;31:*.deb=01;31:*.rpm=01;31:*.jar=01;31:*.war=01;31:*.ear=01;31:*.sar=01;31:*.rar=01;31:*.alz=01;31:*.ace=01;31:*.zoo=01;31:*.cpio=01;31:*.7z=01;31:*.rz=01;31:*.cab=01;31:*.wim=01;31:*.swm=01;31:*.dwm=01;31:*.esd=01;31:*.avif=01;35:*.jpg=01;35:*.jpeg=01;35:*.mjpg=01;35:*.mjpeg=01;35:*.gif=01;35:*.bmp=01;35:*.pbm=01;35:*.pgm=01;35:*.ppm=01;35:*.tga=01;35:*.xbm=01;35:*.xpm=01;35:*.tif=01;35:*.tiff=01;35:*.png=01;35:*.svg=01;35:*.svgz=01;35:*.mng=01;35:*.pcx=01;35:*.mov=01;35:*.mpg=01;35:*.mpeg=01;35:*.m2v=01;35:*.mkv=01;35:*.webm=01;35:*.webp=01;35:*.ogm=01;35:*.mp4=01;35:*.m4v=01;35:*.mp4v=01;35:*.vob=01;35:*.qt=01;35:*.nuv=01;35:*.wmv=01;35:*.asf=01;35:*.rm=01;35:*.rmvb=01;35:*.flc=01;35:*.avi=01;35:*.fli=01;35:*.flv=01;35:*.gl=01;35:*.dl=01;35:*.xcf=01;35:*.xwd=01;35:*.yuv=01;35:*.cgm=01;35:*.emf=01;35:*.ogv=01;35:*.ogx=01;35:*.aac=00;36:*.au=00;36:*.flac=00;36:*.m4a=00;36:*.mid=00;36:*.midi=00;36:*.mka=00;36:*.mp3=00;36:*.mpc=00;36:*.ogg=00;36:*.ra=00;36:*.wav=00;36:*.oga=00;36:*.opus=00;36:*.spx=00;36:*.xspf=00;36:*~=00;90:*#=00;90:*.bak=00;90:*.crdownload=00;90:*.dpkg-dist=00;90:*.dpkg-new=00;90:*.dpkg-old=00;90:*.dpkg-tmp=00;90:*.old=00;90:*.orig=00;90:*.part=00;90:*.rej=00;90:*.rpmnew=00;90:*.rpmorig=00;90:*.rpmsave=00;90:*.swp=00;90:*.tmp=00;90:*.ucf-dist=00;90:*.ucf-new=00;90:*.ucf-old=00;90:', 'AMENT_PREFIX_PATH': '/home/selqie/buoyancy/install/water_sensors:/home/selqie/buoyancy/install/servo:/home/selqie/buoyancy/install/sensing_bringup:/home/selqie/buoyancy/install/ms5837_bar_ros:/home/selqie/buoyancy/install/buoy_control:/home/selqie/buoyancy/install/motor_interfaces:/home/selqie/buoyancy/install/led:/home/selqie/buoyancy/install/bno08x_driver:/home/selqie/buoyancy/install/battery:/opt/ros/jazzy', 'SHELL': '/bin/bash', 'LESSCLOSE': '/usr/bin/lesspipe %s %s', 'ROS_AUTOMATIC_DISCOVERY_RANGE': 'SUBNET', 'PWD': '/home/selqie/buoyancy/build/ms5837_bar_ros', 'SSH_CONNECTION': '192.168.1.109 51669 192.168.1.160 22', 'XDG_DATA_DIRS': '/usr/local/share:/usr/share:/var/lib/snapd/desktop', 'PYTHONPATH': '/home/selqie/buoyancy/build/ms5837_bar_ros/prefix_override:/usr/lib/python3/dist-packages/colcon_core/task/python/colcon_distutils_commands:/home/selqie/buoyancy/install/ms5837_bar_ros/lib/python3.12/site-packages:/home/selqie/buoyancy/install/water_sensors/lib/python3.12/site-packages:/home/selqie/buoyancy/install/servo/lib/python3.12/site-packages:/home/selqie/buoyancy/install/ms5837_bar_ros/lib/python3.12/site-packages:/home/selqie/buoyancy/install/buoy_control/lib/python3.12/site-packages:/home/selqie/buoyancy/install/motor_interfaces/lib/python3.12/site-packages:/home/selqie/buoyancy/install/led/lib/python3.12/site-packages:/home/selqie/buoyancy/install/battery/lib/python3.12/site-packages:/opt/ros/jazzy/lib/python3.12/site-packages', 'COLCON': '1', 'CMAKE_PREFIX_PATH': '/home/selqie/buoyancy/install/sensing_bringup:/home/selqie/buoyancy/install/motor_interfaces:/home/selqie/buoyancy/install/bno08x_driver'}, 'shell': False}
[2.514215] (led) StdoutLine: {'line': b'writing ../build/led/led.egg-info/PKG-INFO\n'}
[2.514605] (led) StdoutLine: {'line': b'writing dependency_links to ../build/led/led.egg-info/dependency_links.txt\n'}
[2.514735] (battery) StdoutLine: {'line': b'writing ../build/battery/battery.egg-info/PKG-INFO\n'}
[2.514864] (-) TimerEvent: {}
[2.515305] (led) StdoutLine: {'line': b'writing entry points to ../build/led/led.egg-info/entry_points.txt\n'}
[2.515489] (led) StdoutLine: {'line': b'writing requirements to ../build/led/led.egg-info/requires.txt\n'}
[2.515588] (led) StdoutLine: {'line': b'writing top-level names to ../build/led/led.egg-info/top_level.txt\n'}
[2.517250] (battery) StdoutLine: {'line': b'writing dependency_links to ../build/battery/battery.egg-info/dependency_links.txt\n'}
[2.518122] (battery) StdoutLine: {'line': b'writing entry points to ../build/battery/battery.egg-info/entry_points.txt\n'}
[2.518806] (battery) StdoutLine: {'line': b'writing requirements to ../build/battery/battery.egg-info/requires.txt\n'}
[2.519463] (battery) StdoutLine: {'line': b'writing top-level names to ../build/battery/battery.egg-info/top_level.txt\n'}
[2.569146] (led) StdoutLine: {'line': b"reading manifest file '../build/led/led.egg-info/SOURCES.txt'\n"}
[2.571297] (led) StdoutLine: {'line': b"writing manifest file '../build/led/led.egg-info/SOURCES.txt'\n"}
[2.572087] (led) StdoutLine: {'line': b'running build\n'}
[2.573481] (led) StdoutLine: {'line': b'running build_py\n'}
[2.573945] (battery) StdoutLine: {'line': b"reading manifest file '../build/battery/battery.egg-info/SOURCES.txt'\n"}
[2.574556] (led) StdoutLine: {'line': b'running install\n'}
[2.575340] (battery) StdoutLine: {'line': b"writing manifest file '../build/battery/battery.egg-info/SOURCES.txt'\n"}
[2.575600] (battery) StdoutLine: {'line': b'running build\n'}
[2.575725] (battery) StdoutLine: {'line': b'running build_py\n'}
[2.576566] (battery) StdoutLine: {'line': b'running install\n'}
[2.588092] (led) StdoutLine: {'line': b'running install_lib\n'}
[2.588402] (battery) StdoutLine: {'line': b'running install_lib\n'}
[2.615032] (-) TimerEvent: {}
[2.616757] (led) StdoutLine: {'line': b'running install_data\n'}
[2.617165] (battery) StdoutLine: {'line': b'running install_data\n'}
[2.617303] (battery) StdoutLine: {'line': b'running install_egg_info\n'}
[2.617394] (led) StdoutLine: {'line': b'running install_egg_info\n'}
[2.646000] (battery) StdoutLine: {'line': b"removing '/home/selqie/buoyancy/install/battery/lib/python3.12/site-packages/battery-0.0.0-py3.12.egg-info' (and everything under it)\n"}
[2.646302] (led) StdoutLine: {'line': b"removing '/home/selqie/buoyancy/install/led/lib/python3.12/site-packages/led-0.0.4-py3.12.egg-info' (and everything under it)\n"}
[2.648000] (led) StdoutLine: {'line': b'Copying ../build/led/led.egg-info to /home/selqie/buoyancy/install/led/lib/python3.12/site-packages/led-0.0.4-py3.12.egg-info\n'}
[2.648223] (led) StdoutLine: {'line': b'running install_scripts\n'}
[2.648320] (battery) StdoutLine: {'line': b'Copying ../build/battery/battery.egg-info to /home/selqie/buoyancy/install/battery/lib/python3.12/site-packages/battery-0.0.0-py3.12.egg-info\n'}
[2.648426] (battery) StdoutLine: {'line': b'running install_scripts\n'}
[2.715160] (-) TimerEvent: {}
[2.815516] (-) TimerEvent: {}
[2.827010] (battery) StdoutLine: {'line': b'Installing tinybms_voltage_uart script to /home/selqie/buoyancy/install/battery/lib/battery\n'}
[2.827425] (led) StdoutLine: {'line': b'Installing led_node script to /home/selqie/buoyancy/install/led/lib/led\n'}
[2.827611] (led) StdoutLine: {'line': b'Installing led_tester script to /home/selqie/buoyancy/install/led/lib/led\n'}
[2.827952] (battery) StdoutLine: {'line': b"writing list of installed files to '/home/selqie/buoyancy/build/battery/install.log'\n"}
[2.831257] (led) StdoutLine: {'line': b'Installing rainbow_fade script to /home/selqie/buoyancy/install/led/lib/led\n'}
[2.835177] (led) StdoutLine: {'line': b'Installing ws2812b-set script to /home/selqie/buoyancy/install/led/lib/led\n'}
[2.835506] (led) StdoutLine: {'line': b"writing list of installed files to '/home/selqie/buoyancy/build/led/install.log'\n"}
[2.915719] (-) TimerEvent: {}
[2.945325] (ms5837_bar_ros) StdoutLine: {'line': b'running egg_info\n'}
[2.984283] (battery) CommandEnded: {'returncode': 0}
[2.998209] (ms5837_bar_ros) StdoutLine: {'line': b'writing ../../build/ms5837_bar_ros/ms5837_bar_ros.egg-info/PKG-INFO\n'}
[2.998938] (ms5837_bar_ros) StdoutLine: {'line': b'writing dependency_links to ../../build/ms5837_bar_ros/ms5837_bar_ros.egg-info/dependency_links.txt\n'}
[2.999926] (ms5837_bar_ros) StdoutLine: {'line': b'writing entry points to ../../build/ms5837_bar_ros/ms5837_bar_ros.egg-info/entry_points.txt\n'}
[3.000773] (battery) JobEnded: {'identifier': 'battery', 'rc': 0}
[3.003202] (buoy_control) JobStarted: {'identifier': 'buoy_control'}
[3.003416] (ms5837_bar_ros) StdoutLine: {'line': b'writing requirements to ../../build/ms5837_bar_ros/ms5837_bar_ros.egg-info/requires.txt\n'}
[3.003656] (ms5837_bar_ros) StdoutLine: {'line': b'writing top-level names to ../../build/ms5837_bar_ros/ms5837_bar_ros.egg-info/top_level.txt\n'}
[3.013725] (led) CommandEnded: {'returncode': 0}
[3.018175] (-) TimerEvent: {}
[3.030463] (led) JobEnded: {'identifier': 'led', 'rc': 0}
[3.032627] (servo) JobStarted: {'identifier': 'servo'}
[3.065943] (ms5837_bar_ros) StdoutLine: {'line': b"reading manifest file '../../build/ms5837_bar_ros/ms5837_bar_ros.egg-info/SOURCES.txt'\n"}
[3.066477] (ms5837_bar_ros) StdoutLine: {'line': b"adding license file 'LICENSE'\n"}
[3.067611] (ms5837_bar_ros) StdoutLine: {'line': b"writing manifest file '../../build/ms5837_bar_ros/ms5837_bar_ros.egg-info/SOURCES.txt'\n"}
[3.067954] (ms5837_bar_ros) StdoutLine: {'line': b'running build\n'}
[3.068191] (ms5837_bar_ros) StdoutLine: {'line': b'running build_py\n'}
[3.068883] (ms5837_bar_ros) StdoutLine: {'line': b'running install\n'}
[3.079942] (ms5837_bar_ros) StdoutLine: {'line': b'running install_lib\n'}
[3.107988] (ms5837_bar_ros) StdoutLine: {'line': b'running install_data\n'}
[3.108309] (ms5837_bar_ros) StdoutLine: {'line': b'running install_egg_info\n'}
[3.118246] (-) TimerEvent: {}
[3.133365] (ms5837_bar_ros) StdoutLine: {'line': b"removing '/home/selqie/buoyancy/install/ms5837_bar_ros/lib/python3.12/site-packages/ms5837_bar_ros-0.0.0-py3.12.egg-info' (and everything under it)\n"}
[3.133817] (ms5837_bar_ros) StdoutLine: {'line': b'Copying ../../build/ms5837_bar_ros/ms5837_bar_ros.egg-info to /home/selqie/buoyancy/install/ms5837_bar_ros/lib/python3.12/site-packages/ms5837_bar_ros-0.0.0-py3.12.egg-info\n'}
[3.135054] (ms5837_bar_ros) StdoutLine: {'line': b'running install_scripts\n'}
[3.218327] (-) TimerEvent: {}
[3.294502] (ms5837_bar_ros) StdoutLine: {'line': b'Installing bar02_node script to /home/selqie/buoyancy/install/ms5837_bar_ros/lib/ms5837_bar_ros\n'}
[3.294796] (ms5837_bar_ros) StdoutLine: {'line': b'Installing bar30_node script to /home/selqie/buoyancy/install/ms5837_bar_ros/lib/ms5837_bar_ros\n'}
[3.296351] (ms5837_bar_ros) StdoutLine: {'line': b"writing list of installed files to '/home/selqie/buoyancy/build/ms5837_bar_ros/install.log'\n"}
[3.318449] (-) TimerEvent: {}
[3.408080] (water_sensors) Command: {'cmd': ['/usr/bin/python3', '-W', 'ignore:setup.py install is deprecated', '-W', 'ignore:easy_install command is deprecated', 'setup.py', 'egg_info', '--egg-base', '../build/water_sensors', 'build', '--build-base', '/home/selqie/buoyancy/build/water_sensors/build', 'install', '--record', '/home/selqie/buoyancy/build/water_sensors/install.log', '--single-version-externally-managed', 'install_data'], 'cwd': '/home/selqie/buoyancy/water_sensors', 'env': {'LESSOPEN': '| /usr/bin/lesspipe %s', 'USER': 'selqie', 'SSH_CLIENT': '192.168.1.109 51669 22', 'XDG_SESSION_TYPE': 'tty', 'SHLVL': '1', 'LD_LIBRARY_PATH': '/home/selqie/buoyancy/install/motor_interfaces/lib:/opt/ros/jazzy/lib/aarch64-linux-gnu:/opt/ros/jazzy/lib', 'HOME': '/home/selqie', 'OLDPWD': '/home/selqie', 'SSH_TTY': '/dev/pts/6', 'ROS_PYTHON_VERSION': '3', 'DBUS_SESSION_BUS_ADDRESS': 'unix:path=/run/user/1000/bus', 'COLCON_PREFIX_PATH': '/home/selqie/buoyancy/install', 'ROS_DISTRO': 'jazzy', 'LOGNAME': 'selqie', '_': '/usr/bin/colcon', 'ROS_VERSION': '2', 'XDG_SESSION_CLASS': 'user', 'TERM': 'xterm-256color', 'XDG_SESSION_ID': '1', 'PATH': '/home/selqie/.local/bin:/opt/ros/jazzy/bin:/usr/local/sbin:/usr/local/bin:/usr/sbin:/usr/bin:/sbin:/bin:/usr/games:/usr/local/games:/snap/bin', 'XDG_RUNTIME_DIR': '/run/user/1000', 'LANG': 'C.UTF-8', 'LS_COLORS': 'rs=0:di=01;34:ln=01;36:mh=00:pi=40;33:so=01;35:do=01;35:bd=40;33;01:cd=40;33;01:or=40;31;01:mi=00:su=37;41:sg=30;43:ca=00:tw=30;42:ow=34;42:st=37;44:ex=01;32:*.tar=01;31:*.tgz=01;31:*.arc=01;31:*.arj=01;31:*.taz=01;31:*.lha=01;31:*.lz4=01;31:*.lzh=01;31:*.lzma=01;31:*.tlz=01;31:*.txz=01;31:*.tzo=01;31:*.t7z=01;31:*.zip=01;31:*.z=01;31:*.dz=01;31:*.gz=01;31:*.lrz=01;31:*.lz=01;31:*.lzo=01;31:*.xz=01;31:*.zst=01;31:*.tzst=01;31:*.bz2=01;31:*.bz=01;31:*.tbz=01;31:*.tbz2=01;31:*.tz=01;31:*.deb=01;31:*.rpm=01;31:*.jar=01;31:*.war=01;31:*.ear=01;31:*.sar=01;31:*.rar=01;31:*.alz=01;31:*.ace=01;31:*.zoo=01;31:*.cpio=01;31:*.7z=01;31:*.rz=01;31:*.cab=01;31:*.wim=01;31:*.swm=01;31:*.dwm=01;31:*.esd=01;31:*.avif=01;35:*.jpg=01;35:*.jpeg=01;35:*.mjpg=01;35:*.mjpeg=01;35:*.gif=01;35:*.bmp=01;35:*.pbm=01;35:*.pgm=01;35:*.ppm=01;35:*.tga=01;35:*.xbm=01;35:*.xpm=01;35:*.tif=01;35:*.tiff=01;35:*.png=01;35:*.svg=01;35:*.svgz=01;35:*.mng=01;35:*.pcx=01;35:*.mov=01;35:*.mpg=01;35:*.mpeg=01;35:*.m2v=01;35:*.mkv=01;35:*.webm=01;35:*.webp=01;35:*.ogm=01;35:*.mp4=01;35:*.m4v=01;35:*.mp4v=01;35:*.vob=01;35:*.qt=01;35:*.nuv=01;35:*.wmv=01;35:*.asf=01;35:*.rm=01;35:*.rmvb=01;35:*.flc=01;35:*.avi=01;35:*.fli=01;35:*.flv=01;35:*.gl=01;35:*.dl=01;35:*.xcf=01;35:*.xwd=01;35:*.yuv=01;35:*.cgm=01;35:*.emf=01;35:*.ogv=01;35:*.ogx=01;35:*.aac=00;36:*.au=00;36:*.flac=00;36:*.m4a=00;36:*.mid=00;36:*.midi=00;36:*.mka=00;36:*.mp3=00;36:*.mpc=00;36:*.ogg=00;36:*.ra=00;36:*.wav=00;36:*.oga=00;36:*.opus=00;36:*.spx=00;36:*.xspf=00;36:*~=00;90:*#=00;90:*.bak=00;90:*.crdownload=00;90:*.dpkg-dist=00;90:*.dpkg-new=00;90:*.dpkg-old=00;90:*.dpkg-tmp=00;90:*.old=00;90:*.orig=00;90:*.part=00;90:*.rej=00;90:*.rpmnew=00;90:*.rpmorig=00;90:*.rpmsave=00;90:*.swp=00;90:*.tmp=00;90:*.ucf-dist=00;90:*.ucf-new=00;90:*.ucf-old=00;90:', 'AMENT_PREFIX_PATH': '/home/selqie/buoyancy/install/water_sensors:/home/selqie/buoyancy/install/servo:/home/selqie/buoyancy/install/sensing_bringup:/home/selqie/buoyancy/install/ms5837_bar_ros:/home/selqie/buoyancy/install/buoy_control:/home/selqie/buoyancy/install/motor_interfaces:/home/selqie/buoyancy/install/led:/home/selqie/buoyancy/install/bno08x_driver:/home/selqie/buoyancy/install/battery:/opt/ros/jazzy', 'SHELL': '/bin/bash', 'LESSCLOSE': '/usr/bin/lesspipe %s %s', 'ROS_AUTOMATIC_DISCOVERY_RANGE': 'SUBNET', 'PWD': '/home/selqie/buoyancy/build/water_sensors', 'SSH_CONNECTION': '192.168.1.109 51669 192.168.1.160 22', 'XDG_DATA_DIRS': '/usr/local/share:/usr/share:/var/lib/snapd/desktop', 'PYTHONPATH': '/home/selqie/buoyancy/build/water_sensors/prefix_override:/usr/lib/python3/dist-packages/colcon_core/task/python/colcon_distutils_commands:/home/selqie/buoyancy/install/water_sensors/lib/python3.12/site-packages:/home/selqie/buoyancy/install/water_sensors/lib/python3.12/site-packages:/home/selqie/buoyancy/install/servo/lib/python3.12/site-packages:/home/selqie/buoyancy/install/ms5837_bar_ros/lib/python3.12/site-packages:/home/selqie/buoyancy/install/buoy_control/lib/python3.12/site-packages:/home/selqie/buoyancy/install/motor_interfaces/lib/python3.12/site-packages:/home/selqie/buoyancy/install/led/lib/python3.12/site-packages:/home/selqie/buoyancy/install/battery/lib/python3.12/site-packages:/opt/ros/jazzy/lib/python3.12/site-packages', 'COLCON': '1', 'CMAKE_PREFIX_PATH': '/home/selqie/buoyancy/install/sensing_bringup:/home/selqie/buoyancy/install/motor_interfaces:/home/selqie/buoyancy/install/bno08x_driver'}, 'shell': False}
[3.418563] (-) TimerEvent: {}
[3.518925] (-) TimerEvent: {}
[3.619273] (-) TimerEvent: {}
[3.719617] (-) TimerEvent: {}
[3.738093] (ms5837_bar_ros) CommandEnded: {'returncode': 0}
[3.753960] (ms5837_bar_ros) JobEnded: {'identifier': 'ms5837_bar_ros', 'rc': 0}
[3.771183] (water_sensors) StdoutLine: {'line': b'running egg_info\n'}
[3.793441] (water_sensors) StdoutLine: {'line': b'writing ../build/water_sensors/water_sensors.egg-info/PKG-INFO\n'}
[3.794050] (water_sensors) StdoutLine: {'line': b'writing dependency_links to ../build/water_sensors/water_sensors.egg-info/dependency_links.txt\n'}
[3.795918] (water_sensors) StdoutLine: {'line': b'writing entry points to ../build/water_sensors/water_sensors.egg-info/entry_points.txt\n'}
[3.796477] (water_sensors) StdoutLine: {'line': b'writing requirements to ../build/water_sensors/water_sensors.egg-info/requires.txt\n'}
[3.797735] (water_sensors) StdoutLine: {'line': b'writing top-level names to ../build/water_sensors/water_sensors.egg-info/top_level.txt\n'}
[3.819725] (-) TimerEvent: {}
[3.850467] (water_sensors) StdoutLine: {'line': b"reading manifest file '../build/water_sensors/water_sensors.egg-info/SOURCES.txt'\n"}
[3.851681] (water_sensors) StdoutLine: {'line': b"writing manifest file '../build/water_sensors/water_sensors.egg-info/SOURCES.txt'\n"}
[3.851966] (water_sensors) StdoutLine: {'line': b'running build\n'}
[3.852145] (water_sensors) StdoutLine: {'line': b'running build_py\n'}
[3.852646] (water_sensors) StdoutLine: {'line': b'running install\n'}
[3.863203] (water_sensors) StdoutLine: {'line': b'running install_lib\n'}
[3.889573] (water_sensors) StdoutLine: {'line': b'running install_data\n'}
[3.889984] (water_sensors) StdoutLine: {'line': b'running install_egg_info\n'}
[3.917794] (water_sensors) StdoutLine: {'line': b"removing '/home/selqie/buoyancy/install/water_sensors/lib/python3.12/site-packages/water_sensors-0.1.0-py3.12.egg-info' (and everything under it)\n"}
[3.918428] (water_sensors) StdoutLine: {'line': b'Copying ../build/water_sensors/water_sensors.egg-info to /home/selqie/buoyancy/install/water_sensors/lib/python3.12/site-packages/water_sensors-0.1.0-py3.12.egg-info\n'}
[3.919796] (-) TimerEvent: {}
[3.920254] (water_sensors) StdoutLine: {'line': b'running install_scripts\n'}
[4.019900] (-) TimerEvent: {}
[4.089224] (water_sensors) StdoutLine: {'line': b'Installing humidity_sensor_node script to /home/selqie/buoyancy/install/water_sensors/lib/water_sensors\n'}
[4.089656] (water_sensors) StdoutLine: {'line': b'Installing leak_sensor_node script to /home/selqie/buoyancy/install/water_sensors/lib/water_sensors\n'}
[4.091384] (water_sensors) StdoutLine: {'line': b"writing list of installed files to '/home/selqie/buoyancy/build/water_sensors/install.log'\n"}
[4.120043] (-) TimerEvent: {}
[4.193511] (water_sensors) CommandEnded: {'returncode': 0}
[4.208569] (water_sensors) JobEnded: {'identifier': 'water_sensors', 'rc': 0}
[4.220149] (-) TimerEvent: {}
[4.320615] (-) TimerEvent: {}
[4.420899] (-) TimerEvent: {}
[4.521415] (-) TimerEvent: {}
[4.622065] (-) TimerEvent: {}
[4.643853] (buoy_control) Command: {'cmd': ['/usr/bin/python3', '-W', 'ignore:setup.py install is deprecated', '-W', 'ignore:easy_install command is deprecated', 'setup.py', 'egg_info', '--egg-base', '../build/buoy_control', 'build', '--build-base', '/home/selqie/buoyancy/build/buoy_control/build', 'install', '--record', '/home/selqie/buoyancy/build/buoy_control/install.log', '--single-version-externally-managed', 'install_data'], 'cwd': '/home/selqie/buoyancy/buoy_control', 'env': {'LESSOPEN': '| /usr/bin/lesspipe %s', 'USER': 'selqie', 'SSH_CLIENT': '192.168.1.109 51669 22', 'XDG_SESSION_TYPE': 'tty', 'SHLVL': '1', 'LD_LIBRARY_PATH': '/home/selqie/buoyancy/install/motor_interfaces/lib:/opt/ros/jazzy/lib/aarch64-linux-gnu:/opt/ros/jazzy/lib', 'HOME': '/home/selqie', 'OLDPWD': '/home/selqie', 'SSH_TTY': '/dev/pts/6', 'ROS_PYTHON_VERSION': '3', 'DBUS_SESSION_BUS_ADDRESS': 'unix:path=/run/user/1000/bus', 'COLCON_PREFIX_PATH': '/home/selqie/buoyancy/install', 'ROS_DISTRO': 'jazzy', 'LOGNAME': 'selqie', '_': '/usr/bin/colcon', 'ROS_VERSION': '2', 'XDG_SESSION_CLASS': 'user', 'TERM': 'xterm-256color', 'XDG_SESSION_ID': '1', 'PATH': '/home/selqie/.local/bin:/opt/ros/jazzy/bin:/usr/local/sbin:/usr/local/bin:/usr/sbin:/usr/bin:/sbin:/bin:/usr/games:/usr/local/games:/snap/bin', 'XDG_RUNTIME_DIR': '/run/user/1000', 'LANG': 'C.UTF-8', 'LS_COLORS': 'rs=0:di=01;34:ln=01;36:mh=00:pi=40;33:so=01;35:do=01;35:bd=40;33;01:cd=40;33;01:or=40;31;01:mi=00:su=37;41:sg=30;43:ca=00:tw=30;42:ow=34;42:st=37;44:ex=01;32:*.tar=01;31:*.tgz=01;31:*.arc=01;31:*.arj=01;31:*.taz=01;31:*.lha=01;31:*.lz4=01;31:*.lzh=01;31:*.lzma=01;31:*.tlz=01;31:*.txz=01;31:*.tzo=01;31:*.t7z=01;31:*.zip=01;31:*.z=01;31:*.dz=01;31:*.gz=01;31:*.lrz=01;31:*.lz=01;31:*.lzo=01;31:*.xz=01;31:*.zst=01;31:*.tzst=01;31:*.bz2=01;31:*.bz=01;31:*.tbz=01;31:*.tbz2=01;31:*.tz=01;31:*.deb=01;31:*.rpm=01;31:*.jar=01;31:*.war=01;31:*.ear=01;31:*.sar=01;31:*.rar=01;31:*.alz=01;31:*.ace=01;31:*.zoo=01;31:*.cpio=01;31:*.7z=01;31:*.rz=01;31:*.cab=01;31:*.wim=01;31:*.swm=01;31:*.dwm=01;31:*.esd=01;31:*.avif=01;35:*.jpg=01;35:*.jpeg=01;35:*.mjpg=01;35:*.mjpeg=01;35:*.gif=01;35:*.bmp=01;35:*.pbm=01;35:*.pgm=01;35:*.ppm=01;35:*.tga=01;35:*.xbm=01;35:*.xpm=01;35:*.tif=01;35:*.tiff=01;35:*.png=01;35:*.svg=01;35:*.svgz=01;35:*.mng=01;35:*.pcx=01;35:*.mov=01;35:*.mpg=01;35:*.mpeg=01;35:*.m2v=01;35:*.mkv=01;35:*.webm=01;35:*.webp=01;35:*.ogm=01;35:*.mp4=01;35:*.m4v=01;35:*.mp4v=01;35:*.vob=01;35:*.qt=01;35:*.nuv=01;35:*.wmv=01;35:*.asf=01;35:*.rm=01;35:*.rmvb=01;35:*.flc=01;35:*.avi=01;35:*.fli=01;35:*.flv=01;35:*.gl=01;35:*.dl=01;35:*.xcf=01;35:*.xwd=01;35:*.yuv=01;35:*.cgm=01;35:*.emf=01;35:*.ogv=01;35:*.ogx=01;35:*.aac=00;36:*.au=00;36:*.flac=00;36:*.m4a=00;36:*.mid=00;36:*.midi=00;36:*.mka=00;36:*.mp3=00;36:*.mpc=00;36:*.ogg=00;36:*.ra=00;36:*.wav=00;36:*.oga=00;36:*.opus=00;36:*.spx=00;36:*.xspf=00;36:*~=00;90:*#=00;90:*.bak=00;90:*.crdownload=00;90:*.dpkg-dist=00;90:*.dpkg-new=00;90:*.dpkg-old=00;90:*.dpkg-tmp=00;90:*.old=00;90:*.orig=00;90:*.part=00;90:*.rej=00;90:*.rpmnew=00;90:*.rpmorig=00;90:*.rpmsave=00;90:*.swp=00;90:*.tmp=00;90:*.ucf-dist=00;90:*.ucf-new=00;90:*.ucf-old=00;90:', 'AMENT_PREFIX_PATH': '/home/selqie/buoyancy/install/water_sensors:/home/selqie/buoyancy/install/servo:/home/selqie/buoyancy/install/sensing_bringup:/home/selqie/buoyancy/install/ms5837_bar_ros:/home/selqie/buoyancy/install/buoy_control:/home/selqie/buoyancy/install/motor_interfaces:/home/selqie/buoyancy/install/led:/home/selqie/buoyancy/install/bno08x_driver:/home/selqie/buoyancy/install/battery:/opt/ros/jazzy', 'SHELL': '/bin/bash', 'LESSCLOSE': '/usr/bin/lesspipe %s %s', 'ROS_AUTOMATIC_DISCOVERY_RANGE': 'SUBNET', 'PWD': '/home/selqie/buoyancy/build/buoy_control', 'SSH_CONNECTION': '192.168.1.109 51669 192.168.1.160 22', 'XDG_DATA_DIRS': '/usr/local/share:/usr/share:/var/lib/snapd/desktop', 'PYTHONPATH': '/home/selqie/buoyancy/build/buoy_control/prefix_override:/usr/lib/python3/dist-packages/colcon_core/task/python/colcon_distutils_commands:/home/selqie/buoyancy/install/buoy_control/lib/python3.12/site-packages:/home/selqie/buoyancy/install/motor_interfaces/lib/python3.12/site-packages:/home/selqie/buoyancy/install/water_sensors/lib/python3.12/site-packages:/home/selqie/buoyancy/install/servo/lib/python3.12/site-packages:/home/selqie/buoyancy/install/ms5837_bar_ros/lib/python3.12/site-packages:/home/selqie/buoyancy/install/buoy_control/lib/python3.12/site-packages:/home/selqie/buoyancy/install/led/lib/python3.12/site-packages:/home/selqie/buoyancy/install/battery/lib/python3.12/site-packages:/opt/ros/jazzy/lib/python3.12/site-packages', 'COLCON': '1', 'CMAKE_PREFIX_PATH': '/home/selqie/buoyancy/install/motor_interfaces:/home/selqie/buoyancy/install/sensing_bringup:/home/selqie/buoyancy/install/bno08x_driver'}, 'shell': False}
[4.647155] (servo) Command: {'cmd': ['/usr/bin/python3', '-W', 'ignore:setup.py install is deprecated', '-W', 'ignore:easy_install command is deprecated', 'setup.py', 'egg_info', '--egg-base', '../build/servo', 'build', '--build-base', '/home/selqie/buoyancy/build/servo/build', 'install', '--record', '/home/selqie/buoyancy/build/servo/install.log', '--single-version-externally-managed', 'install_data'], 'cwd': '/home/selqie/buoyancy/servo', 'env': {'LESSOPEN': '| /usr/bin/lesspipe %s', 'USER': 'selqie', 'SSH_CLIENT': '192.168.1.109 51669 22', 'XDG_SESSION_TYPE': 'tty', 'SHLVL': '1', 'LD_LIBRARY_PATH': '/home/selqie/buoyancy/install/motor_interfaces/lib:/opt/ros/jazzy/lib/aarch64-linux-gnu:/opt/ros/jazzy/lib', 'HOME': '/home/selqie', 'OLDPWD': '/home/selqie', 'SSH_TTY': '/dev/pts/6', 'ROS_PYTHON_VERSION': '3', 'DBUS_SESSION_BUS_ADDRESS': 'unix:path=/run/user/1000/bus', 'COLCON_PREFIX_PATH': '/home/selqie/buoyancy/install', 'ROS_DISTRO': 'jazzy', 'LOGNAME': 'selqie', '_': '/usr/bin/colcon', 'ROS_VERSION': '2', 'XDG_SESSION_CLASS': 'user', 'TERM': 'xterm-256color', 'XDG_SESSION_ID': '1', 'PATH': '/home/selqie/.local/bin:/opt/ros/jazzy/bin:/usr/local/sbin:/usr/local/bin:/usr/sbin:/usr/bin:/sbin:/bin:/usr/games:/usr/local/games:/snap/bin', 'XDG_RUNTIME_DIR': '/run/user/1000', 'LANG': 'C.UTF-8', 'LS_COLORS': 'rs=0:di=01;34:ln=01;36:mh=00:pi=40;33:so=01;35:do=01;35:bd=40;33;01:cd=40;33;01:or=40;31;01:mi=00:su=37;41:sg=30;43:ca=00:tw=30;42:ow=34;42:st=37;44:ex=01;32:*.tar=01;31:*.tgz=01;31:*.arc=01;31:*.arj=01;31:*.taz=01;31:*.lha=01;31:*.lz4=01;31:*.lzh=01;31:*.lzma=01;31:*.tlz=01;31:*.txz=01;31:*.tzo=01;31:*.t7z=01;31:*.zip=01;31:*.z=01;31:*.dz=01;31:*.gz=01;31:*.lrz=01;31:*.lz=01;31:*.lzo=01;31:*.xz=01;31:*.zst=01;31:*.tzst=01;31:*.bz2=01;31:*.bz=01;31:*.tbz=01;31:*.tbz2=01;31:*.tz=01;31:*.deb=01;31:*.rpm=01;31:*.jar=01;31:*.war=01;31:*.ear=01;31:*.sar=01;31:*.rar=01;31:*.alz=01;31:*.ace=01;31:*.zoo=01;31:*.cpio=01;31:*.7z=01;31:*.rz=01;31:*.cab=01;31:*.wim=01;31:*.swm=01;31:*.dwm=01;31:*.esd=01;31:*.avif=01;35:*.jpg=01;35:*.jpeg=01;35:*.mjpg=01;35:*.mjpeg=01;35:*.gif=01;35:*.bmp=01;35:*.pbm=01;35:*.pgm=01;35:*.ppm=01;35:*.tga=01;35:*.xbm=01;35:*.xpm=01;35:*.tif=01;35:*.tiff=01;35:*.png=01;35:*.svg=01;35:*.svgz=01;35:*.mng=01;35:*.pcx=01;35:*.mov=01;35:*.mpg=01;35:*.mpeg=01;35:*.m2v=01;35:*.mkv=01;35:*.webm=01;35:*.webp=01;35:*.ogm=01;35:*.mp4=01;35:*.m4v=01;35:*.mp4v=01;35:*.vob=01;35:*.qt=01;35:*.nuv=01;35:*.wmv=01;35:*.asf=01;35:*.rm=01;35:*.rmvb=01;35:*.flc=01;35:*.avi=01;35:*.fli=01;35:*.flv=01;35:*.gl=01;35:*.dl=01;35:*.xcf=01;35:*.xwd=01;35:*.yuv=01;35:*.cgm=01;35:*.emf=01;35:*.ogv=01;35:*.ogx=01;35:*.aac=00;36:*.au=00;36:*.flac=00;36:*.m4a=00;36:*.mid=00;36:*.midi=00;36:*.mka=00;36:*.mp3=00;36:*.mpc=00;36:*.ogg=00;36:*.ra=00;36:*.wav=00;36:*.oga=00;36:*.opus=00;36:*.spx=00;36:*.xspf=00;36:*~=00;90:*#=00;90:*.bak=00;90:*.crdownload=00;90:*.dpkg-dist=00;90:*.dpkg-new=00;90:*.dpkg-old=00;90:*.dpkg-tmp=00;90:*.old=00;90:*.orig=00;90:*.part=00;90:*.rej=00;90:*.rpmnew=00;90:*.rpmorig=00;90:*.rpmsave=00;90:*.swp=00;90:*.tmp=00;90:*.ucf-dist=00;90:*.ucf-new=00;90:*.ucf-old=00;90:', 'AMENT_PREFIX_PATH': '/home/selqie/buoyancy/install/water_sensors:/home/selqie/buoyancy/install/servo:/home/selqie/buoyancy/install/sensing_bringup:/home/selqie/buoyancy/install/ms5837_bar_ros:/home/selqie/buoyancy/install/buoy_control:/home/selqie/buoyancy/install/motor_interfaces:/home/selqie/buoyancy/install/led:/home/selqie/buoyancy/install/bno08x_driver:/home/selqie/buoyancy/install/battery:/opt/ros/jazzy', 'SHELL': '/bin/bash', 'LESSCLOSE': '/usr/bin/lesspipe %s %s', 'ROS_AUTOMATIC_DISCOVERY_RANGE': 'SUBNET', 'PWD': '/home/selqie/buoyancy/build/servo', 'SSH_CONNECTION': '192.168.1.109 51669 192.168.1.160 22', 'XDG_DATA_DIRS': '/usr/local/share:/usr/share:/var/lib/snapd/desktop', 'PYTHONPATH': '/home/selqie/buoyancy/build/servo/prefix_override:/usr/lib/python3/dist-packages/colcon_core/task/python/colcon_distutils_commands:/home/selqie/buoyancy/install/servo/lib/python3.12/site-packages:/home/selqie/buoyancy/install/motor_interfaces/lib/python3.12/site-packages:/home/selqie/buoyancy/install/water_sensors/lib/python3.12/site-packages:/home/selqie/buoyancy/install/servo/lib/python3.12/site-packages:/home/selqie/buoyancy/install/ms5837_bar_ros/lib/python3.12/site-packages:/home/selqie/buoyancy/install/buoy_control/lib/python3.12/site-packages:/home/selqie/buoyancy/install/led/lib/python3.12/site-packages:/home/selqie/buoyancy/install/battery/lib/python3.12/site-packages:/opt/ros/jazzy/lib/python3.12/site-packages', 'COLCON': '1', 'CMAKE_PREFIX_PATH': '/home/selqie/buoyancy/install/motor_interfaces:/home/selqie/buoyancy/install/sensing_bringup:/home/selqie/buoyancy/install/bno08x_driver'}, 'shell': False}
[4.722147] (-) TimerEvent: {}
[4.822453] (-) TimerEvent: {}
[4.922730] (-) TimerEvent: {}
[4.990359] (servo) StdoutLine: {'line': b'running egg_info\n'}
[4.995740] (buoy_control) StdoutLine: {'line': b'running egg_info\n'}
[5.012196] (servo) StdoutLine: {'line': b'writing ../build/servo/servo.egg-info/PKG-INFO\n'}
[5.012603] (servo) StdoutLine: {'line': b'writing dependency_links to ../build/servo/servo.egg-info/dependency_links.txt\n'}
[5.014308] (servo) StdoutLine: {'line': b'writing entry points to ../build/servo/servo.egg-info/entry_points.txt\n'}
[5.015747] (servo) StdoutLine: {'line': b'writing requirements to ../build/servo/servo.egg-info/requires.txt\n'}
[5.017562] (buoy_control) StdoutLine: {'line': b'writing ../build/buoy_control/buoy_control.egg-info/PKG-INFO\n'}
[5.017917] (buoy_control) StdoutLine: {'line': b'writing dependency_links to ../build/buoy_control/buoy_control.egg-info/dependency_links.txt\n'}
[5.018168] (buoy_control) StdoutLine: {'line': b'writing entry points to ../build/buoy_control/buoy_control.egg-info/entry_points.txt\n'}
[5.018341] (buoy_control) StdoutLine: {'line': b'writing requirements to ../build/buoy_control/buoy_control.egg-info/requires.txt\n'}
[5.018474] (buoy_control) StdoutLine: {'line': b'writing top-level names to ../build/buoy_control/buoy_control.egg-info/top_level.txt\n'}
[5.020051] (servo) StdoutLine: {'line': b'writing top-level names to ../build/servo/servo.egg-info/top_level.txt\n'}
[5.022792] (-) TimerEvent: {}
[5.063663] (buoy_control) StdoutLine: {'line': b"reading manifest file '../build/buoy_control/buoy_control.egg-info/SOURCES.txt'\n"}
[5.064028] (buoy_control) StdoutLine: {'line': b"adding license file 'LICENSE'\n"}
[5.064834] (buoy_control) StdoutLine: {'line': b"writing manifest file '../build/buoy_control/buoy_control.egg-info/SOURCES.txt'\n"}
[5.065067] (buoy_control) StdoutLine: {'line': b'running build\n'}
[5.065192] (buoy_control) StdoutLine: {'line': b'running build_py\n'}
[5.065303] (servo) StdoutLine: {'line': b"reading manifest file '../build/servo/servo.egg-info/SOURCES.txt'\n"}
[5.065633] (buoy_control) StdoutLine: {'line': b'running install\n'}
[5.066344] (servo) StdoutLine: {'line': b"writing manifest file '../build/servo/servo.egg-info/SOURCES.txt'\n"}
[5.066570] (servo) StdoutLine: {'line': b'running build\n'}
[5.066695] (servo) StdoutLine: {'line': b'running build_py\n'}
[5.067057] (servo) StdoutLine: {'line': b'running install\n'}
[5.075286] (buoy_control) StdoutLine: {'line': b'running install_lib\n'}
[5.076453] (servo) StdoutLine: {'line': b'running install_lib\n'}
[5.098696] (buoy_control) StdoutLine: {'line': b'running install_data\n'}
[5.098904] (buoy_control) StdoutLine: {'line': b'copying launch/timer_control.launch.py -> /home/selqie/buoyancy/install/buoy_control/share/buoy_control/launch\n'}
[5.099246] (buoy_control) StdoutLine: {'line': b'running install_egg_info\n'}
[5.099364] (servo) StdoutLine: {'line': b'running install_data\n'}
[5.099508] (servo) StdoutLine: {'line': b'running install_egg_info\n'}
[5.122877] (-) TimerEvent: {}
[5.123810] (servo) StdoutLine: {'line': b"removing '/home/selqie/buoyancy/install/servo/lib/python3.12/site-packages/servo-0.1.0-py3.12.egg-info' (and everything under it)\n"}
[5.124038] (buoy_control) StdoutLine: {'line': b"removing '/home/selqie/buoyancy/install/buoy_control/lib/python3.12/site-packages/buoy_control-0.0.0-py3.12.egg-info' (and everything under it)\n"}
[5.124300] (servo) StdoutLine: {'line': b'Copying ../build/servo/servo.egg-info to /home/selqie/buoyancy/install/servo/lib/python3.12/site-packages/servo-0.1.0-py3.12.egg-info\n'}
[5.124422] (buoy_control) StdoutLine: {'line': b'Copying ../build/buoy_control/buoy_control.egg-info to /home/selqie/buoyancy/install/buoy_control/lib/python3.12/site-packages/buoy_control-0.0.0-py3.12.egg-info\n'}
[5.125487] (servo) StdoutLine: {'line': b'running install_scripts\n'}
[5.125605] (buoy_control) StdoutLine: {'line': b'running install_scripts\n'}
[5.222968] (-) TimerEvent: {}
[5.287383] (buoy_control) StdoutLine: {'line': b'Installing button_control_node script to /home/selqie/buoyancy/install/buoy_control/lib/buoy_control\n'}
[5.287677] (servo) StdoutLine: {'line': b'Installing servo_motor_node script to /home/selqie/buoyancy/install/servo/lib/servo\n'}
[5.287814] (buoy_control) StdoutLine: {'line': b'Installing timer_control_node script to /home/selqie/buoyancy/install/buoy_control/lib/buoy_control\n'}
[5.287951] (servo) StdoutLine: {'line': b"writing list of installed files to '/home/selqie/buoyancy/build/servo/install.log'\n"}
[5.290864] (buoy_control) StdoutLine: {'line': b"writing list of installed files to '/home/selqie/buoyancy/build/buoy_control/install.log'\n"}
[5.323150] (-) TimerEvent: {}
[5.401814] (servo) CommandEnded: {'returncode': 0}
[5.416392] (servo) JobEnded: {'identifier': 'servo', 'rc': 0}
[5.417941] (buoy_control) CommandEnded: {'returncode': 0}
[5.423412] (-) TimerEvent: {}
[5.428534] (buoy_control) JobEnded: {'identifier': 'buoy_control', 'rc': 0}
[5.429529] (-) EventReactorShutdown: {}
