[0.000000] (-) TimerEvent: {}
[0.000375] (battery) JobQueued: {'identifier': 'battery', 'dependencies': OrderedDict()}
[0.000717] (bno08x_driver) JobQueued: {'identifier': 'bno08x_driver', 'dependencies': OrderedDict()}
[0.000741] (led) JobQueued: {'identifier': 'led', 'dependencies': OrderedDict()}
[0.000760] (motor_interfaces) JobQueued: {'identifier': 'motor_interfaces', 'dependencies': OrderedDict()}
[0.000778] (ms5837_bar_ros) JobQueued: {'identifier': 'ms5837_bar_ros', 'dependencies': OrderedDict()}
[0.000795] (sensing_bringup) JobQueued: {'identifier': 'sensing_bringup', 'dependencies': OrderedDict()}
[0.000811] (water_sensors) JobQueued: {'identifier': 'water_sensors', 'dependencies': OrderedDict()}
[0.000827] (buoy_control) JobQueued: {'identifier': 'buoy_control', 'dependencies': OrderedDict({'motor_interfaces': '/home/selqie/buoyancy/install/motor_interfaces'})}
[0.000850] (servo) JobQueued: {'identifier': 'servo', 'dependencies': OrderedDict({'motor_interfaces': '/home/selqie/buoyancy/install/motor_interfaces'})}
[0.000870] (motor_interfaces) JobStarted: {'identifier': 'motor_interfaces'}
[0.008094] (battery) JobStarted: {'identifier': 'battery'}
[0.017132] (bno08x_driver) JobStarted: {'identifier': 'bno08x_driver'}
[0.022038] (led) JobStarted: {'identifier': 'led'}
[0.033582] (motor_interfaces) JobProgress: {'identifier': 'motor_interfaces', 'progress': 'cmake'}
[0.034459] (motor_interfaces) JobProgress: {'identifier': 'motor_interfaces', 'progress': 'build'}
[0.035242] (motor_interfaces) Command: {'cmd': ['/usr/bin/cmake', '--build', '/home/selqie/buoyancy/build/motor_interfaces', '--', '-j4', '-l4'], 'cwd': '/home/selqie/buoyancy/build/motor_interfaces', 'env': OrderedDict({'LESSOPEN': '| /usr/bin/lesspipe %s', 'USER': 'selqie', 'SSH_CLIENT': '192.168.1.109 51669 22', 'XDG_SESSION_TYPE': 'tty', 'SHLVL': '1', 'LD_LIBRARY_PATH': '/home/selqie/buoyancy/install/motor_interfaces/lib:/opt/ros/jazzy/lib/aarch64-linux-gnu:/opt/ros/jazzy/lib', 'HOME': '/home/selqie', 'OLDPWD': '/home/selqie', 'SSH_TTY': '/dev/pts/6', 'ROS_PYTHON_VERSION': '3', 'DBUS_SESSION_BUS_ADDRESS': 'unix:path=/run/user/1000/bus', 'COLCON_PREFIX_PATH': '/home/selqie/buoyancy/install', 'ROS_DISTRO': 'jazzy', 'LOGNAME': 'selqie', '_': '/usr/bin/colcon', 'ROS_VERSION': '2', 'XDG_SESSION_CLASS': 'user', 'TERM': 'xterm-256color', 'XDG_SESSION_ID': '1', 'PATH': '/home/selqie/.local/bin:/opt/ros/jazzy/bin:/usr/local/sbin:/usr/local/bin:/usr/sbin:/usr/bin:/sbin:/bin:/usr/games:/usr/local/games:/snap/bin', 'XDG_RUNTIME_DIR': '/run/user/1000', 'LANG': 'C.UTF-8', 'LS_COLORS': 'rs=0:di=01;34:ln=01;36:mh=00:pi=40;33:so=01;35:do=01;35:bd=40;33;01:cd=40;33;01:or=40;31;01:mi=00:su=37;41:sg=30;43:ca=00:tw=30;42:ow=34;42:st=37;44:ex=01;32:*.tar=01;31:*.tgz=01;31:*.arc=01;31:*.arj=01;31:*.taz=01;31:*.lha=01;31:*.lz4=01;31:*.lzh=01;31:*.lzma=01;31:*.tlz=01;31:*.txz=01;31:*.tzo=01;31:*.t7z=01;31:*.zip=01;31:*.z=01;31:*.dz=01;31:*.gz=01;31:*.lrz=01;31:*.lz=01;31:*.lzo=01;31:*.xz=01;31:*.zst=01;31:*.tzst=01;31:*.bz2=01;31:*.bz=01;31:*.tbz=01;31:*.tbz2=01;31:*.tz=01;31:*.deb=01;31:*.rpm=01;31:*.jar=01;31:*.war=01;31:*.ear=01;31:*.sar=01;31:*.rar=01;31:*.alz=01;31:*.ace=01;31:*.zoo=01;31:*.cpio=01;31:*.7z=01;31:*.rz=01;31:*.cab=01;31:*.wim=01;31:*.swm=01;31:*.dwm=01;31:*.esd=01;31:*.avif=01;35:*.jpg=01;35:*.jpeg=01;35:*.mjpg=01;35:*.mjpeg=01;35:*.gif=01;35:*.bmp=01;35:*.pbm=01;35:*.pgm=01;35:*.ppm=01;35:*.tga=01;35:*.xbm=01;35:*.xpm=01;35:*.tif=01;35:*.tiff=01;35:*.png=01;35:*.svg=01;35:*.svgz=01;35:*.mng=01;35:*.pcx=01;35:*.mov=01;35:*.mpg=01;35:*.mpeg=01;35:*.m2v=01;35:*.mkv=01;35:*.webm=01;35:*.webp=01;35:*.ogm=01;35:*.mp4=01;35:*.m4v=01;35:*.mp4v=01;35:*.vob=01;35:*.qt=01;35:*.nuv=01;35:*.wmv=01;35:*.asf=01;35:*.rm=01;35:*.rmvb=01;35:*.flc=01;35:*.avi=01;35:*.fli=01;35:*.flv=01;35:*.gl=01;35:*.dl=01;35:*.xcf=01;35:*.xwd=01;35:*.yuv=01;35:*.cgm=01;35:*.emf=01;35:*.ogv=01;35:*.ogx=01;35:*.aac=00;36:*.au=00;36:*.flac=00;36:*.m4a=00;36:*.mid=00;36:*.midi=00;36:*.mka=00;36:*.mp3=00;36:*.mpc=00;36:*.ogg=00;36:*.ra=00;36:*.wav=00;36:*.oga=00;36:*.opus=00;36:*.spx=00;36:*.xspf=00;36:*~=00;90:*#=00;90:*.bak=00;90:*.crdownload=00;90:*.dpkg-dist=00;90:*.dpkg-new=00;90:*.dpkg-old=00;90:*.dpkg-tmp=00;90:*.old=00;90:*.orig=00;90:*.part=00;90:*.rej=00;90:*.rpmnew=00;90:*.rpmorig=00;90:*.rpmsave=00;90:*.swp=00;90:*.tmp=00;90:*.ucf-dist=00;90:*.ucf-new=00;90:*.ucf-old=00;90:', 'AMENT_PREFIX_PATH': '/home/selqie/buoyancy/install/water_sensors:/home/selqie/buoyancy/install/servo:/home/selqie/buoyancy/install/sensing_bringup:/home/selqie/buoyancy/install/ms5837_bar_ros:/home/selqie/buoyancy/install/buoy_control:/home/selqie/buoyancy/install/motor_interfaces:/home/selqie/buoyancy/install/led:/home/selqie/buoyancy/install/bno08x_driver:/home/selqie/buoyancy/install/battery:/opt/ros/jazzy', 'SHELL': '/bin/bash', 'LESSCLOSE': '/usr/bin/lesspipe %s %s', 'ROS_AUTOMATIC_DISCOVERY_RANGE': 'SUBNET', 'PWD': '/home/selqie/buoyancy/build/motor_interfaces', 'SSH_CONNECTION': '192.168.1.109 51669 192.168.1.160 22', 'XDG_DATA_DIRS': '/usr/local/share:/usr/share:/var/lib/snapd/desktop', 'PYTHONPATH': '/home/selqie/buoyancy/install/water_sensors/lib/python3.12/site-packages:/home/selqie/buoyancy/install/servo/lib/python3.12/site-packages:/home/selqie/buoyancy/install/ms5837_bar_ros/lib/python3.12/site-packages:/home/selqie/buoyancy/install/buoy_control/lib/python3.12/site-packages:/home/selqie/buoyancy/install/motor_interfaces/lib/python3.12/site-packages:/home/selqie/buoyancy/install/led/lib/python3.12/site-packages:/home/selqie/buoyancy/install/battery/lib/python3.12/site-packages:/opt/ros/jazzy/lib/python3.12/site-packages', 'COLCON': '1', 'CMAKE_PREFIX_PATH': '/home/selqie/buoyancy/install/sensing_bringup:/home/selqie/buoyancy/install/motor_interfaces:/home/selqie/buoyancy/install/bno08x_driver:/home/selqie/buoyancy/install/water_sensors:/home/selqie/buoyancy/install/servo:/home/selqie/buoyancy/install/ms5837_bar_ros:/home/selqie/buoyancy/install/buoy_control:/home/selqie/buoyancy/install/led:/home/selqie/buoyancy/install/battery:/opt/ros/jazzy'}), 'shell': False}
[0.101418] (-) TimerEvent: {}
[0.201887] (-) TimerEvent: {}
[0.302435] (-) TimerEvent: {}
[0.402898] (-) TimerEvent: {}
[0.504902] (-) TimerEvent: {}
[0.514584] (bno08x_driver) JobProgress: {'identifier': 'bno08x_driver', 'progress': 'cmake'}
[0.515472] (bno08x_driver) JobProgress: {'identifier': 'bno08x_driver', 'progress': 'build'}
[0.515814] (bno08x_driver) Command: {'cmd': ['/usr/bin/cmake', '--build', '/home/selqie/buoyancy/build/bno08x_driver', '--', '-j4', '-l4'], 'cwd': '/home/selqie/buoyancy/build/bno08x_driver', 'env': OrderedDict({'LESSOPEN': '| /usr/bin/lesspipe %s', 'USER': 'selqie', 'SSH_CLIENT': '192.168.1.109 51669 22', 'XDG_SESSION_TYPE': 'tty', 'SHLVL': '1', 'LD_LIBRARY_PATH': '/home/selqie/buoyancy/install/motor_interfaces/lib:/opt/ros/jazzy/lib/aarch64-linux-gnu:/opt/ros/jazzy/lib', 'HOME': '/home/selqie', 'OLDPWD': '/home/selqie', 'SSH_TTY': '/dev/pts/6', 'ROS_PYTHON_VERSION': '3', 'DBUS_SESSION_BUS_ADDRESS': 'unix:path=/run/user/1000/bus', 'COLCON_PREFIX_PATH': '/home/selqie/buoyancy/install', 'ROS_DISTRO': 'jazzy', 'LOGNAME': 'selqie', '_': '/usr/bin/colcon', 'ROS_VERSION': '2', 'XDG_SESSION_CLASS': 'user', 'TERM': 'xterm-256color', 'XDG_SESSION_ID': '1', 'PATH': '/home/selqie/.local/bin:/opt/ros/jazzy/bin:/usr/local/sbin:/usr/local/bin:/usr/sbin:/usr/bin:/sbin:/bin:/usr/games:/usr/local/games:/snap/bin', 'XDG_RUNTIME_DIR': '/run/user/1000', 'LANG': 'C.UTF-8', 'LS_COLORS': 'rs=0:di=01;34:ln=01;36:mh=00:pi=40;33:so=01;35:do=01;35:bd=40;33;01:cd=40;33;01:or=40;31;01:mi=00:su=37;41:sg=30;43:ca=00:tw=30;42:ow=34;42:st=37;44:ex=01;32:*.tar=01;31:*.tgz=01;31:*.arc=01;31:*.arj=01;31:*.taz=01;31:*.lha=01;31:*.lz4=01;31:*.lzh=01;31:*.lzma=01;31:*.tlz=01;31:*.txz=01;31:*.tzo=01;31:*.t7z=01;31:*.zip=01;31:*.z=01;31:*.dz=01;31:*.gz=01;31:*.lrz=01;31:*.lz=01;31:*.lzo=01;31:*.xz=01;31:*.zst=01;31:*.tzst=01;31:*.bz2=01;31:*.bz=01;31:*.tbz=01;31:*.tbz2=01;31:*.tz=01;31:*.deb=01;31:*.rpm=01;31:*.jar=01;31:*.war=01;31:*.ear=01;31:*.sar=01;31:*.rar=01;31:*.alz=01;31:*.ace=01;31:*.zoo=01;31:*.cpio=01;31:*.7z=01;31:*.rz=01;31:*.cab=01;31:*.wim=01;31:*.swm=01;31:*.dwm=01;31:*.esd=01;31:*.avif=01;35:*.jpg=01;35:*.jpeg=01;35:*.mjpg=01;35:*.mjpeg=01;35:*.gif=01;35:*.bmp=01;35:*.pbm=01;35:*.pgm=01;35:*.ppm=01;35:*.tga=01;35:*.xbm=01;35:*.xpm=01;35:*.tif=01;35:*.tiff=01;35:*.png=01;35:*.svg=01;35:*.svgz=01;35:*.mng=01;35:*.pcx=01;35:*.mov=01;35:*.mpg=01;35:*.mpeg=01;35:*.m2v=01;35:*.mkv=01;35:*.webm=01;35:*.webp=01;35:*.ogm=01;35:*.mp4=01;35:*.m4v=01;35:*.mp4v=01;35:*.vob=01;35:*.qt=01;35:*.nuv=01;35:*.wmv=01;35:*.asf=01;35:*.rm=01;35:*.rmvb=01;35:*.flc=01;35:*.avi=01;35:*.fli=01;35:*.flv=01;35:*.gl=01;35:*.dl=01;35:*.xcf=01;35:*.xwd=01;35:*.yuv=01;35:*.cgm=01;35:*.emf=01;35:*.ogv=01;35:*.ogx=01;35:*.aac=00;36:*.au=00;36:*.flac=00;36:*.m4a=00;36:*.mid=00;36:*.midi=00;36:*.mka=00;36:*.mp3=00;36:*.mpc=00;36:*.ogg=00;36:*.ra=00;36:*.wav=00;36:*.oga=00;36:*.opus=00;36:*.spx=00;36:*.xspf=00;36:*~=00;90:*#=00;90:*.bak=00;90:*.crdownload=00;90:*.dpkg-dist=00;90:*.dpkg-new=00;90:*.dpkg-old=00;90:*.dpkg-tmp=00;90:*.old=00;90:*.orig=00;90:*.part=00;90:*.rej=00;90:*.rpmnew=00;90:*.rpmorig=00;90:*.rpmsave=00;90:*.swp=00;90:*.tmp=00;90:*.ucf-dist=00;90:*.ucf-new=00;90:*.ucf-old=00;90:', 'AMENT_PREFIX_PATH': '/home/selqie/buoyancy/install/water_sensors:/home/selqie/buoyancy/install/servo:/home/selqie/buoyancy/install/sensing_bringup:/home/selqie/buoyancy/install/ms5837_bar_ros:/home/selqie/buoyancy/install/buoy_control:/home/selqie/buoyancy/install/motor_interfaces:/home/selqie/buoyancy/install/led:/home/selqie/buoyancy/install/bno08x_driver:/home/selqie/buoyancy/install/battery:/opt/ros/jazzy', 'SHELL': '/bin/bash', 'LESSCLOSE': '/usr/bin/lesspipe %s %s', 'ROS_AUTOMATIC_DISCOVERY_RANGE': 'SUBNET', 'PWD': '/home/selqie/buoyancy/build/bno08x_driver', 'SSH_CONNECTION': '192.168.1.109 51669 192.168.1.160 22', 'XDG_DATA_DIRS': '/usr/local/share:/usr/share:/var/lib/snapd/desktop', 'PYTHONPATH': '/home/selqie/buoyancy/install/water_sensors/lib/python3.12/site-packages:/home/selqie/buoyancy/install/servo/lib/python3.12/site-packages:/home/selqie/buoyancy/install/ms5837_bar_ros/lib/python3.12/site-packages:/home/selqie/buoyancy/install/buoy_control/lib/python3.12/site-packages:/home/selqie/buoyancy/install/motor_interfaces/lib/python3.12/site-packages:/home/selqie/buoyancy/install/led/lib/python3.12/site-packages:/home/selqie/buoyancy/install/battery/lib/python3.12/site-packages:/opt/ros/jazzy/lib/python3.12/site-packages', 'COLCON': '1', 'CMAKE_PREFIX_PATH': '/home/selqie/buoyancy/install/sensing_bringup:/home/selqie/buoyancy/install/motor_interfaces:/home/selqie/buoyancy/install/bno08x_driver:/home/selqie/buoyancy/install/water_sensors:/home/selqie/buoyancy/install/servo:/home/selqie/buoyancy/install/ms5837_bar_ros:/home/selqie/buoyancy/install/buoy_control:/home/selqie/buoyancy/install/led:/home/selqie/buoyancy/install/battery:/opt/ros/jazzy'}), 'shell': False}
[0.519419] (motor_interfaces) StdoutLine: {'line': b'[  2%] Built target motor_interfaces__rosidl_generator_type_description\n'}
[0.519668] (motor_interfaces) StdoutLine: {'line': b'[  2%] Built target ament_cmake_python_copy_motor_interfaces\n'}
[0.519766] (motor_interfaces) StdoutLine: {'line': b'[  5%] Built target motor_interfaces__cpp\n'}
[0.519852] (motor_interfaces) StdoutLine: {'line': b'[ 20%] Built target motor_interfaces__rosidl_generator_c\n'}
[0.519932] (motor_interfaces) StdoutLine: {'line': b'[ 29%] Built target motor_interfaces__rosidl_typesupport_introspection_cpp\n'}
[0.520010] (motor_interfaces) StdoutLine: {'line': b'[ 38%] Built target motor_interfaces__rosidl_typesupport_fastrtps_cpp\n'}
[0.520087] (motor_interfaces) StdoutLine: {'line': b'[ 47%] Built target motor_interfaces__rosidl_typesupport_cpp\n'}
[0.520162] (motor_interfaces) StdoutLine: {'line': b'[ 55%] Built target motor_interfaces__rosidl_typesupport_introspection_c\n'}
[0.520241] (motor_interfaces) StdoutLine: {'line': b'[ 64%] Built target motor_interfaces__rosidl_typesupport_fastrtps_c\n'}
[0.520318] (motor_interfaces) StdoutLine: {'line': b'[ 73%] Built target motor_interfaces__rosidl_typesupport_c\n'}
[0.520421] (motor_interfaces) StdoutLine: {'line': b'[ 73%] Built target motor_interfaces\n'}
[0.520515] (motor_interfaces) StdoutLine: {'line': b'[ 76%] Built target motor_interfaces__py\n'}
[0.520594] (motor_interfaces) StdoutLine: {'line': b'[ 82%] Built target motor_interfaces__rosidl_generator_py\n'}
[0.520672] (motor_interfaces) StdoutLine: {'line': b'[ 88%] Built target motor_interfaces_s__rosidl_typesupport_c\n'}
[0.520752] (motor_interfaces) StdoutLine: {'line': b'[ 94%] Built target motor_interfaces_s__rosidl_typesupport_fastrtps_c\n'}
[0.520837] (motor_interfaces) StdoutLine: {'line': b'[100%] Built target motor_interfaces_s__rosidl_typesupport_introspection_c\n'}
[0.563229] (motor_interfaces) StdoutLine: {'line': b'running egg_info\n'}
[0.597352] (motor_interfaces) StdoutLine: {'line': b'writing motor_interfaces.egg-info/PKG-INFO\n'}
[0.597604] (motor_interfaces) StdoutLine: {'line': b'writing dependency_links to motor_interfaces.egg-info/dependency_links.txt\n'}
[0.598868] (motor_interfaces) StdoutLine: {'line': b'writing top-level names to motor_interfaces.egg-info/top_level.txt\n'}
[0.604987] (-) TimerEvent: {}
[0.617477] (bno08x_driver) StdoutLine: {'line': b'[ 27%] Built target sh2_library\n'}
[0.642384] (bno08x_driver) StdoutLine: {'line': b'[ 38%] Built target gmock_main\n'}
[0.648920] (bno08x_driver) StdoutLine: {'line': b'[ 55%] Built target gmock\n'}
[0.697895] (bno08x_driver) StdoutLine: {'line': b'[ 66%] Built target test_i2c_mock\n'}
[0.705128] (-) TimerEvent: {}
[0.708676] (motor_interfaces) StdoutLine: {'line': b"reading manifest file 'motor_interfaces.egg-info/SOURCES.txt'\n"}
[0.710151] (bno08x_driver) StdoutLine: {'line': b'[ 88%] Built target bno08x_driver\n'}
[0.710566] (motor_interfaces) StdoutLine: {'line': b"writing manifest file 'motor_interfaces.egg-info/SOURCES.txt'\n"}
[0.718676] (bno08x_driver) StdoutLine: {'line': b'[100%] Built target test_watchdog\n'}
[0.791267] (motor_interfaces) StdoutLine: {'line': b'[100%] Built target ament_cmake_python_build_motor_interfaces_egg\n'}
[0.805254] (-) TimerEvent: {}
[0.905846] (-) TimerEvent: {}
[0.908895] (bno08x_driver) CommandEnded: {'returncode': 0}
[0.909775] (bno08x_driver) JobProgress: {'identifier': 'bno08x_driver', 'progress': 'install'}
[0.926001] (bno08x_driver) Command: {'cmd': ['/usr/bin/cmake', '--install', '/home/selqie/buoyancy/build/bno08x_driver'], 'cwd': '/home/selqie/buoyancy/build/bno08x_driver', 'env': OrderedDict({'LESSOPEN': '| /usr/bin/lesspipe %s', 'USER': 'selqie', 'SSH_CLIENT': '192.168.1.109 51669 22', 'XDG_SESSION_TYPE': 'tty', 'SHLVL': '1', 'LD_LIBRARY_PATH': '/home/selqie/buoyancy/install/motor_interfaces/lib:/opt/ros/jazzy/lib/aarch64-linux-gnu:/opt/ros/jazzy/lib', 'HOME': '/home/selqie', 'OLDPWD': '/home/selqie', 'SSH_TTY': '/dev/pts/6', 'ROS_PYTHON_VERSION': '3', 'DBUS_SESSION_BUS_ADDRESS': 'unix:path=/run/user/1000/bus', 'COLCON_PREFIX_PATH': '/home/selqie/buoyancy/install', 'ROS_DISTRO': 'jazzy', 'LOGNAME': 'selqie', '_': '/usr/bin/colcon', 'ROS_VERSION': '2', 'XDG_SESSION_CLASS': 'user', 'TERM': 'xterm-256color', 'XDG_SESSION_ID': '1', 'PATH': '/home/selqie/.local/bin:/opt/ros/jazzy/bin:/usr/local/sbin:/usr/local/bin:/usr/sbin:/usr/bin:/sbin:/bin:/usr/games:/usr/local/games:/snap/bin', 'XDG_RUNTIME_DIR': '/run/user/1000', 'LANG': 'C.UTF-8', 'LS_COLORS': 'rs=0:di=01;34:ln=01;36:mh=00:pi=40;33:so=01;35:do=01;35:bd=40;33;01:cd=40;33;01:or=40;31;01:mi=00:su=37;41:sg=30;43:ca=00:tw=30;42:ow=34;42:st=37;44:ex=01;32:*.tar=01;31:*.tgz=01;31:*.arc=01;31:*.arj=01;31:*.taz=01;31:*.lha=01;31:*.lz4=01;31:*.lzh=01;31:*.lzma=01;31:*.tlz=01;31:*.txz=01;31:*.tzo=01;31:*.t7z=01;31:*.zip=01;31:*.z=01;31:*.dz=01;31:*.gz=01;31:*.lrz=01;31:*.lz=01;31:*.lzo=01;31:*.xz=01;31:*.zst=01;31:*.tzst=01;31:*.bz2=01;31:*.bz=01;31:*.tbz=01;31:*.tbz2=01;31:*.tz=01;31:*.deb=01;31:*.rpm=01;31:*.jar=01;31:*.war=01;31:*.ear=01;31:*.sar=01;31:*.rar=01;31:*.alz=01;31:*.ace=01;31:*.zoo=01;31:*.cpio=01;31:*.7z=01;31:*.rz=01;31:*.cab=01;31:*.wim=01;31:*.swm=01;31:*.dwm=01;31:*.esd=01;31:*.avif=01;35:*.jpg=01;35:*.jpeg=01;35:*.mjpg=01;35:*.mjpeg=01;35:*.gif=01;35:*.bmp=01;35:*.pbm=01;35:*.pgm=01;35:*.ppm=01;35:*.tga=01;35:*.xbm=01;35:*.xpm=01;35:*.tif=01;35:*.tiff=01;35:*.png=01;35:*.svg=01;35:*.svgz=01;35:*.mng=01;35:*.pcx=01;35:*.mov=01;35:*.mpg=01;35:*.mpeg=01;35:*.m2v=01;35:*.mkv=01;35:*.webm=01;35:*.webp=01;35:*.ogm=01;35:*.mp4=01;35:*.m4v=01;35:*.mp4v=01;35:*.vob=01;35:*.qt=01;35:*.nuv=01;35:*.wmv=01;35:*.asf=01;35:*.rm=01;35:*.rmvb=01;35:*.flc=01;35:*.avi=01;35:*.fli=01;35:*.flv=01;35:*.gl=01;35:*.dl=01;35:*.xcf=01;35:*.xwd=01;35:*.yuv=01;35:*.cgm=01;35:*.emf=01;35:*.ogv=01;35:*.ogx=01;35:*.aac=00;36:*.au=00;36:*.flac=00;36:*.m4a=00;36:*.mid=00;36:*.midi=00;36:*.mka=00;36:*.mp3=00;36:*.mpc=00;36:*.ogg=00;36:*.ra=00;36:*.wav=00;36:*.oga=00;36:*.opus=00;36:*.spx=00;36:*.xspf=00;36:*~=00;90:*#=00;90:*.bak=00;90:*.crdownload=00;90:*.dpkg-dist=00;90:*.dpkg-new=00;90:*.dpkg-old=00;90:*.dpkg-tmp=00;90:*.old=00;90:*.orig=00;90:*.part=00;90:*.rej=00;90:*.rpmnew=00;90:*.rpmorig=00;90:*.rpmsave=00;90:*.swp=00;90:*.tmp=00;90:*.ucf-dist=00;90:*.ucf-new=00;90:*.ucf-old=00;90:', 'AMENT_PREFIX_PATH': '/home/selqie/buoyancy/install/water_sensors:/home/selqie/buoyancy/install/servo:/home/selqie/buoyancy/install/sensing_bringup:/home/selqie/buoyancy/install/ms5837_bar_ros:/home/selqie/buoyancy/install/buoy_control:/home/selqie/buoyancy/install/motor_interfaces:/home/selqie/buoyancy/install/led:/home/selqie/buoyancy/install/bno08x_driver:/home/selqie/buoyancy/install/battery:/opt/ros/jazzy', 'SHELL': '/bin/bash', 'LESSCLOSE': '/usr/bin/lesspipe %s %s', 'ROS_AUTOMATIC_DISCOVERY_RANGE': 'SUBNET', 'PWD': '/home/selqie/buoyancy/build/bno08x_driver', 'SSH_CONNECTION': '192.168.1.109 51669 192.168.1.160 22', 'XDG_DATA_DIRS': '/usr/local/share:/usr/share:/var/lib/snapd/desktop', 'PYTHONPATH': '/home/selqie/buoyancy/install/water_sensors/lib/python3.12/site-packages:/home/selqie/buoyancy/install/servo/lib/python3.12/site-packages:/home/selqie/buoyancy/install/ms5837_bar_ros/lib/python3.12/site-packages:/home/selqie/buoyancy/install/buoy_control/lib/python3.12/site-packages:/home/selqie/buoyancy/install/motor_interfaces/lib/python3.12/site-packages:/home/selqie/buoyancy/install/led/lib/python3.12/site-packages:/home/selqie/buoyancy/install/battery/lib/python3.12/site-packages:/opt/ros/jazzy/lib/python3.12/site-packages', 'COLCON': '1', 'CMAKE_PREFIX_PATH': '/home/selqie/buoyancy/install/sensing_bringup:/home/selqie/buoyancy/install/motor_interfaces:/home/selqie/buoyancy/install/bno08x_driver:/home/selqie/buoyancy/install/water_sensors:/home/selqie/buoyancy/install/servo:/home/selqie/buoyancy/install/ms5837_bar_ros:/home/selqie/buoyancy/install/buoy_control:/home/selqie/buoyancy/install/led:/home/selqie/buoyancy/install/battery:/opt/ros/jazzy'}), 'shell': False}
[0.927938] (motor_interfaces) CommandEnded: {'returncode': 0}
[0.928723] (motor_interfaces) JobProgress: {'identifier': 'motor_interfaces', 'progress': 'install'}
[0.929062] (motor_interfaces) Command: {'cmd': ['/usr/bin/cmake', '--install', '/home/selqie/buoyancy/build/motor_interfaces'], 'cwd': '/home/selqie/buoyancy/build/motor_interfaces', 'env': OrderedDict({'LESSOPEN': '| /usr/bin/lesspipe %s', 'USER': 'selqie', 'SSH_CLIENT': '192.168.1.109 51669 22', 'XDG_SESSION_TYPE': 'tty', 'SHLVL': '1', 'LD_LIBRARY_PATH': '/home/selqie/buoyancy/install/motor_interfaces/lib:/opt/ros/jazzy/lib/aarch64-linux-gnu:/opt/ros/jazzy/lib', 'HOME': '/home/selqie', 'OLDPWD': '/home/selqie', 'SSH_TTY': '/dev/pts/6', 'ROS_PYTHON_VERSION': '3', 'DBUS_SESSION_BUS_ADDRESS': 'unix:path=/run/user/1000/bus', 'COLCON_PREFIX_PATH': '/home/selqie/buoyancy/install', 'ROS_DISTRO': 'jazzy', 'LOGNAME': 'selqie', '_': '/usr/bin/colcon', 'ROS_VERSION': '2', 'XDG_SESSION_CLASS': 'user', 'TERM': 'xterm-256color', 'XDG_SESSION_ID': '1', 'PATH': '/home/selqie/.local/bin:/opt/ros/jazzy/bin:/usr/local/sbin:/usr/local/bin:/usr/sbin:/usr/bin:/sbin:/bin:/usr/games:/usr/local/games:/snap/bin', 'XDG_RUNTIME_DIR': '/run/user/1000', 'LANG': 'C.UTF-8', 'LS_COLORS': 'rs=0:di=01;34:ln=01;36:mh=00:pi=40;33:so=01;35:do=01;35:bd=40;33;01:cd=40;33;01:or=40;31;01:mi=00:su=37;41:sg=30;43:ca=00:tw=30;42:ow=34;42:st=37;44:ex=01;32:*.tar=01;31:*.tgz=01;31:*.arc=01;31:*.arj=01;31:*.taz=01;31:*.lha=01;31:*.lz4=01;31:*.lzh=01;31:*.lzma=01;31:*.tlz=01;31:*.txz=01;31:*.tzo=01;31:*.t7z=01;31:*.zip=01;31:*.z=01;31:*.dz=01;31:*.gz=01;31:*.lrz=01;31:*.lz=01;31:*.lzo=01;31:*.xz=01;31:*.zst=01;31:*.tzst=01;31:*.bz2=01;31:*.bz=01;31:*.tbz=01;31:*.tbz2=01;31:*.tz=01;31:*.deb=01;31:*.rpm=01;31:*.jar=01;31:*.war=01;31:*.ear=01;31:*.sar=01;31:*.rar=01;31:*.alz=01;31:*.ace=01;31:*.zoo=01;31:*.cpio=01;31:*.7z=01;31:*.rz=01;31:*.cab=01;31:*.wim=01;31:*.swm=01;31:*.dwm=01;31:*.esd=01;31:*.avif=01;35:*.jpg=01;35:*.jpeg=01;35:*.mjpg=01;35:*.mjpeg=01;35:*.gif=01;35:*.bmp=01;35:*.pbm=01;35:*.pgm=01;35:*.ppm=01;35:*.tga=01;35:*.xbm=01;35:*.xpm=01;35:*.tif=01;35:*.tiff=01;35:*.png=01;35:*.svg=01;35:*.svgz=01;35:*.mng=01;35:*.pcx=01;35:*.mov=01;35:*.mpg=01;35:*.mpeg=01;35:*.m2v=01;35:*.mkv=01;35:*.webm=01;35:*.webp=01;35:*.ogm=01;35:*.mp4=01;35:*.m4v=01;35:*.mp4v=01;35:*.vob=01;35:*.qt=01;35:*.nuv=01;35:*.wmv=01;35:*.asf=01;35:*.rm=01;35:*.rmvb=01;35:*.flc=01;35:*.avi=01;35:*.fli=01;35:*.flv=01;35:*.gl=01;35:*.dl=01;35:*.xcf=01;35:*.xwd=01;35:*.yuv=01;35:*.cgm=01;35:*.emf=01;35:*.ogv=01;35:*.ogx=01;35:*.aac=00;36:*.au=00;36:*.flac=00;36:*.m4a=00;36:*.mid=00;36:*.midi=00;36:*.mka=00;36:*.mp3=00;36:*.mpc=00;36:*.ogg=00;36:*.ra=00;36:*.wav=00;36:*.oga=00;36:*.opus=00;36:*.spx=00;36:*.xspf=00;36:*~=00;90:*#=00;90:*.bak=00;90:*.crdownload=00;90:*.dpkg-dist=00;90:*.dpkg-new=00;90:*.dpkg-old=00;90:*.dpkg-tmp=00;90:*.old=00;90:*.orig=00;90:*.part=00;90:*.rej=00;90:*.rpmnew=00;90:*.rpmorig=00;90:*.rpmsave=00;90:*.swp=00;90:*.tmp=00;90:*.ucf-dist=00;90:*.ucf-new=00;90:*.ucf-old=00;90:', 'AMENT_PREFIX_PATH': '/home/selqie/buoyancy/install/water_sensors:/home/selqie/buoyancy/install/servo:/home/selqie/buoyancy/install/sensing_bringup:/home/selqie/buoyancy/install/ms5837_bar_ros:/home/selqie/buoyancy/install/buoy_control:/home/selqie/buoyancy/install/motor_interfaces:/home/selqie/buoyancy/install/led:/home/selqie/buoyancy/install/bno08x_driver:/home/selqie/buoyancy/install/battery:/opt/ros/jazzy', 'SHELL': '/bin/bash', 'LESSCLOSE': '/usr/bin/lesspipe %s %s', 'ROS_AUTOMATIC_DISCOVERY_RANGE': 'SUBNET', 'PWD': '/home/selqie/buoyancy/build/motor_interfaces', 'SSH_CONNECTION': '192.168.1.109 51669 192.168.1.160 22', 'XDG_DATA_DIRS': '/usr/local/share:/usr/share:/var/lib/snapd/desktop', 'PYTHONPATH': '/home/selqie/buoyancy/install/water_sensors/lib/python3.12/site-packages:/home/selqie/buoyancy/install/servo/lib/python3.12/site-packages:/home/selqie/buoyancy/install/ms5837_bar_ros/lib/python3.12/site-packages:/home/selqie/buoyancy/install/buoy_control/lib/python3.12/site-packages:/home/selqie/buoyancy/install/motor_interfaces/lib/python3.12/site-packages:/home/selqie/buoyancy/install/led/lib/python3.12/site-packages:/home/selqie/buoyancy/install/battery/lib/python3.12/site-packages:/opt/ros/jazzy/lib/python3.12/site-packages', 'COLCON': '1', 'CMAKE_PREFIX_PATH': '/home/selqie/buoyancy/install/sensing_bringup:/home/selqie/buoyancy/install/motor_interfaces:/home/selqie/buoyancy/install/bno08x_driver:/home/selqie/buoyancy/install/water_sensors:/home/selqie/buoyancy/install/servo:/home/selqie/buoyancy/install/ms5837_bar_ros:/home/selqie/buoyancy/install/buoy_control:/home/selqie/buoyancy/install/led:/home/selqie/buoyancy/install/battery:/opt/ros/jazzy'}), 'shell': False}
[0.943744] (bno08x_driver) StdoutLine: {'line': b'-- Install configuration: ""\n'}
[0.944201] (bno08x_driver) StdoutLine: {'line': b'-- Up-to-date: /home/selqie/buoyancy/install/bno08x_driver/lib/bno08x_driver/bno08x_driver\n'}
[0.945478] (bno08x_driver) StdoutLine: {'line': b'-- Up-to-date: /home/selqie/buoyancy/install/bno08x_driver/share/bno08x_driver/config\n'}
[0.946254] (bno08x_driver) StdoutLine: {'line': b'-- Up-to-date: /home/selqie/buoyancy/install/bno08x_driver/share/bno08x_driver/config/bno085_i2c.yaml\n'}
[0.946499] (bno08x_driver) StdoutLine: {'line': b'-- Up-to-date: /home/selqie/buoyancy/install/bno08x_driver/share/bno08x_driver/launch\n'}
[0.947240] (bno08x_driver) StdoutLine: {'line': b'-- Up-to-date: /home/selqie/buoyancy/install/bno08x_driver/share/bno08x_driver/launch/bno085_i2c.launch.py\n'}
[0.947461] (bno08x_driver) StdoutLine: {'line': b'-- Up-to-date: /home/selqie/buoyancy/install/bno08x_driver/share/ament_index/resource_index/package_run_dependencies/bno08x_driver\n'}
[0.947557] (bno08x_driver) StdoutLine: {'line': b'-- Up-to-date: /home/selqie/buoyancy/install/bno08x_driver/share/ament_index/resource_index/parent_prefix_path/bno08x_driver\n'}
[0.947643] (bno08x_driver) StdoutLine: {'line': b'-- Up-to-date: /home/selqie/buoyancy/install/bno08x_driver/share/bno08x_driver/environment/ament_prefix_path.sh\n'}
[0.948993] (bno08x_driver) StdoutLine: {'line': b'-- Up-to-date: /home/selqie/buoyancy/install/bno08x_driver/share/bno08x_driver/environment/ament_prefix_path.dsv\n'}
[0.949382] (motor_interfaces) StdoutLine: {'line': b'-- Install configuration: ""\n'}
[0.949531] (bno08x_driver) StdoutLine: {'line': b'-- Up-to-date: /home/selqie/buoyancy/install/bno08x_driver/share/bno08x_driver/environment/path.sh\n'}
[0.950287] (bno08x_driver) StdoutLine: {'line': b'-- Up-to-date: /home/selqie/buoyancy/install/bno08x_driver/share/bno08x_driver/environment/path.dsv\n'}
[0.951487] (bno08x_driver) StdoutLine: {'line': b'-- Up-to-date: /home/selqie/buoyancy/install/bno08x_driver/share/bno08x_driver/local_setup.bash\n'}
[0.951815] (bno08x_driver) StdoutLine: {'line': b'-- Up-to-date: /home/selqie/buoyancy/install/bno08x_driver/share/bno08x_driver/local_setup.sh\n'}
[0.951984] (bno08x_driver) StdoutLine: {'line': b'-- Up-to-date: /home/selqie/buoyancy/install/bno08x_driver/share/bno08x_driver/local_setup.zsh\n'}
[0.952104] (motor_interfaces) StdoutLine: {'line': b'-- Up-to-date: /home/selqie/buoyancy/install/motor_interfaces/share/ament_index/resource_index/rosidl_interfaces/motor_interfaces\n'}
[0.952255] (bno08x_driver) StdoutLine: {'line': b'-- Up-to-date: /home/selqie/buoyancy/install/bno08x_driver/share/bno08x_driver/local_setup.dsv\n'}
[0.952451] (bno08x_driver) StdoutLine: {'line': b'-- Installing: /home/selqie/buoyancy/install/bno08x_driver/share/bno08x_driver/package.dsv\n'}
[0.952619] (motor_interfaces) StdoutLine: {'line': b'-- Up-to-date: /home/selqie/buoyancy/install/motor_interfaces/share/motor_interfaces/msg/MotorState.json\n'}
[0.952776] (motor_interfaces) StdoutLine: {'line': b'-- Up-to-date: /home/selqie/buoyancy/install/motor_interfaces/include/motor_interfaces/motor_interfaces\n'}
[0.952907] (motor_interfaces) StdoutLine: {'line': b'-- Up-to-date: /home/selqie/buoyancy/install/motor_interfaces/include/motor_interfaces/motor_interfaces/msg\n'}
[0.953053] (motor_interfaces) StdoutLine: {'line': b'-- Up-to-date: /home/selqie/buoyancy/install/motor_interfaces/include/motor_interfaces/motor_interfaces/msg/motor_state.h\n'}
[0.953230] (motor_interfaces) StdoutLine: {'line': b'-- Up-to-date: /home/selqie/buoyancy/install/motor_interfaces/include/motor_interfaces/motor_interfaces/msg/detail\n'}
[0.956300] (bno08x_driver) StdoutLine: {'line': b'-- Up-to-date: /home/selqie/buoyancy/install/bno08x_driver/share/ament_index/resource_index/packages/bno08x_driver\n'}
[0.958267] (motor_interfaces) StdoutLine: {'line': b'-- Up-to-date: /home/selqie/buoyancy/install/motor_interfaces/include/motor_interfaces/motor_interfaces/msg/detail/motor_state__functions.c\n'}
[0.958441] (motor_interfaces) StdoutLine: {'line': b'-- Installing: /home/selqie/buoyancy/install/motor_interfaces/include/motor_interfaces/motor_interfaces/msg/detail/motor_state__type_support.c\n'}
[0.958541] (motor_interfaces) StdoutLine: {'line': b'-- Up-to-date: /home/selqie/buoyancy/install/motor_interfaces/include/motor_interfaces/motor_interfaces/msg/detail/motor_state__description.c\n'}
[0.958643] (motor_interfaces) StdoutLine: {'line': b'-- Up-to-date: /home/selqie/buoyancy/install/motor_interfaces/include/motor_interfaces/motor_interfaces/msg/detail/motor_state__struct.h\n'}
[0.958732] (motor_interfaces) StdoutLine: {'line': b'-- Up-to-date: /home/selqie/buoyancy/install/motor_interfaces/include/motor_interfaces/motor_interfaces/msg/detail/motor_state__type_support.h\n'}
[0.958833] (bno08x_driver) StdoutLine: {'line': b'-- Up-to-date: /home/selqie/buoyancy/install/bno08x_driver/share/bno08x_driver/cmake/bno08x_driverConfig.cmake\n'}
[0.958948] (bno08x_driver) StdoutLine: {'line': b'-- Up-to-date: /home/selqie/buoyancy/install/bno08x_driver/share/bno08x_driver/cmake/bno08x_driverConfig-version.cmake\n'}
[0.959041] (bno08x_driver) StdoutLine: {'line': b'-- Up-to-date: /home/selqie/buoyancy/install/bno08x_driver/share/bno08x_driver/package.xml\n'}
[0.959134] (motor_interfaces) StdoutLine: {'line': b'-- Up-to-date: /home/selqie/buoyancy/install/motor_interfaces/include/motor_interfaces/motor_interfaces/msg/detail/motor_state__functions.h\n'}
[0.959216] (motor_interfaces) StdoutLine: {'line': b'-- Up-to-date: /home/selqie/buoyancy/install/motor_interfaces/include/motor_interfaces/motor_interfaces/msg/rosidl_generator_c__visibility_control.h\n'}
[0.959295] (motor_interfaces) StdoutLine: {'line': b'-- Up-to-date: /home/selqie/buoyancy/install/motor_interfaces/share/motor_interfaces/environment/library_path.sh\n'}
[0.959425] (motor_interfaces) StdoutLine: {'line': b'-- Up-to-date: /home/selqie/buoyancy/install/motor_interfaces/share/motor_interfaces/environment/library_path.dsv\n'}
[0.959521] (motor_interfaces) StdoutLine: {'line': b'-- Up-to-date: /home/selqie/buoyancy/install/motor_interfaces/lib/libmotor_interfaces__rosidl_generator_c.so\n'}
[0.959614] (motor_interfaces) StdoutLine: {'line': b'-- Up-to-date: /home/selqie/buoyancy/install/motor_interfaces/include/motor_interfaces/motor_interfaces\n'}
[0.959717] (motor_interfaces) StdoutLine: {'line': b'-- Up-to-date: /home/selqie/buoyancy/install/motor_interfaces/include/motor_interfaces/motor_interfaces/msg\n'}
[0.959807] (motor_interfaces) StdoutLine: {'line': b'-- Up-to-date: /home/selqie/buoyancy/install/motor_interfaces/include/motor_interfaces/motor_interfaces/msg/rosidl_typesupport_fastrtps_c__visibility_control.h\n'}
[0.959898] (motor_interfaces) StdoutLine: {'line': b'-- Up-to-date: /home/selqie/buoyancy/install/motor_interfaces/include/motor_interfaces/motor_interfaces/msg/detail\n'}
[0.959994] (motor_interfaces) StdoutLine: {'line': b'-- Up-to-date: /home/selqie/buoyancy/install/motor_interfaces/include/motor_interfaces/motor_interfaces/msg/detail/motor_state__rosidl_typesupport_fastrtps_c.h\n'}
[0.960081] (motor_interfaces) StdoutLine: {'line': b'-- Up-to-date: /home/selqie/buoyancy/install/motor_interfaces/lib/libmotor_interfaces__rosidl_typesupport_fastrtps_c.so\n'}
[0.960190] (motor_interfaces) StdoutLine: {'line': b'-- Up-to-date: /home/selqie/buoyancy/install/motor_interfaces/include/motor_interfaces/motor_interfaces\n'}
[0.960272] (motor_interfaces) StdoutLine: {'line': b'-- Up-to-date: /home/selqie/buoyancy/install/motor_interfaces/include/motor_interfaces/motor_interfaces/msg\n'}
[0.963540] (motor_interfaces) StdoutLine: {'line': b'-- Up-to-date: /home/selqie/buoyancy/install/motor_interfaces/include/motor_interfaces/motor_interfaces/msg/detail\n'}
[0.963841] (motor_interfaces) StdoutLine: {'line': b'-- Installing: /home/selqie/buoyancy/install/motor_interfaces/include/motor_interfaces/motor_interfaces/msg/detail/motor_state__type_support.c\n'}
[0.964012] (motor_interfaces) StdoutLine: {'line': b'-- Up-to-date: /home/selqie/buoyancy/install/motor_interfaces/include/motor_interfaces/motor_interfaces/msg/detail/motor_state__rosidl_typesupport_introspection_c.h\n'}
[0.964189] (motor_interfaces) StdoutLine: {'line': b'-- Up-to-date: /home/selqie/buoyancy/install/motor_interfaces/include/motor_interfaces/motor_interfaces/msg/rosidl_typesupport_introspection_c__visibility_control.h\n'}
[0.964317] (motor_interfaces) StdoutLine: {'line': b'-- Up-to-date: /home/selqie/buoyancy/install/motor_interfaces/lib/libmotor_interfaces__rosidl_typesupport_introspection_c.so\n'}
[0.964491] (motor_interfaces) StdoutLine: {'line': b'-- Up-to-date: /home/selqie/buoyancy/install/motor_interfaces/lib/libmotor_interfaces__rosidl_typesupport_c.so\n'}
[0.964608] (motor_interfaces) StdoutLine: {'line': b'-- Up-to-date: /home/selqie/buoyancy/install/motor_interfaces/include/motor_interfaces/motor_interfaces\n'}
[0.964740] (motor_interfaces) StdoutLine: {'line': b'-- Up-to-date: /home/selqie/buoyancy/install/motor_interfaces/include/motor_interfaces/motor_interfaces/msg\n'}
[0.964837] (motor_interfaces) StdoutLine: {'line': b'-- Up-to-date: /home/selqie/buoyancy/install/motor_interfaces/include/motor_interfaces/motor_interfaces/msg/detail\n'}
[0.964948] (motor_interfaces) StdoutLine: {'line': b'-- Up-to-date: /home/selqie/buoyancy/install/motor_interfaces/include/motor_interfaces/motor_interfaces/msg/detail/motor_state__traits.hpp\n'}
[0.965052] (motor_interfaces) StdoutLine: {'line': b'-- Up-to-date: /home/selqie/buoyancy/install/motor_interfaces/include/motor_interfaces/motor_interfaces/msg/detail/motor_state__type_support.hpp\n'}
[0.965164] (motor_interfaces) StdoutLine: {'line': b'-- Up-to-date: /home/selqie/buoyancy/install/motor_interfaces/include/motor_interfaces/motor_interfaces/msg/detail/motor_state__builder.hpp\n'}
[0.965257] (motor_interfaces) StdoutLine: {'line': b'-- Up-to-date: /home/selqie/buoyancy/install/motor_interfaces/include/motor_interfaces/motor_interfaces/msg/detail/motor_state__struct.hpp\n'}
[0.968500] (motor_interfaces) StdoutLine: {'line': b'-- Up-to-date: /home/selqie/buoyancy/install/motor_interfaces/include/motor_interfaces/motor_interfaces/msg/motor_state.hpp\n'}
[0.968693] (motor_interfaces) StdoutLine: {'line': b'-- Up-to-date: /home/selqie/buoyancy/install/motor_interfaces/include/motor_interfaces/motor_interfaces/msg/rosidl_generator_cpp__visibility_control.hpp\n'}
[0.968812] (motor_interfaces) StdoutLine: {'line': b'-- Up-to-date: /home/selqie/buoyancy/install/motor_interfaces/include/motor_interfaces/motor_interfaces\n'}
[0.968901] (motor_interfaces) StdoutLine: {'line': b'-- Up-to-date: /home/selqie/buoyancy/install/motor_interfaces/include/motor_interfaces/motor_interfaces/msg\n'}
[0.968984] (motor_interfaces) StdoutLine: {'line': b'-- Up-to-date: /home/selqie/buoyancy/install/motor_interfaces/include/motor_interfaces/motor_interfaces/msg/detail\n'}
[0.969074] (motor_interfaces) StdoutLine: {'line': b'-- Up-to-date: /home/selqie/buoyancy/install/motor_interfaces/include/motor_interfaces/motor_interfaces/msg/detail/motor_state__rosidl_typesupport_fastrtps_cpp.hpp\n'}
[0.969166] (motor_interfaces) StdoutLine: {'line': b'-- Up-to-date: /home/selqie/buoyancy/install/motor_interfaces/include/motor_interfaces/motor_interfaces/msg/detail/dds_fastrtps\n'}
[0.969270] (motor_interfaces) StdoutLine: {'line': b'-- Up-to-date: /home/selqie/buoyancy/install/motor_interfaces/include/motor_interfaces/motor_interfaces/msg/rosidl_typesupport_fastrtps_cpp__visibility_control.h\n'}
[0.969407] (motor_interfaces) StdoutLine: {'line': b'-- Up-to-date: /home/selqie/buoyancy/install/motor_interfaces/lib/libmotor_interfaces__rosidl_typesupport_fastrtps_cpp.so\n'}
[0.969510] (motor_interfaces) StdoutLine: {'line': b'-- Up-to-date: /home/selqie/buoyancy/install/motor_interfaces/include/motor_interfaces/motor_interfaces\n'}
[0.969590] (motor_interfaces) StdoutLine: {'line': b'-- Up-to-date: /home/selqie/buoyancy/install/motor_interfaces/include/motor_interfaces/motor_interfaces/msg\n'}
[0.969674] (motor_interfaces) StdoutLine: {'line': b'-- Up-to-date: /home/selqie/buoyancy/install/motor_interfaces/include/motor_interfaces/motor_interfaces/msg/detail\n'}
[0.969762] (motor_interfaces) StdoutLine: {'line': b'-- Up-to-date: /home/selqie/buoyancy/install/motor_interfaces/include/motor_interfaces/motor_interfaces/msg/detail/motor_state__rosidl_typesupport_introspection_cpp.hpp\n'}
[0.969860] (motor_interfaces) StdoutLine: {'line': b'-- Up-to-date: /home/selqie/buoyancy/install/motor_interfaces/include/motor_interfaces/motor_interfaces/msg/detail/motor_state__type_support.cpp\n'}
[0.969962] (motor_interfaces) StdoutLine: {'line': b'-- Up-to-date: /home/selqie/buoyancy/install/motor_interfaces/lib/libmotor_interfaces__rosidl_typesupport_introspection_cpp.so\n'}
[0.970048] (motor_interfaces) StdoutLine: {'line': b'-- Up-to-date: /home/selqie/buoyancy/install/motor_interfaces/lib/libmotor_interfaces__rosidl_typesupport_cpp.so\n'}
[0.970159] (bno08x_driver) CommandEnded: {'returncode': 0}
[0.970570] (motor_interfaces) StdoutLine: {'line': b'-- Up-to-date: /home/selqie/buoyancy/install/motor_interfaces/share/motor_interfaces/environment/pythonpath.sh\n'}
[0.970737] (motor_interfaces) StdoutLine: {'line': b'-- Up-to-date: /home/selqie/buoyancy/install/motor_interfaces/share/motor_interfaces/environment/pythonpath.dsv\n'}
[0.970839] (motor_interfaces) StdoutLine: {'line': b'-- Up-to-date: /home/selqie/buoyancy/install/motor_interfaces/lib/python3.12/site-packages/motor_interfaces-0.0.0-py3.12.egg-info\n'}
[0.970934] (motor_interfaces) StdoutLine: {'line': b'-- Installing: /home/selqie/buoyancy/install/motor_interfaces/lib/python3.12/site-packages/motor_interfaces-0.0.0-py3.12.egg-info/dependency_links.txt\n'}
[0.971025] (motor_interfaces) StdoutLine: {'line': b'-- Installing: /home/selqie/buoyancy/install/motor_interfaces/lib/python3.12/site-packages/motor_interfaces-0.0.0-py3.12.egg-info/PKG-INFO\n'}
[0.971111] (motor_interfaces) StdoutLine: {'line': b'-- Installing: /home/selqie/buoyancy/install/motor_interfaces/lib/python3.12/site-packages/motor_interfaces-0.0.0-py3.12.egg-info/top_level.txt\n'}
[0.971219] (motor_interfaces) StdoutLine: {'line': b'-- Installing: /home/selqie/buoyancy/install/motor_interfaces/lib/python3.12/site-packages/motor_interfaces-0.0.0-py3.12.egg-info/SOURCES.txt\n'}
[0.971314] (motor_interfaces) StdoutLine: {'line': b'-- Up-to-date: /home/selqie/buoyancy/install/motor_interfaces/lib/python3.12/site-packages/motor_interfaces\n'}
[0.974270] (motor_interfaces) StdoutLine: {'line': b'-- Up-to-date: /home/selqie/buoyancy/install/motor_interfaces/lib/python3.12/site-packages/motor_interfaces/_motor_interfaces_s.ep.rosidl_typesupport_introspection_c.c\n'}
[0.974463] (motor_interfaces) StdoutLine: {'line': b'-- Up-to-date: /home/selqie/buoyancy/install/motor_interfaces/lib/python3.12/site-packages/motor_interfaces/motor_interfaces_s__rosidl_typesupport_fastrtps_c.so\n'}
[0.974572] (motor_interfaces) StdoutLine: {'line': b'-- Up-to-date: /home/selqie/buoyancy/install/motor_interfaces/lib/python3.12/site-packages/motor_interfaces/msg\n'}
[0.974669] (motor_interfaces) StdoutLine: {'line': b'-- Up-to-date: /home/selqie/buoyancy/install/motor_interfaces/lib/python3.12/site-packages/motor_interfaces/msg/_motor_state.py\n'}
[0.974759] (motor_interfaces) StdoutLine: {'line': b'-- Up-to-date: /home/selqie/buoyancy/install/motor_interfaces/lib/python3.12/site-packages/motor_interfaces/msg/_motor_state_s.c\n'}
[0.974860] (motor_interfaces) StdoutLine: {'line': b'-- Up-to-date: /home/selqie/buoyancy/install/motor_interfaces/lib/python3.12/site-packages/motor_interfaces/msg/__init__.py\n'}
[0.974944] (motor_interfaces) StdoutLine: {'line': b'-- Up-to-date: /home/selqie/buoyancy/install/motor_interfaces/lib/python3.12/site-packages/motor_interfaces/motor_interfaces_s__rosidl_typesupport_introspection_c.so\n'}
[0.975047] (motor_interfaces) StdoutLine: {'line': b'-- Up-to-date: /home/selqie/buoyancy/install/motor_interfaces/lib/python3.12/site-packages/motor_interfaces/__init__.py\n'}
[0.975132] (motor_interfaces) StdoutLine: {'line': b'-- Up-to-date: /home/selqie/buoyancy/install/motor_interfaces/lib/python3.12/site-packages/motor_interfaces/motor_interfaces_s__rosidl_typesupport_c.so\n'}
[0.975222] (motor_interfaces) StdoutLine: {'line': b'-- Up-to-date: /home/selqie/buoyancy/install/motor_interfaces/lib/python3.12/site-packages/motor_interfaces/_motor_interfaces_s.ep.rosidl_typesupport_fastrtps_c.c\n'}
[0.975356] (motor_interfaces) StdoutLine: {'line': b'-- Up-to-date: /home/selqie/buoyancy/install/motor_interfaces/lib/python3.12/site-packages/motor_interfaces/_motor_interfaces_s.ep.rosidl_typesupport_c.c\n'}
[1.004124] (bno08x_driver) JobEnded: {'identifier': 'bno08x_driver', 'rc': 0}
[1.005811] (ms5837_bar_ros) JobStarted: {'identifier': 'ms5837_bar_ros'}
[1.007348] (-) TimerEvent: {}
[1.038163] (motor_interfaces) StdoutLine: {'line': b"Listing '/home/selqie/buoyancy/install/motor_interfaces/lib/python3.12/site-packages/motor_interfaces'...\n"}
[1.038808] (motor_interfaces) StdoutLine: {'line': b"Listing '/home/selqie/buoyancy/install/motor_interfaces/lib/python3.12/site-packages/motor_interfaces/msg'...\n"}
[1.063296] (motor_interfaces) StdoutLine: {'line': b'-- Up-to-date: /home/selqie/buoyancy/install/motor_interfaces/lib/python3.12/site-packages/motor_interfaces/motor_interfaces_s__rosidl_typesupport_fastrtps_c.so\n'}
[1.063887] (motor_interfaces) StdoutLine: {'line': b'-- Up-to-date: /home/selqie/buoyancy/install/motor_interfaces/lib/python3.12/site-packages/motor_interfaces/motor_interfaces_s__rosidl_typesupport_introspection_c.so\n'}
[1.064919] (motor_interfaces) StdoutLine: {'line': b'-- Up-to-date: /home/selqie/buoyancy/install/motor_interfaces/lib/python3.12/site-packages/motor_interfaces/motor_interfaces_s__rosidl_typesupport_c.so\n'}
[1.065896] (motor_interfaces) StdoutLine: {'line': b'-- Up-to-date: /home/selqie/buoyancy/install/motor_interfaces/lib/libmotor_interfaces__rosidl_generator_py.so\n'}
[1.066661] (motor_interfaces) StdoutLine: {'line': b'-- Up-to-date: /home/selqie/buoyancy/install/motor_interfaces/share/motor_interfaces/msg/MotorState.idl\n'}
[1.067132] (motor_interfaces) StdoutLine: {'line': b'-- Up-to-date: /home/selqie/buoyancy/install/motor_interfaces/share/motor_interfaces/msg/MotorState.msg\n'}
[1.067565] (motor_interfaces) StdoutLine: {'line': b'-- Up-to-date: /home/selqie/buoyancy/install/motor_interfaces/share/ament_index/resource_index/package_run_dependencies/motor_interfaces\n'}
[1.068044] (motor_interfaces) StdoutLine: {'line': b'-- Up-to-date: /home/selqie/buoyancy/install/motor_interfaces/share/ament_index/resource_index/parent_prefix_path/motor_interfaces\n'}
[1.068827] (motor_interfaces) StdoutLine: {'line': b'-- Up-to-date: /home/selqie/buoyancy/install/motor_interfaces/share/motor_interfaces/environment/ament_prefix_path.sh\n'}
[1.069102] (motor_interfaces) StdoutLine: {'line': b'-- Up-to-date: /home/selqie/buoyancy/install/motor_interfaces/share/motor_interfaces/environment/ament_prefix_path.dsv\n'}
[1.070559] (motor_interfaces) StdoutLine: {'line': b'-- Up-to-date: /home/selqie/buoyancy/install/motor_interfaces/share/motor_interfaces/environment/path.sh\n'}
[1.070890] (motor_interfaces) StdoutLine: {'line': b'-- Up-to-date: /home/selqie/buoyancy/install/motor_interfaces/share/motor_interfaces/environment/path.dsv\n'}
[1.071034] (motor_interfaces) StdoutLine: {'line': b'-- Up-to-date: /home/selqie/buoyancy/install/motor_interfaces/share/motor_interfaces/local_setup.bash\n'}
[1.071167] (motor_interfaces) StdoutLine: {'line': b'-- Up-to-date: /home/selqie/buoyancy/install/motor_interfaces/share/motor_interfaces/local_setup.sh\n'}
[1.071268] (motor_interfaces) StdoutLine: {'line': b'-- Up-to-date: /home/selqie/buoyancy/install/motor_interfaces/share/motor_interfaces/local_setup.zsh\n'}
[1.072484] (motor_interfaces) StdoutLine: {'line': b'-- Up-to-date: /home/selqie/buoyancy/install/motor_interfaces/share/motor_interfaces/local_setup.dsv\n'}
[1.072748] (motor_interfaces) StdoutLine: {'line': b'-- Installing: /home/selqie/buoyancy/install/motor_interfaces/share/motor_interfaces/package.dsv\n'}
[1.072861] (motor_interfaces) StdoutLine: {'line': b'-- Up-to-date: /home/selqie/buoyancy/install/motor_interfaces/share/ament_index/resource_index/packages/motor_interfaces\n'}
[1.073840] (motor_interfaces) StdoutLine: {'line': b'-- Up-to-date: /home/selqie/buoyancy/install/motor_interfaces/share/motor_interfaces/cmake/export_motor_interfaces__rosidl_generator_cExport.cmake\n'}
[1.074065] (motor_interfaces) StdoutLine: {'line': b'-- Up-to-date: /home/selqie/buoyancy/install/motor_interfaces/share/motor_interfaces/cmake/export_motor_interfaces__rosidl_generator_cExport-noconfig.cmake\n'}
[1.074156] (motor_interfaces) StdoutLine: {'line': b'-- Up-to-date: /home/selqie/buoyancy/install/motor_interfaces/share/motor_interfaces/cmake/export_motor_interfaces__rosidl_typesupport_fastrtps_cExport.cmake\n'}
[1.074812] (motor_interfaces) StdoutLine: {'line': b'-- Up-to-date: /home/selqie/buoyancy/install/motor_interfaces/share/motor_interfaces/cmake/export_motor_interfaces__rosidl_typesupport_fastrtps_cExport-noconfig.cmake\n'}
[1.075044] (motor_interfaces) StdoutLine: {'line': b'-- Up-to-date: /home/selqie/buoyancy/install/motor_interfaces/share/motor_interfaces/cmake/motor_interfaces__rosidl_typesupport_introspection_cExport.cmake\n'}
[1.075447] (motor_interfaces) StdoutLine: {'line': b'-- Up-to-date: /home/selqie/buoyancy/install/motor_interfaces/share/motor_interfaces/cmake/motor_interfaces__rosidl_typesupport_introspection_cExport-noconfig.cmake\n'}
[1.076058] (motor_interfaces) StdoutLine: {'line': b'-- Up-to-date: /home/selqie/buoyancy/install/motor_interfaces/share/motor_interfaces/cmake/motor_interfaces__rosidl_typesupport_cExport.cmake\n'}
[1.076697] (motor_interfaces) StdoutLine: {'line': b'-- Up-to-date: /home/selqie/buoyancy/install/motor_interfaces/share/motor_interfaces/cmake/motor_interfaces__rosidl_typesupport_cExport-noconfig.cmake\n'}
[1.077479] (motor_interfaces) StdoutLine: {'line': b'-- Up-to-date: /home/selqie/buoyancy/install/motor_interfaces/share/motor_interfaces/cmake/export_motor_interfaces__rosidl_generator_cppExport.cmake\n'}
[1.078201] (motor_interfaces) StdoutLine: {'line': b'-- Up-to-date: /home/selqie/buoyancy/install/motor_interfaces/share/motor_interfaces/cmake/export_motor_interfaces__rosidl_typesupport_fastrtps_cppExport.cmake\n'}
[1.078796] (motor_interfaces) StdoutLine: {'line': b'-- Up-to-date: /home/selqie/buoyancy/install/motor_interfaces/share/motor_interfaces/cmake/export_motor_interfaces__rosidl_typesupport_fastrtps_cppExport-noconfig.cmake\n'}
[1.079768] (motor_interfaces) StdoutLine: {'line': b'-- Up-to-date: /home/selqie/buoyancy/install/motor_interfaces/share/motor_interfaces/cmake/motor_interfaces__rosidl_typesupport_introspection_cppExport.cmake\n'}
[1.080002] (motor_interfaces) StdoutLine: {'line': b'-- Up-to-date: /home/selqie/buoyancy/install/motor_interfaces/share/motor_interfaces/cmake/motor_interfaces__rosidl_typesupport_introspection_cppExport-noconfig.cmake\n'}
[1.080657] (motor_interfaces) StdoutLine: {'line': b'-- Up-to-date: /home/selqie/buoyancy/install/motor_interfaces/share/motor_interfaces/cmake/motor_interfaces__rosidl_typesupport_cppExport.cmake\n'}
[1.080860] (motor_interfaces) StdoutLine: {'line': b'-- Up-to-date: /home/selqie/buoyancy/install/motor_interfaces/share/motor_interfaces/cmake/motor_interfaces__rosidl_typesupport_cppExport-noconfig.cmake\n'}
[1.081302] (motor_interfaces) StdoutLine: {'line': b'-- Up-to-date: /home/selqie/buoyancy/install/motor_interfaces/share/motor_interfaces/cmake/export_motor_interfaces__rosidl_generator_pyExport.cmake\n'}
[1.081732] (motor_interfaces) StdoutLine: {'line': b'-- Up-to-date: /home/selqie/buoyancy/install/motor_interfaces/share/motor_interfaces/cmake/export_motor_interfaces__rosidl_generator_pyExport-noconfig.cmake\n'}
[1.082110] (motor_interfaces) StdoutLine: {'line': b'-- Up-to-date: /home/selqie/buoyancy/install/motor_interfaces/share/motor_interfaces/cmake/rosidl_cmake-extras.cmake\n'}
[1.082536] (motor_interfaces) StdoutLine: {'line': b'-- Up-to-date: /home/selqie/buoyancy/install/motor_interfaces/share/motor_interfaces/cmake/ament_cmake_export_include_directories-extras.cmake\n'}
[1.082933] (motor_interfaces) StdoutLine: {'line': b'-- Up-to-date: /home/selqie/buoyancy/install/motor_interfaces/share/motor_interfaces/cmake/ament_cmake_export_libraries-extras.cmake\n'}
[1.083347] (motor_interfaces) StdoutLine: {'line': b'-- Up-to-date: /home/selqie/buoyancy/install/motor_interfaces/share/motor_interfaces/cmake/ament_cmake_export_targets-extras.cmake\n'}
[1.083786] (motor_interfaces) StdoutLine: {'line': b'-- Up-to-date: /home/selqie/buoyancy/install/motor_interfaces/share/motor_interfaces/cmake/rosidl_cmake_export_typesupport_targets-extras.cmake\n'}
[1.084278] (motor_interfaces) StdoutLine: {'line': b'-- Up-to-date: /home/selqie/buoyancy/install/motor_interfaces/share/motor_interfaces/cmake/ament_cmake_export_dependencies-extras.cmake\n'}
[1.084751] (motor_interfaces) StdoutLine: {'line': b'-- Up-to-date: /home/selqie/buoyancy/install/motor_interfaces/share/motor_interfaces/cmake/rosidl_cmake_export_typesupport_libraries-extras.cmake\n'}
[1.085370] (motor_interfaces) StdoutLine: {'line': b'-- Up-to-date: /home/selqie/buoyancy/install/motor_interfaces/share/motor_interfaces/cmake/motor_interfacesConfig.cmake\n'}
[1.085554] (motor_interfaces) StdoutLine: {'line': b'-- Up-to-date: /home/selqie/buoyancy/install/motor_interfaces/share/motor_interfaces/cmake/motor_interfacesConfig-version.cmake\n'}
[1.085650] (motor_interfaces) StdoutLine: {'line': b'-- Up-to-date: /home/selqie/buoyancy/install/motor_interfaces/share/motor_interfaces/package.xml\n'}
[1.107464] (-) TimerEvent: {}
[1.207843] (-) TimerEvent: {}
[1.308187] (-) TimerEvent: {}
[1.400784] (motor_interfaces) CommandEnded: {'returncode': 0}
[1.408267] (-) TimerEvent: {}
[1.440593] (motor_interfaces) JobEnded: {'identifier': 'motor_interfaces', 'rc': 0}
[1.444368] (sensing_bringup) JobStarted: {'identifier': 'sensing_bringup'}
[1.453654] (sensing_bringup) JobProgress: {'identifier': 'sensing_bringup', 'progress': 'cmake'}
[1.456109] (sensing_bringup) JobProgress: {'identifier': 'sensing_bringup', 'progress': 'build'}
[1.456241] (sensing_bringup) Command: {'cmd': ['/usr/bin/cmake', '--build', '/home/selqie/buoyancy/build/sensing_bringup', '--', '-j4', '-l4'], 'cwd': '/home/selqie/buoyancy/build/sensing_bringup', 'env': OrderedDict({'LESSOPEN': '| /usr/bin/lesspipe %s', 'USER': 'selqie', 'SSH_CLIENT': '192.168.1.109 51669 22', 'XDG_SESSION_TYPE': 'tty', 'SHLVL': '1', 'LD_LIBRARY_PATH': '/home/selqie/buoyancy/install/motor_interfaces/lib:/opt/ros/jazzy/lib/aarch64-linux-gnu:/opt/ros/jazzy/lib', 'HOME': '/home/selqie', 'OLDPWD': '/home/selqie', 'SSH_TTY': '/dev/pts/6', 'ROS_PYTHON_VERSION': '3', 'DBUS_SESSION_BUS_ADDRESS': 'unix:path=/run/user/1000/bus', 'COLCON_PREFIX_PATH': '/home/selqie/buoyancy/install', 'ROS_DISTRO': 'jazzy', 'LOGNAME': 'selqie', '_': '/usr/bin/colcon', 'ROS_VERSION': '2', 'XDG_SESSION_CLASS': 'user', 'TERM': 'xterm-256color', 'XDG_SESSION_ID': '1', 'PATH': '/home/selqie/.local/bin:/opt/ros/jazzy/bin:/usr/local/sbin:/usr/local/bin:/usr/sbin:/usr/bin:/sbin:/bin:/usr/games:/usr/local/games:/snap/bin', 'XDG_RUNTIME_DIR': '/run/user/1000', 'LANG': 'C.UTF-8', 'LS_COLORS': 'rs=0:di=01;34:ln=01;36:mh=00:pi=40;33:so=01;35:do=01;35:bd=40;33;01:cd=40;33;01:or=40;31;01:mi=00:su=37;41:sg=30;43:ca=00:tw=30;42:ow=34;42:st=37;44:ex=01;32:*.tar=01;31:*.tgz=01;31:*.arc=01;31:*.arj=01;31:*.taz=01;31:*.lha=01;31:*.lz4=01;31:*.lzh=01;31:*.lzma=01;31:*.tlz=01;31:*.txz=01;31:*.tzo=01;31:*.t7z=01;31:*.zip=01;31:*.z=01;31:*.dz=01;31:*.gz=01;31:*.lrz=01;31:*.lz=01;31:*.lzo=01;31:*.xz=01;31:*.zst=01;31:*.tzst=01;31:*.bz2=01;31:*.bz=01;31:*.tbz=01;31:*.tbz2=01;31:*.tz=01;31:*.deb=01;31:*.rpm=01;31:*.jar=01;31:*.war=01;31:*.ear=01;31:*.sar=01;31:*.rar=01;31:*.alz=01;31:*.ace=01;31:*.zoo=01;31:*.cpio=01;31:*.7z=01;31:*.rz=01;31:*.cab=01;31:*.wim=01;31:*.swm=01;31:*.dwm=01;31:*.esd=01;31:*.avif=01;35:*.jpg=01;35:*.jpeg=01;35:*.mjpg=01;35:*.mjpeg=01;35:*.gif=01;35:*.bmp=01;35:*.pbm=01;35:*.pgm=01;35:*.ppm=01;35:*.tga=01;35:*.xbm=01;35:*.xpm=01;35:*.tif=01;35:*.tiff=01;35:*.png=01;35:*.svg=01;35:*.svgz=01;35:*.mng=01;35:*.pcx=01;35:*.mov=01;35:*.mpg=01;35:*.mpeg=01;35:*.m2v=01;35:*.mkv=01;35:*.webm=01;35:*.webp=01;35:*.ogm=01;35:*.mp4=01;35:*.m4v=01;35:*.mp4v=01;35:*.vob=01;35:*.qt=01;35:*.nuv=01;35:*.wmv=01;35:*.asf=01;35:*.rm=01;35:*.rmvb=01;35:*.flc=01;35:*.avi=01;35:*.fli=01;35:*.flv=01;35:*.gl=01;35:*.dl=01;35:*.xcf=01;35:*.xwd=01;35:*.yuv=01;35:*.cgm=01;35:*.emf=01;35:*.ogv=01;35:*.ogx=01;35:*.aac=00;36:*.au=00;36:*.flac=00;36:*.m4a=00;36:*.mid=00;36:*.midi=00;36:*.mka=00;36:*.mp3=00;36:*.mpc=00;36:*.ogg=00;36:*.ra=00;36:*.wav=00;36:*.oga=00;36:*.opus=00;36:*.spx=00;36:*.xspf=00;36:*~=00;90:*#=00;90:*.bak=00;90:*.crdownload=00;90:*.dpkg-dist=00;90:*.dpkg-new=00;90:*.dpkg-old=00;90:*.dpkg-tmp=00;90:*.old=00;90:*.orig=00;90:*.part=00;90:*.rej=00;90:*.rpmnew=00;90:*.rpmorig=00;90:*.rpmsave=00;90:*.swp=00;90:*.tmp=00;90:*.ucf-dist=00;90:*.ucf-new=00;90:*.ucf-old=00;90:', 'AMENT_PREFIX_PATH': '/home/selqie/buoyancy/install/water_sensors:/home/selqie/buoyancy/install/servo:/home/selqie/buoyancy/install/sensing_bringup:/home/selqie/buoyancy/install/ms5837_bar_ros:/home/selqie/buoyancy/install/buoy_control:/home/selqie/buoyancy/install/motor_interfaces:/home/selqie/buoyancy/install/led:/home/selqie/buoyancy/install/bno08x_driver:/home/selqie/buoyancy/install/battery:/opt/ros/jazzy', 'SHELL': '/bin/bash', 'LESSCLOSE': '/usr/bin/lesspipe %s %s', 'ROS_AUTOMATIC_DISCOVERY_RANGE': 'SUBNET', 'PWD': '/home/selqie/buoyancy/build/sensing_bringup', 'SSH_CONNECTION': '192.168.1.109 51669 192.168.1.160 22', 'XDG_DATA_DIRS': '/usr/local/share:/usr/share:/var/lib/snapd/desktop', 'PYTHONPATH': '/home/selqie/buoyancy/install/water_sensors/lib/python3.12/site-packages:/home/selqie/buoyancy/install/servo/lib/python3.12/site-packages:/home/selqie/buoyancy/install/ms5837_bar_ros/lib/python3.12/site-packages:/home/selqie/buoyancy/install/buoy_control/lib/python3.12/site-packages:/home/selqie/buoyancy/install/motor_interfaces/lib/python3.12/site-packages:/home/selqie/buoyancy/install/led/lib/python3.12/site-packages:/home/selqie/buoyancy/install/battery/lib/python3.12/site-packages:/opt/ros/jazzy/lib/python3.12/site-packages', 'COLCON': '1', 'CMAKE_PREFIX_PATH': '/home/selqie/buoyancy/install/sensing_bringup:/home/selqie/buoyancy/install/motor_interfaces:/home/selqie/buoyancy/install/bno08x_driver:/home/selqie/buoyancy/install/water_sensors:/home/selqie/buoyancy/install/servo:/home/selqie/buoyancy/install/ms5837_bar_ros:/home/selqie/buoyancy/install/buoy_control:/home/selqie/buoyancy/install/led:/home/selqie/buoyancy/install/battery:/opt/ros/jazzy'}), 'shell': False}
[1.509513] (-) TimerEvent: {}
[1.544016] (sensing_bringup) CommandEnded: {'returncode': 0}
[1.545545] (sensing_bringup) JobProgress: {'identifier': 'sensing_bringup', 'progress': 'install'}
[1.545642] (sensing_bringup) Command: {'cmd': ['/usr/bin/cmake', '--install', '/home/selqie/buoyancy/build/sensing_bringup'], 'cwd': '/home/selqie/buoyancy/build/sensing_bringup', 'env': OrderedDict({'LESSOPEN': '| /usr/bin/lesspipe %s', 'USER': 'selqie', 'SSH_CLIENT': '192.168.1.109 51669 22', 'XDG_SESSION_TYPE': 'tty', 'SHLVL': '1', 'LD_LIBRARY_PATH': '/home/selqie/buoyancy/install/motor_interfaces/lib:/opt/ros/jazzy/lib/aarch64-linux-gnu:/opt/ros/jazzy/lib', 'HOME': '/home/selqie', 'OLDPWD': '/home/selqie', 'SSH_TTY': '/dev/pts/6', 'ROS_PYTHON_VERSION': '3', 'DBUS_SESSION_BUS_ADDRESS': 'unix:path=/run/user/1000/bus', 'COLCON_PREFIX_PATH': '/home/selqie/buoyancy/install', 'ROS_DISTRO': 'jazzy', 'LOGNAME': 'selqie', '_': '/usr/bin/colcon', 'ROS_VERSION': '2', 'XDG_SESSION_CLASS': 'user', 'TERM': 'xterm-256color', 'XDG_SESSION_ID': '1', 'PATH': '/home/selqie/.local/bin:/opt/ros/jazzy/bin:/usr/local/sbin:/usr/local/bin:/usr/sbin:/usr/bin:/sbin:/bin:/usr/games:/usr/local/games:/snap/bin', 'XDG_RUNTIME_DIR': '/run/user/1000', 'LANG': 'C.UTF-8', 'LS_COLORS': 'rs=0:di=01;34:ln=01;36:mh=00:pi=40;33:so=01;35:do=01;35:bd=40;33;01:cd=40;33;01:or=40;31;01:mi=00:su=37;41:sg=30;43:ca=00:tw=30;42:ow=34;42:st=37;44:ex=01;32:*.tar=01;31:*.tgz=01;31:*.arc=01;31:*.arj=01;31:*.taz=01;31:*.lha=01;31:*.lz4=01;31:*.lzh=01;31:*.lzma=01;31:*.tlz=01;31:*.txz=01;31:*.tzo=01;31:*.t7z=01;31:*.zip=01;31:*.z=01;31:*.dz=01;31:*.gz=01;31:*.lrz=01;31:*.lz=01;31:*.lzo=01;31:*.xz=01;31:*.zst=01;31:*.tzst=01;31:*.bz2=01;31:*.bz=01;31:*.tbz=01;31:*.tbz2=01;31:*.tz=01;31:*.deb=01;31:*.rpm=01;31:*.jar=01;31:*.war=01;31:*.ear=01;31:*.sar=01;31:*.rar=01;31:*.alz=01;31:*.ace=01;31:*.zoo=01;31:*.cpio=01;31:*.7z=01;31:*.rz=01;31:*.cab=01;31:*.wim=01;31:*.swm=01;31:*.dwm=01;31:*.esd=01;31:*.avif=01;35:*.jpg=01;35:*.jpeg=01;35:*.mjpg=01;35:*.mjpeg=01;35:*.gif=01;35:*.bmp=01;35:*.pbm=01;35:*.pgm=01;35:*.ppm=01;35:*.tga=01;35:*.xbm=01;35:*.xpm=01;35:*.tif=01;35:*.tiff=01;35:*.png=01;35:*.svg=01;35:*.svgz=01;35:*.mng=01;35:*.pcx=01;35:*.mov=01;35:*.mpg=01;35:*.mpeg=01;35:*.m2v=01;35:*.mkv=01;35:*.webm=01;35:*.webp=01;35:*.ogm=01;35:*.mp4=01;35:*.m4v=01;35:*.mp4v=01;35:*.vob=01;35:*.qt=01;35:*.nuv=01;35:*.wmv=01;35:*.asf=01;35:*.rm=01;35:*.rmvb=01;35:*.flc=01;35:*.avi=01;35:*.fli=01;35:*.flv=01;35:*.gl=01;35:*.dl=01;35:*.xcf=01;35:*.xwd=01;35:*.yuv=01;35:*.cgm=01;35:*.emf=01;35:*.ogv=01;35:*.ogx=01;35:*.aac=00;36:*.au=00;36:*.flac=00;36:*.m4a=00;36:*.mid=00;36:*.midi=00;36:*.mka=00;36:*.mp3=00;36:*.mpc=00;36:*.ogg=00;36:*.ra=00;36:*.wav=00;36:*.oga=00;36:*.opus=00;36:*.spx=00;36:*.xspf=00;36:*~=00;90:*#=00;90:*.bak=00;90:*.crdownload=00;90:*.dpkg-dist=00;90:*.dpkg-new=00;90:*.dpkg-old=00;90:*.dpkg-tmp=00;90:*.old=00;90:*.orig=00;90:*.part=00;90:*.rej=00;90:*.rpmnew=00;90:*.rpmorig=00;90:*.rpmsave=00;90:*.swp=00;90:*.tmp=00;90:*.ucf-dist=00;90:*.ucf-new=00;90:*.ucf-old=00;90:', 'AMENT_PREFIX_PATH': '/home/selqie/buoyancy/install/water_sensors:/home/selqie/buoyancy/install/servo:/home/selqie/buoyancy/install/sensing_bringup:/home/selqie/buoyancy/install/ms5837_bar_ros:/home/selqie/buoyancy/install/buoy_control:/home/selqie/buoyancy/install/motor_interfaces:/home/selqie/buoyancy/install/led:/home/selqie/buoyancy/install/bno08x_driver:/home/selqie/buoyancy/install/battery:/opt/ros/jazzy', 'SHELL': '/bin/bash', 'LESSCLOSE': '/usr/bin/lesspipe %s %s', 'ROS_AUTOMATIC_DISCOVERY_RANGE': 'SUBNET', 'PWD': '/home/selqie/buoyancy/build/sensing_bringup', 'SSH_CONNECTION': '192.168.1.109 51669 192.168.1.160 22', 'XDG_DATA_DIRS': '/usr/local/share:/usr/share:/var/lib/snapd/desktop', 'PYTHONPATH': '/home/selqie/buoyancy/install/water_sensors/lib/python3.12/site-packages:/home/selqie/buoyancy/install/servo/lib/python3.12/site-packages:/home/selqie/buoyancy/install/ms5837_bar_ros/lib/python3.12/site-packages:/home/selqie/buoyancy/install/buoy_control/lib/python3.12/site-packages:/home/selqie/buoyancy/install/motor_interfaces/lib/python3.12/site-packages:/home/selqie/buoyancy/install/led/lib/python3.12/site-packages:/home/selqie/buoyancy/install/battery/lib/python3.12/site-packages:/opt/ros/jazzy/lib/python3.12/site-packages', 'COLCON': '1', 'CMAKE_PREFIX_PATH': '/home/selqie/buoyancy/install/sensing_bringup:/home/selqie/buoyancy/install/motor_interfaces:/home/selqie/buoyancy/install/bno08x_driver:/home/selqie/buoyancy/install/water_sensors:/home/selqie/buoyancy/install/servo:/home/selqie/buoyancy/install/ms5837_bar_ros:/home/selqie/buoyancy/install/buoy_control:/home/selqie/buoyancy/install/led:/home/selqie/buoyancy/install/battery:/opt/ros/jazzy'}), 'shell': False}
[1.563389] (sensing_bringup) StdoutLine: {'line': b'-- Install configuration: ""\n'}
[1.563670] (sensing_bringup) StdoutLine: {'line': b'-- Up-to-date: /home/selqie/buoyancy/install/sensing_bringup/share/sensing_bringup/launch\n'}
[1.563769] (sensing_bringup) StdoutLine: {'line': b'-- Up-to-date: /home/selqie/buoyancy/install/sensing_bringup/share/sensing_bringup/launch/bar30.launch.py\n'}
[1.563853] (sensing_bringup) StdoutLine: {'line': b'-- Up-to-date: /home/selqie/buoyancy/install/sensing_bringup/share/sensing_bringup/launch/imu.launch.py\n'}
[1.563932] (sensing_bringup) StdoutLine: {'line': b'-- Up-to-date: /home/selqie/buoyancy/install/sensing_bringup/share/ament_index/resource_index/package_run_dependencies/sensing_bringup\n'}
[1.564804] (sensing_bringup) StdoutLine: {'line': b'-- Up-to-date: /home/selqie/buoyancy/install/sensing_bringup/share/ament_index/resource_index/parent_prefix_path/sensing_bringup\n'}
[1.564987] (sensing_bringup) StdoutLine: {'line': b'-- Up-to-date: /home/selqie/buoyancy/install/sensing_bringup/share/sensing_bringup/environment/ament_prefix_path.sh\n'}
[1.565079] (sensing_bringup) StdoutLine: {'line': b'-- Up-to-date: /home/selqie/buoyancy/install/sensing_bringup/share/sensing_bringup/environment/ament_prefix_path.dsv\n'}
[1.565160] (sensing_bringup) StdoutLine: {'line': b'-- Up-to-date: /home/selqie/buoyancy/install/sensing_bringup/share/sensing_bringup/environment/path.sh\n'}
[1.565239] (sensing_bringup) StdoutLine: {'line': b'-- Up-to-date: /home/selqie/buoyancy/install/sensing_bringup/share/sensing_bringup/environment/path.dsv\n'}
[1.566079] (sensing_bringup) StdoutLine: {'line': b'-- Up-to-date: /home/selqie/buoyancy/install/sensing_bringup/share/sensing_bringup/local_setup.bash\n'}
[1.566280] (sensing_bringup) StdoutLine: {'line': b'-- Up-to-date: /home/selqie/buoyancy/install/sensing_bringup/share/sensing_bringup/local_setup.sh\n'}
[1.566392] (sensing_bringup) StdoutLine: {'line': b'-- Up-to-date: /home/selqie/buoyancy/install/sensing_bringup/share/sensing_bringup/local_setup.zsh\n'}
[1.566477] (sensing_bringup) StdoutLine: {'line': b'-- Up-to-date: /home/selqie/buoyancy/install/sensing_bringup/share/sensing_bringup/local_setup.dsv\n'}
[1.566554] (sensing_bringup) StdoutLine: {'line': b'-- Installing: /home/selqie/buoyancy/install/sensing_bringup/share/sensing_bringup/package.dsv\n'}
[1.567513] (sensing_bringup) StdoutLine: {'line': b'-- Up-to-date: /home/selqie/buoyancy/install/sensing_bringup/share/ament_index/resource_index/packages/sensing_bringup\n'}
[1.567700] (sensing_bringup) StdoutLine: {'line': b'-- Up-to-date: /home/selqie/buoyancy/install/sensing_bringup/share/sensing_bringup/cmake/sensing_bringupConfig.cmake\n'}
[1.567793] (sensing_bringup) StdoutLine: {'line': b'-- Up-to-date: /home/selqie/buoyancy/install/sensing_bringup/share/sensing_bringup/cmake/sensing_bringupConfig-version.cmake\n'}
[1.567876] (sensing_bringup) StdoutLine: {'line': b'-- Up-to-date: /home/selqie/buoyancy/install/sensing_bringup/share/sensing_bringup/package.xml\n'}
[1.573548] (sensing_bringup) CommandEnded: {'returncode': 0}
[1.597953] (sensing_bringup) JobEnded: {'identifier': 'sensing_bringup', 'rc': 0}
[1.599030] (water_sensors) JobStarted: {'identifier': 'water_sensors'}
[1.609744] (-) TimerEvent: {}
[1.710227] (-) TimerEvent: {}
[1.812591] (-) TimerEvent: {}
[1.913100] (-) TimerEvent: {}
[2.013657] (-) TimerEvent: {}
[2.072653] (battery) Command: {'cmd': ['/usr/bin/python3', '-W', 'ignore:setup.py install is deprecated', '-W', 'ignore:easy_install command is deprecated', 'setup.py', 'egg_info', '--egg-base', '../build/battery', 'build', '--build-base', '/home/selqie/buoyancy/build/battery/build', 'install', '--record', '/home/selqie/buoyancy/build/battery/install.log', '--single-version-externally-managed', 'install_data'], 'cwd': '/home/selqie/buoyancy/battery', 'env': {'LESSOPEN': '| /usr/bin/lesspipe %s', 'USER': 'selqie', 'SSH_CLIENT': '192.168.1.109 51669 22', 'XDG_SESSION_TYPE': 'tty', 'SHLVL': '1', 'LD_LIBRARY_PATH': '/home/selqie/buoyancy/install/motor_interfaces/lib:/opt/ros/jazzy/lib/aarch64-linux-gnu:/opt/ros/jazzy/lib', 'HOME': '/home/selqie', 'OLDPWD': '/home/selqie', 'SSH_TTY': '/dev/pts/6', 'ROS_PYTHON_VERSION': '3', 'DBUS_SESSION_BUS_ADDRESS': 'unix:path=/run/user/1000/bus', 'COLCON_PREFIX_PATH': '/home/selqie/buoyancy/install', 'ROS_DISTRO': 'jazzy', 'LOGNAME': 'selqie', '_': '/usr/bin/colcon', 'ROS_VERSION': '2', 'XDG_SESSION_CLASS': 'user', 'TERM': 'xterm-256color', 'XDG_SESSION_ID': '1', 'PATH': '/home/selqie/.local/bin:/opt/ros/jazzy/bin:/usr/local/sbin:/usr/local/bin:/usr/sbin:/usr/bin:/sbin:/bin:/usr/games:/usr/local/games:/snap/bin', 'XDG_RUNTIME_DIR': '/run/user/1000', 'LANG': 'C.UTF-8', 'LS_COLORS': 'rs=0:di=01;34:ln=01;36:mh=00:pi=40;33:so=01;35:do=01;35:bd=40;33;01:cd=40;33;01:or=40;31;01:mi=00:su=37;41:sg=30;43:ca=00:tw=30;42:ow=34;42:st=37;44:ex=01;32:*.tar=01;31:*.tgz=01;31:*.arc=01;31:*.arj=01;31:*.taz=01;31:*.lha=01;31:*.lz4=01;31:*.lzh=01;31:*.lzma=01;31:*.tlz=01;31:*.txz=01;31:*.tzo=01;31:*.t7z=01;31:*.zip=01;31:*.z=01;31:*.dz=01;31:*.gz=01;31:*.lrz=01;31:*.lz=01;31:*.lzo=01;31:*.xz=01;31:*.zst=01;31:*.tzst=01;31:*.bz2=01;31:*.bz=01;31:*.tbz=01;31:*.tbz2=01;31:*.tz=01;31:*.deb=01;31:*.rpm=01;31:*.jar=01;31:*.war=01;31:*.ear=01;31:*.sar=01;31:*.rar=01;31:*.alz=01;31:*.ace=01;31:*.zoo=01;31:*.cpio=01;31:*.7z=01;31:*.rz=01;31:*.cab=01;31:*.wim=01;31:*.swm=01;31:*.dwm=01;31:*.esd=01;31:*.avif=01;35:*.jpg=01;35:*.jpeg=01;35:*.mjpg=01;35:*.mjpeg=01;35:*.gif=01;35:*.bmp=01;35:*.pbm=01;35:*.pgm=01;35:*.ppm=01;35:*.tga=01;35:*.xbm=01;35:*.xpm=01;35:*.tif=01;35:*.tiff=01;35:*.png=01;35:*.svg=01;35:*.svgz=01;35:*.mng=01;35:*.pcx=01;35:*.mov=01;35:*.mpg=01;35:*.mpeg=01;35:*.m2v=01;35:*.mkv=01;35:*.webm=01;35:*.webp=01;35:*.ogm=01;35:*.mp4=01;35:*.m4v=01;35:*.mp4v=01;35:*.vob=01;35:*.qt=01;35:*.nuv=01;35:*.wmv=01;35:*.asf=01;35:*.rm=01;35:*.rmvb=01;35:*.flc=01;35:*.avi=01;35:*.fli=01;35:*.flv=01;35:*.gl=01;35:*.dl=01;35:*.xcf=01;35:*.xwd=01;35:*.yuv=01;35:*.cgm=01;35:*.emf=01;35:*.ogv=01;35:*.ogx=01;35:*.aac=00;36:*.au=00;36:*.flac=00;36:*.m4a=00;36:*.mid=00;36:*.midi=00;36:*.mka=00;36:*.mp3=00;36:*.mpc=00;36:*.ogg=00;36:*.ra=00;36:*.wav=00;36:*.oga=00;36:*.opus=00;36:*.spx=00;36:*.xspf=00;36:*~=00;90:*#=00;90:*.bak=00;90:*.crdownload=00;90:*.dpkg-dist=00;90:*.dpkg-new=00;90:*.dpkg-old=00;90:*.dpkg-tmp=00;90:*.old=00;90:*.orig=00;90:*.part=00;90:*.rej=00;90:*.rpmnew=00;90:*.rpmorig=00;90:*.rpmsave=00;90:*.swp=00;90:*.tmp=00;90:*.ucf-dist=00;90:*.ucf-new=00;90:*.ucf-old=00;90:', 'AMENT_PREFIX_PATH': '/home/selqie/buoyancy/install/water_sensors:/home/selqie/buoyancy/install/servo:/home/selqie/buoyancy/install/sensing_bringup:/home/selqie/buoyancy/install/ms5837_bar_ros:/home/selqie/buoyancy/install/buoy_control:/home/selqie/buoyancy/install/motor_interfaces:/home/selqie/buoyancy/install/led:/home/selqie/buoyancy/install/bno08x_driver:/home/selqie/buoyancy/install/battery:/opt/ros/jazzy', 'SHELL': '/bin/bash', 'LESSCLOSE': '/usr/bin/lesspipe %s %s', 'ROS_AUTOMATIC_DISCOVERY_RANGE': 'SUBNET', 'PWD': '/home/selqie/buoyancy/build/battery', 'SSH_CONNECTION': '192.168.1.109 51669 192.168.1.160 22', 'XDG_DATA_DIRS': '/usr/local/share:/usr/share:/var/lib/snapd/desktop', 'PYTHONPATH': '/home/selqie/buoyancy/build/battery/prefix_override:/usr/lib/python3/dist-packages/colcon_core/task/python/colcon_distutils_commands:/home/selqie/buoyancy/install/battery/lib/python3.12/site-packages:/home/selqie/buoyancy/install/water_sensors/lib/python3.12/site-packages:/home/selqie/buoyancy/install/servo/lib/python3.12/site-packages:/home/selqie/buoyancy/install/ms5837_bar_ros/lib/python3.12/site-packages:/home/selqie/buoyancy/install/buoy_control/lib/python3.12/site-packages:/home/selqie/buoyancy/install/motor_interfaces/lib/python3.12/site-packages:/home/selqie/buoyancy/install/led/lib/python3.12/site-packages:/home/selqie/buoyancy/install/battery/lib/python3.12/site-packages:/opt/ros/jazzy/lib/python3.12/site-packages', 'COLCON': '1', 'CMAKE_PREFIX_PATH': '/home/selqie/buoyancy/install/sensing_bringup:/home/selqie/buoyancy/install/motor_interfaces:/home/selqie/buoyancy/install/bno08x_driver'}, 'shell': False}
[2.077153] (led) Command: {'cmd': ['/usr/bin/python3', '-W', 'ignore:setup.py install is deprecated', '-W', 'ignore:easy_install command is deprecated', 'setup.py', 'egg_info', '--egg-base', '../build/led', 'build', '--build-base', '/home/selqie/buoyancy/build/led/build', 'install', '--record', '/home/selqie/buoyancy/build/led/install.log', '--single-version-externally-managed', 'install_data'], 'cwd': '/home/selqie/buoyancy/led', 'env': {'LESSOPEN': '| /usr/bin/lesspipe %s', 'USER': 'selqie', 'SSH_CLIENT': '192.168.1.109 51669 22', 'XDG_SESSION_TYPE': 'tty', 'SHLVL': '1', 'LD_LIBRARY_PATH': '/home/selqie/buoyancy/install/motor_interfaces/lib:/opt/ros/jazzy/lib/aarch64-linux-gnu:/opt/ros/jazzy/lib', 'HOME': '/home/selqie', 'OLDPWD': '/home/selqie', 'SSH_TTY': '/dev/pts/6', 'ROS_PYTHON_VERSION': '3', 'DBUS_SESSION_BUS_ADDRESS': 'unix:path=/run/user/1000/bus', 'COLCON_PREFIX_PATH': '/home/selqie/buoyancy/install', 'ROS_DISTRO': 'jazzy', 'LOGNAME': 'selqie', '_': '/usr/bin/colcon', 'ROS_VERSION': '2', 'XDG_SESSION_CLASS': 'user', 'TERM': 'xterm-256color', 'XDG_SESSION_ID': '1', 'PATH': '/home/selqie/.local/bin:/opt/ros/jazzy/bin:/usr/local/sbin:/usr/local/bin:/usr/sbin:/usr/bin:/sbin:/bin:/usr/games:/usr/local/games:/snap/bin', 'XDG_RUNTIME_DIR': '/run/user/1000', 'LANG': 'C.UTF-8', 'LS_COLORS': 'rs=0:di=01;34:ln=01;36:mh=00:pi=40;33:so=01;35:do=01;35:bd=40;33;01:cd=40;33;01:or=40;31;01:mi=00:su=37;41:sg=30;43:ca=00:tw=30;42:ow=34;42:st=37;44:ex=01;32:*.tar=01;31:*.tgz=01;31:*.arc=01;31:*.arj=01;31:*.taz=01;31:*.lha=01;31:*.lz4=01;31:*.lzh=01;31:*.lzma=01;31:*.tlz=01;31:*.txz=01;31:*.tzo=01;31:*.t7z=01;31:*.zip=01;31:*.z=01;31:*.dz=01;31:*.gz=01;31:*.lrz=01;31:*.lz=01;31:*.lzo=01;31:*.xz=01;31:*.zst=01;31:*.tzst=01;31:*.bz2=01;31:*.bz=01;31:*.tbz=01;31:*.tbz2=01;31:*.tz=01;31:*.deb=01;31:*.rpm=01;31:*.jar=01;31:*.war=01;31:*.ear=01;31:*.sar=01;31:*.rar=01;31:*.alz=01;31:*.ace=01;31:*.zoo=01;31:*.cpio=01;31:*.7z=01;31:*.rz=01;31:*.cab=01;31:*.wim=01;31:*.swm=01;31:*.dwm=01;31:*.esd=01;31:*.avif=01;35:*.jpg=01;35:*.jpeg=01;35:*.mjpg=01;35:*.mjpeg=01;35:*.gif=01;35:*.bmp=01;35:*.pbm=01;35:*.pgm=01;35:*.ppm=01;35:*.tga=01;35:*.xbm=01;35:*.xpm=01;35:*.tif=01;35:*.tiff=01;35:*.png=01;35:*.svg=01;35:*.svgz=01;35:*.mng=01;35:*.pcx=01;35:*.mov=01;35:*.mpg=01;35:*.mpeg=01;35:*.m2v=01;35:*.mkv=01;35:*.webm=01;35:*.webp=01;35:*.ogm=01;35:*.mp4=01;35:*.m4v=01;35:*.mp4v=01;35:*.vob=01;35:*.qt=01;35:*.nuv=01;35:*.wmv=01;35:*.asf=01;35:*.rm=01;35:*.rmvb=01;35:*.flc=01;35:*.avi=01;35:*.fli=01;35:*.flv=01;35:*.gl=01;35:*.dl=01;35:*.xcf=01;35:*.xwd=01;35:*.yuv=01;35:*.cgm=01;35:*.emf=01;35:*.ogv=01;35:*.ogx=01;35:*.aac=00;36:*.au=00;36:*.flac=00;36:*.m4a=00;36:*.mid=00;36:*.midi=00;36:*.mka=00;36:*.mp3=00;36:*.mpc=00;36:*.ogg=00;36:*.ra=00;36:*.wav=00;36:*.oga=00;36:*.opus=00;36:*.spx=00;36:*.xspf=00;36:*~=00;90:*#=00;90:*.bak=00;90:*.crdownload=00;90:*.dpkg-dist=00;90:*.dpkg-new=00;90:*.dpkg-old=00;90:*.dpkg-tmp=00;90:*.old=00;90:*.orig=00;90:*.part=00;90:*.rej=00;90:*.rpmnew=00;90:*.rpmorig=00;90:*.rpmsave=00;90:*.swp=00;90:*.tmp=00;90:*.ucf-dist=00;90:*.ucf-new=00;90:*.ucf-old=00;90:', 'AMENT_PREFIX_PATH': '/home/selqie/buoyancy/install/water_sensors:/home/selqie/buoyancy/install/servo:/home/selqie/buoyancy/install/sensing_bringup:/home/selqie/buoyancy/install/ms5837_bar_ros:/home/selqie/buoyancy/install/buoy_control:/home/selqie/buoyancy/install/motor_interfaces:/home/selqie/buoyancy/install/led:/home/selqie/buoyancy/install/bno08x_driver:/home/selqie/buoyancy/install/battery:/opt/ros/jazzy', 'SHELL': '/bin/bash', 'LESSCLOSE': '/usr/bin/lesspipe %s %s', 'ROS_AUTOMATIC_DISCOVERY_RANGE': 'SUBNET', 'PWD': '/home/selqie/buoyancy/build/led', 'SSH_CONNECTION': '192.168.1.109 51669 192.168.1.160 22', 'XDG_DATA_DIRS': '/usr/local/share:/usr/share:/var/lib/snapd/desktop', 'PYTHONPATH': '/home/selqie/buoyancy/build/led/prefix_override:/usr/lib/python3/dist-packages/colcon_core/task/python/colcon_distutils_commands:/home/selqie/buoyancy/install/led/lib/python3.12/site-packages:/home/selqie/buoyancy/install/water_sensors/lib/python3.12/site-packages:/home/selqie/buoyancy/install/servo/lib/python3.12/site-packages:/home/selqie/buoyancy/install/ms5837_bar_ros/lib/python3.12/site-packages:/home/selqie/buoyancy/install/buoy_control/lib/python3.12/site-packages:/home/selqie/buoyancy/install/motor_interfaces/lib/python3.12/site-packages:/home/selqie/buoyancy/install/led/lib/python3.12/site-packages:/home/selqie/buoyancy/install/battery/lib/python3.12/site-packages:/opt/ros/jazzy/lib/python3.12/site-packages', 'COLCON': '1', 'CMAKE_PREFIX_PATH': '/home/selqie/buoyancy/install/sensing_bringup:/home/selqie/buoyancy/install/motor_interfaces:/home/selqie/buoyancy/install/bno08x_driver'}, 'shell': False}
[2.116417] (-) TimerEvent: {}
[2.216860] (-) TimerEvent: {}
[2.317336] (-) TimerEvent: {}
[2.417738] (-) TimerEvent: {}
[2.518190] (-) TimerEvent: {}
[2.524520] (battery) StdoutLine: {'line': b'running egg_info\n'}
[2.532217] (ms5837_bar_ros) Command: {'cmd': ['/usr/bin/python3', '-W', 'ignore:setup.py install is deprecated', '-W', 'ignore:easy_install command is deprecated', 'setup.py', 'egg_info', '--egg-base', '../../build/ms5837_bar_ros', 'build', '--build-base', '/home/selqie/buoyancy/build/ms5837_bar_ros/build', 'install', '--record', '/home/selqie/buoyancy/build/ms5837_bar_ros/install.log', '--single-version-externally-managed', 'install_data'], 'cwd': '/home/selqie/buoyancy/sensing/ms5837_bar_ros', 'env': {'LESSOPEN': '| /usr/bin/lesspipe %s', 'USER': 'selqie', 'SSH_CLIENT': '192.168.1.109 51669 22', 'XDG_SESSION_TYPE': 'tty', 'SHLVL': '1', 'LD_LIBRARY_PATH': '/home/selqie/buoyancy/install/motor_interfaces/lib:/opt/ros/jazzy/lib/aarch64-linux-gnu:/opt/ros/jazzy/lib', 'HOME': '/home/selqie', 'OLDPWD': '/home/selqie', 'SSH_TTY': '/dev/pts/6', 'ROS_PYTHON_VERSION': '3', 'DBUS_SESSION_BUS_ADDRESS': 'unix:path=/run/user/1000/bus', 'COLCON_PREFIX_PATH': '/home/selqie/buoyancy/install', 'ROS_DISTRO': 'jazzy', 'LOGNAME': 'selqie', '_': '/usr/bin/colcon', 'ROS_VERSION': '2', 'XDG_SESSION_CLASS': 'user', 'TERM': 'xterm-256color', 'XDG_SESSION_ID': '1', 'PATH': '/home/selqie/.local/bin:/opt/ros/jazzy/bin:/usr/local/sbin:/usr/local/bin:/usr/sbin:/usr/bin:/sbin:/bin:/usr/games:/usr/local/games:/snap/bin', 'XDG_RUNTIME_DIR': '/run/user/1000', 'LANG': 'C.UTF-8', 'LS_COLORS': 'rs=0:di=01;34:ln=01;36:mh=00:pi=40;33:so=01;35:do=01;35:bd=40;33;01:cd=40;33;01:or=40;31;01:mi=00:su=37;41:sg=30;43:ca=00:tw=30;42:ow=34;42:st=37;44:ex=01;32:*.tar=01;31:*.tgz=01;31:*.arc=01;31:*.arj=01;31:*.taz=01;31:*.lha=01;31:*.lz4=01;31:*.lzh=01;31:*.lzma=01;31:*.tlz=01;31:*.txz=01;31:*.tzo=01;31:*.t7z=01;31:*.zip=01;31:*.z=01;31:*.dz=01;31:*.gz=01;31:*.lrz=01;31:*.lz=01;31:*.lzo=01;31:*.xz=01;31:*.zst=01;31:*.tzst=01;31:*.bz2=01;31:*.bz=01;31:*.tbz=01;31:*.tbz2=01;31:*.tz=01;31:*.deb=01;31:*.rpm=01;31:*.jar=01;31:*.war=01;31:*.ear=01;31:*.sar=01;31:*.rar=01;31:*.alz=01;31:*.ace=01;31:*.zoo=01;31:*.cpio=01;31:*.7z=01;31:*.rz=01;31:*.cab=01;31:*.wim=01;31:*.swm=01;31:*.dwm=01;31:*.esd=01;31:*.avif=01;35:*.jpg=01;35:*.jpeg=01;35:*.mjpg=01;35:*.mjpeg=01;35:*.gif=01;35:*.bmp=01;35:*.pbm=01;35:*.pgm=01;35:*.ppm=01;35:*.tga=01;35:*.xbm=01;35:*.xpm=01;35:*.tif=01;35:*.tiff=01;35:*.png=01;35:*.svg=01;35:*.svgz=01;35:*.mng=01;35:*.pcx=01;35:*.mov=01;35:*.mpg=01;35:*.mpeg=01;35:*.m2v=01;35:*.mkv=01;35:*.webm=01;35:*.webp=01;35:*.ogm=01;35:*.mp4=01;35:*.m4v=01;35:*.mp4v=01;35:*.vob=01;35:*.qt=01;35:*.nuv=01;35:*.wmv=01;35:*.asf=01;35:*.rm=01;35:*.rmvb=01;35:*.flc=01;35:*.avi=01;35:*.fli=01;35:*.flv=01;35:*.gl=01;35:*.dl=01;35:*.xcf=01;35:*.xwd=01;35:*.yuv=01;35:*.cgm=01;35:*.emf=01;35:*.ogv=01;35:*.ogx=01;35:*.aac=00;36:*.au=00;36:*.flac=00;36:*.m4a=00;36:*.mid=00;36:*.midi=00;36:*.mka=00;36:*.mp3=00;36:*.mpc=00;36:*.ogg=00;36:*.ra=00;36:*.wav=00;36:*.oga=00;36:*.opus=00;36:*.spx=00;36:*.xspf=00;36:*~=00;90:*#=00;90:*.bak=00;90:*.crdownload=00;90:*.dpkg-dist=00;90:*.dpkg-new=00;90:*.dpkg-old=00;90:*.dpkg-tmp=00;90:*.old=00;90:*.orig=00;90:*.part=00;90:*.rej=00;90:*.rpmnew=00;90:*.rpmorig=00;90:*.rpmsave=00;90:*.swp=00;90:*.tmp=00;90:*.ucf-dist=00;90:*.ucf-new=00;90:*.ucf-old=00;90:', 'AMENT_PREFIX_PATH': '/home/selqie/buoyancy/install/water_sensors:/home/selqie/buoyancy/install/servo:/home/selqie/buoyancy/install/sensing_bringup:/home/selqie/buoyancy/install/ms5837_bar_ros:/home/selqie/buoyancy/install/buoy_control:/home/selqie/buoyancy/install/motor_interfaces:/home/selqie/buoyancy/install/led:/home/selqie/buoyancy/install/bno08x_driver:/home/selqie/buoyancy/install/battery:/opt/ros/jazzy', 'SHELL': '/bin/bash', 'LESSCLOSE': '/usr/bin/lesspipe %s %s', 'ROS_AUTOMATIC_DISCOVERY_RANGE': 'SUBNET', 'PWD': '/home/selqie/buoyancy/build/ms5837_bar_ros', 'SSH_CONNECTION': '192.168.1.109 51669 192.168.1.160 22', 'XDG_DATA_DIRS': '/usr/local/share:/usr/share:/var/lib/snapd/desktop', 'PYTHONPATH': '/home/selqie/buoyancy/build/ms5837_bar_ros/prefix_override:/usr/lib/python3/dist-packages/colcon_core/task/python/colcon_distutils_commands:/home/selqie/buoyancy/install/ms5837_bar_ros/lib/python3.12/site-packages:/home/selqie/buoyancy/install/water_sensors/lib/python3.12/site-packages:/home/selqie/buoyancy/install/servo/lib/python3.12/site-packages:/home/selqie/buoyancy/install/ms5837_bar_ros/lib/python3.12/site-packages:/home/selqie/buoyancy/install/buoy_control/lib/python3.12/site-packages:/home/selqie/buoyancy/install/motor_interfaces/lib/python3.12/site-packages:/home/selqie/buoyancy/install/led/lib/python3.12/site-packages:/home/selqie/buoyancy/install/battery/lib/python3.12/site-packages:/opt/ros/jazzy/lib/python3.12/site-packages', 'COLCON': '1', 'CMAKE_PREFIX_PATH': '/home/selqie/buoyancy/install/sensing_bringup:/home/selqie/buoyancy/install/motor_interfaces:/home/selqie/buoyancy/install/bno08x_driver'}, 'shell': False}
[2.534209] (led) StdoutLine: {'line': b'running egg_info\n'}
[2.551538] (battery) StdoutLine: {'line': b'writing ../build/battery/battery.egg-info/PKG-INFO\n'}
[2.553379] (battery) StdoutLine: {'line': b'writing dependency_links to ../build/battery/battery.egg-info/dependency_links.txt\n'}
[2.553878] (battery) StdoutLine: {'line': b'writing entry points to ../build/battery/battery.egg-info/entry_points.txt\n'}
[2.555371] (battery) StdoutLine: {'line': b'writing requirements to ../build/battery/battery.egg-info/requires.txt\n'}
[2.556789] (battery) StdoutLine: {'line': b'writing top-level names to ../build/battery/battery.egg-info/top_level.txt\n'}
[2.560406] (led) StdoutLine: {'line': b'writing ../build/led/led.egg-info/PKG-INFO\n'}
[2.560664] (led) StdoutLine: {'line': b'writing dependency_links to ../build/led/led.egg-info/dependency_links.txt\n'}
[2.563899] (led) StdoutLine: {'line': b'writing entry points to ../build/led/led.egg-info/entry_points.txt\n'}
[2.564293] (led) StdoutLine: {'line': b'writing requirements to ../build/led/led.egg-info/requires.txt\n'}
[2.565064] (led) StdoutLine: {'line': b'writing top-level names to ../build/led/led.egg-info/top_level.txt\n'}
[2.613090] (battery) StdoutLine: {'line': b"reading manifest file '../build/battery/battery.egg-info/SOURCES.txt'\n"}
[2.614887] (battery) StdoutLine: {'line': b"writing manifest file '../build/battery/battery.egg-info/SOURCES.txt'\n"}
[2.615782] (battery) StdoutLine: {'line': b'running build\n'}
[2.616234] (battery) StdoutLine: {'line': b'running build_py\n'}
[2.617219] (battery) StdoutLine: {'line': b'running install\n'}
[2.619456] (-) TimerEvent: {}
[2.620956] (led) StdoutLine: {'line': b"reading manifest file '../build/led/led.egg-info/SOURCES.txt'\n"}
[2.622772] (led) StdoutLine: {'line': b"writing manifest file '../build/led/led.egg-info/SOURCES.txt'\n"}
[2.623044] (led) StdoutLine: {'line': b'running build\n'}
[2.625427] (led) StdoutLine: {'line': b'running build_py\n'}
[2.625736] (led) StdoutLine: {'line': b'running install\n'}
[2.631624] (battery) StdoutLine: {'line': b'running install_lib\n'}
[2.635864] (led) StdoutLine: {'line': b'running install_lib\n'}
[2.662213] (battery) StdoutLine: {'line': b'running install_data\n'}
[2.662930] (battery) StdoutLine: {'line': b'running install_egg_info\n'}
[2.665579] (led) StdoutLine: {'line': b'running install_data\n'}
[2.667680] (led) StdoutLine: {'line': b'running install_egg_info\n'}
[2.692673] (battery) StdoutLine: {'line': b"removing '/home/selqie/buoyancy/install/battery/lib/python3.12/site-packages/battery-0.0.0-py3.12.egg-info' (and everything under it)\n"}
[2.694441] (led) StdoutLine: {'line': b"removing '/home/selqie/buoyancy/install/led/lib/python3.12/site-packages/led-0.0.4-py3.12.egg-info' (and everything under it)\n"}
[2.694667] (battery) StdoutLine: {'line': b'Copying ../build/battery/battery.egg-info to /home/selqie/buoyancy/install/battery/lib/python3.12/site-packages/battery-0.0.0-py3.12.egg-info\n'}
[2.695235] (battery) StdoutLine: {'line': b'running install_scripts\n'}
[2.695645] (led) StdoutLine: {'line': b'Copying ../build/led/led.egg-info to /home/selqie/buoyancy/install/led/lib/python3.12/site-packages/led-0.0.4-py3.12.egg-info\n'}
[2.697343] (led) StdoutLine: {'line': b'running install_scripts\n'}
[2.719546] (-) TimerEvent: {}
[2.819922] (-) TimerEvent: {}
[2.875751] (battery) StdoutLine: {'line': b'Installing tinybms_voltage_uart script to /home/selqie/buoyancy/install/battery/lib/battery\n'}
[2.876401] (battery) StdoutLine: {'line': b"writing list of installed files to '/home/selqie/buoyancy/build/battery/install.log'\n"}
[2.881472] (led) StdoutLine: {'line': b'Installing led_node script to /home/selqie/buoyancy/install/led/lib/led\n'}
[2.881955] (led) StdoutLine: {'line': b'Installing led_tester script to /home/selqie/buoyancy/install/led/lib/led\n'}
[2.883553] (led) StdoutLine: {'line': b'Installing rainbow_fade script to /home/selqie/buoyancy/install/led/lib/led\n'}
[2.884740] (led) StdoutLine: {'line': b'Installing ws2812b-set script to /home/selqie/buoyancy/install/led/lib/led\n'}
[2.886532] (led) StdoutLine: {'line': b"writing list of installed files to '/home/selqie/buoyancy/build/led/install.log'\n"}
[2.922439] (-) TimerEvent: {}
[2.971497] (ms5837_bar_ros) StdoutLine: {'line': b'running egg_info\n'}
[3.022665] (-) TimerEvent: {}
[3.035938] (battery) CommandEnded: {'returncode': 0}
[3.037557] (ms5837_bar_ros) StdoutLine: {'line': b'writing ../../build/ms5837_bar_ros/ms5837_bar_ros.egg-info/PKG-INFO\n'}
[3.039888] (ms5837_bar_ros) StdoutLine: {'line': b'writing dependency_links to ../../build/ms5837_bar_ros/ms5837_bar_ros.egg-info/dependency_links.txt\n'}
[3.040391] (ms5837_bar_ros) StdoutLine: {'line': b'writing entry points to ../../build/ms5837_bar_ros/ms5837_bar_ros.egg-info/entry_points.txt\n'}
[3.041496] (ms5837_bar_ros) StdoutLine: {'line': b'writing requirements to ../../build/ms5837_bar_ros/ms5837_bar_ros.egg-info/requires.txt\n'}
[3.043552] (ms5837_bar_ros) StdoutLine: {'line': b'writing top-level names to ../../build/ms5837_bar_ros/ms5837_bar_ros.egg-info/top_level.txt\n'}
[3.060010] (battery) JobEnded: {'identifier': 'battery', 'rc': 0}
[3.063512] (buoy_control) JobStarted: {'identifier': 'buoy_control'}
[3.071072] (led) CommandEnded: {'returncode': 0}
[3.088723] (led) JobEnded: {'identifier': 'led', 'rc': 0}
[3.091508] (servo) JobStarted: {'identifier': 'servo'}
[3.114659] (ms5837_bar_ros) StdoutLine: {'line': b"reading manifest file '../../build/ms5837_bar_ros/ms5837_bar_ros.egg-info/SOURCES.txt'\n"}
[3.115143] (ms5837_bar_ros) StdoutLine: {'line': b"adding license file 'LICENSE'\n"}
[3.116244] (ms5837_bar_ros) StdoutLine: {'line': b"writing manifest file '../../build/ms5837_bar_ros/ms5837_bar_ros.egg-info/SOURCES.txt'\n"}
[3.117467] (ms5837_bar_ros) StdoutLine: {'line': b'running build\n'}
[3.117687] (ms5837_bar_ros) StdoutLine: {'line': b'running build_py\n'}
[3.117800] (ms5837_bar_ros) StdoutLine: {'line': b'running install\n'}
[3.122757] (-) TimerEvent: {}
[3.129013] (ms5837_bar_ros) StdoutLine: {'line': b'running install_lib\n'}
[3.157686] (ms5837_bar_ros) StdoutLine: {'line': b'running install_data\n'}
[3.158068] (ms5837_bar_ros) StdoutLine: {'line': b'running install_egg_info\n'}
[3.184037] (ms5837_bar_ros) StdoutLine: {'line': b"removing '/home/selqie/buoyancy/install/ms5837_bar_ros/lib/python3.12/site-packages/ms5837_bar_ros-0.0.0-py3.12.egg-info' (and everything under it)\n"}
[3.184516] (ms5837_bar_ros) StdoutLine: {'line': b'Copying ../../build/ms5837_bar_ros/ms5837_bar_ros.egg-info to /home/selqie/buoyancy/install/ms5837_bar_ros/lib/python3.12/site-packages/ms5837_bar_ros-0.0.0-py3.12.egg-info\n'}
[3.185783] (ms5837_bar_ros) StdoutLine: {'line': b'running install_scripts\n'}
[3.222826] (-) TimerEvent: {}
[3.323120] (-) TimerEvent: {}
[3.347135] (ms5837_bar_ros) StdoutLine: {'line': b'Installing bar02_node script to /home/selqie/buoyancy/install/ms5837_bar_ros/lib/ms5837_bar_ros\n'}
[3.347457] (ms5837_bar_ros) StdoutLine: {'line': b'Installing bar30_node script to /home/selqie/buoyancy/install/ms5837_bar_ros/lib/ms5837_bar_ros\n'}
[3.348468] (ms5837_bar_ros) StdoutLine: {'line': b"writing list of installed files to '/home/selqie/buoyancy/build/ms5837_bar_ros/install.log'\n"}
[3.423298] (-) TimerEvent: {}
[3.460608] (water_sensors) Command: {'cmd': ['/usr/bin/python3', '-W', 'ignore:setup.py install is deprecated', '-W', 'ignore:easy_install command is deprecated', 'setup.py', 'egg_info', '--egg-base', '../build/water_sensors', 'build', '--build-base', '/home/selqie/buoyancy/build/water_sensors/build', 'install', '--record', '/home/selqie/buoyancy/build/water_sensors/install.log', '--single-version-externally-managed', 'install_data'], 'cwd': '/home/selqie/buoyancy/water_sensors', 'env': {'LESSOPEN': '| /usr/bin/lesspipe %s', 'USER': 'selqie', 'SSH_CLIENT': '192.168.1.109 51669 22', 'XDG_SESSION_TYPE': 'tty', 'SHLVL': '1', 'LD_LIBRARY_PATH': '/home/selqie/buoyancy/install/motor_interfaces/lib:/opt/ros/jazzy/lib/aarch64-linux-gnu:/opt/ros/jazzy/lib', 'HOME': '/home/selqie', 'OLDPWD': '/home/selqie', 'SSH_TTY': '/dev/pts/6', 'ROS_PYTHON_VERSION': '3', 'DBUS_SESSION_BUS_ADDRESS': 'unix:path=/run/user/1000/bus', 'COLCON_PREFIX_PATH': '/home/selqie/buoyancy/install', 'ROS_DISTRO': 'jazzy', 'LOGNAME': 'selqie', '_': '/usr/bin/colcon', 'ROS_VERSION': '2', 'XDG_SESSION_CLASS': 'user', 'TERM': 'xterm-256color', 'XDG_SESSION_ID': '1', 'PATH': '/home/selqie/.local/bin:/opt/ros/jazzy/bin:/usr/local/sbin:/usr/local/bin:/usr/sbin:/usr/bin:/sbin:/bin:/usr/games:/usr/local/games:/snap/bin', 'XDG_RUNTIME_DIR': '/run/user/1000', 'LANG': 'C.UTF-8', 'LS_COLORS': 'rs=0:di=01;34:ln=01;36:mh=00:pi=40;33:so=01;35:do=01;35:bd=40;33;01:cd=40;33;01:or=40;31;01:mi=00:su=37;41:sg=30;43:ca=00:tw=30;42:ow=34;42:st=37;44:ex=01;32:*.tar=01;31:*.tgz=01;31:*.arc=01;31:*.arj=01;31:*.taz=01;31:*.lha=01;31:*.lz4=01;31:*.lzh=01;31:*.lzma=01;31:*.tlz=01;31:*.txz=01;31:*.tzo=01;31:*.t7z=01;31:*.zip=01;31:*.z=01;31:*.dz=01;31:*.gz=01;31:*.lrz=01;31:*.lz=01;31:*.lzo=01;31:*.xz=01;31:*.zst=01;31:*.tzst=01;31:*.bz2=01;31:*.bz=01;31:*.tbz=01;31:*.tbz2=01;31:*.tz=01;31:*.deb=01;31:*.rpm=01;31:*.jar=01;31:*.war=01;31:*.ear=01;31:*.sar=01;31:*.rar=01;31:*.alz=01;31:*.ace=01;31:*.zoo=01;31:*.cpio=01;31:*.7z=01;31:*.rz=01;31:*.cab=01;31:*.wim=01;31:*.swm=01;31:*.dwm=01;31:*.esd=01;31:*.avif=01;35:*.jpg=01;35:*.jpeg=01;35:*.mjpg=01;35:*.mjpeg=01;35:*.gif=01;35:*.bmp=01;35:*.pbm=01;35:*.pgm=01;35:*.ppm=01;35:*.tga=01;35:*.xbm=01;35:*.xpm=01;35:*.tif=01;35:*.tiff=01;35:*.png=01;35:*.svg=01;35:*.svgz=01;35:*.mng=01;35:*.pcx=01;35:*.mov=01;35:*.mpg=01;35:*.mpeg=01;35:*.m2v=01;35:*.mkv=01;35:*.webm=01;35:*.webp=01;35:*.ogm=01;35:*.mp4=01;35:*.m4v=01;35:*.mp4v=01;35:*.vob=01;35:*.qt=01;35:*.nuv=01;35:*.wmv=01;35:*.asf=01;35:*.rm=01;35:*.rmvb=01;35:*.flc=01;35:*.avi=01;35:*.fli=01;35:*.flv=01;35:*.gl=01;35:*.dl=01;35:*.xcf=01;35:*.xwd=01;35:*.yuv=01;35:*.cgm=01;35:*.emf=01;35:*.ogv=01;35:*.ogx=01;35:*.aac=00;36:*.au=00;36:*.flac=00;36:*.m4a=00;36:*.mid=00;36:*.midi=00;36:*.mka=00;36:*.mp3=00;36:*.mpc=00;36:*.ogg=00;36:*.ra=00;36:*.wav=00;36:*.oga=00;36:*.opus=00;36:*.spx=00;36:*.xspf=00;36:*~=00;90:*#=00;90:*.bak=00;90:*.crdownload=00;90:*.dpkg-dist=00;90:*.dpkg-new=00;90:*.dpkg-old=00;90:*.dpkg-tmp=00;90:*.old=00;90:*.orig=00;90:*.part=00;90:*.rej=00;90:*.rpmnew=00;90:*.rpmorig=00;90:*.rpmsave=00;90:*.swp=00;90:*.tmp=00;90:*.ucf-dist=00;90:*.ucf-new=00;90:*.ucf-old=00;90:', 'AMENT_PREFIX_PATH': '/home/selqie/buoyancy/install/water_sensors:/home/selqie/buoyancy/install/servo:/home/selqie/buoyancy/install/sensing_bringup:/home/selqie/buoyancy/install/ms5837_bar_ros:/home/selqie/buoyancy/install/buoy_control:/home/selqie/buoyancy/install/motor_interfaces:/home/selqie/buoyancy/install/led:/home/selqie/buoyancy/install/bno08x_driver:/home/selqie/buoyancy/install/battery:/opt/ros/jazzy', 'SHELL': '/bin/bash', 'LESSCLOSE': '/usr/bin/lesspipe %s %s', 'ROS_AUTOMATIC_DISCOVERY_RANGE': 'SUBNET', 'PWD': '/home/selqie/buoyancy/build/water_sensors', 'SSH_CONNECTION': '192.168.1.109 51669 192.168.1.160 22', 'XDG_DATA_DIRS': '/usr/local/share:/usr/share:/var/lib/snapd/desktop', 'PYTHONPATH': '/home/selqie/buoyancy/build/water_sensors/prefix_override:/usr/lib/python3/dist-packages/colcon_core/task/python/colcon_distutils_commands:/home/selqie/buoyancy/install/water_sensors/lib/python3.12/site-packages:/home/selqie/buoyancy/install/water_sensors/lib/python3.12/site-packages:/home/selqie/buoyancy/install/servo/lib/python3.12/site-packages:/home/selqie/buoyancy/install/ms5837_bar_ros/lib/python3.12/site-packages:/home/selqie/buoyancy/install/buoy_control/lib/python3.12/site-packages:/home/selqie/buoyancy/install/motor_interfaces/lib/python3.12/site-packages:/home/selqie/buoyancy/install/led/lib/python3.12/site-packages:/home/selqie/buoyancy/install/battery/lib/python3.12/site-packages:/opt/ros/jazzy/lib/python3.12/site-packages', 'COLCON': '1', 'CMAKE_PREFIX_PATH': '/home/selqie/buoyancy/install/sensing_bringup:/home/selqie/buoyancy/install/motor_interfaces:/home/selqie/buoyancy/install/bno08x_driver'}, 'shell': False}
[3.523410] (-) TimerEvent: {}
[3.623767] (-) TimerEvent: {}
[3.724086] (-) TimerEvent: {}
[3.785841] (ms5837_bar_ros) CommandEnded: {'returncode': 0}
[3.798313] (ms5837_bar_ros) JobEnded: {'identifier': 'ms5837_bar_ros', 'rc': 0}
[3.821220] (water_sensors) StdoutLine: {'line': b'running egg_info\n'}
[3.824177] (-) TimerEvent: {}
[3.847736] (water_sensors) StdoutLine: {'line': b'writing ../build/water_sensors/water_sensors.egg-info/PKG-INFO\n'}
[3.848298] (water_sensors) StdoutLine: {'line': b'writing dependency_links to ../build/water_sensors/water_sensors.egg-info/dependency_links.txt\n'}
[3.850090] (water_sensors) StdoutLine: {'line': b'writing entry points to ../build/water_sensors/water_sensors.egg-info/entry_points.txt\n'}
[3.851505] (water_sensors) StdoutLine: {'line': b'writing requirements to ../build/water_sensors/water_sensors.egg-info/requires.txt\n'}
[3.855272] (water_sensors) StdoutLine: {'line': b'writing top-level names to ../build/water_sensors/water_sensors.egg-info/top_level.txt\n'}
[3.905416] (water_sensors) StdoutLine: {'line': b"reading manifest file '../build/water_sensors/water_sensors.egg-info/SOURCES.txt'\n"}
[3.906643] (water_sensors) StdoutLine: {'line': b"writing manifest file '../build/water_sensors/water_sensors.egg-info/SOURCES.txt'\n"}
[3.924259] (-) TimerEvent: {}
[3.948164] (water_sensors) StdoutLine: {'line': b'running build\n'}
[3.948452] (water_sensors) StdoutLine: {'line': b'running build_py\n'}
[3.949019] (water_sensors) StdoutLine: {'line': b'running install\n'}
[3.959084] (water_sensors) StdoutLine: {'line': b'running install_lib\n'}
[3.984169] (water_sensors) StdoutLine: {'line': b'running install_data\n'}
[3.984428] (water_sensors) StdoutLine: {'line': b'running install_egg_info\n'}
[4.009810] (water_sensors) StdoutLine: {'line': b"removing '/home/selqie/buoyancy/install/water_sensors/lib/python3.12/site-packages/water_sensors-0.1.0-py3.12.egg-info' (and everything under it)\n"}
[4.010291] (water_sensors) StdoutLine: {'line': b'Copying ../build/water_sensors/water_sensors.egg-info to /home/selqie/buoyancy/install/water_sensors/lib/python3.12/site-packages/water_sensors-0.1.0-py3.12.egg-info\n'}
[4.011555] (water_sensors) StdoutLine: {'line': b'running install_scripts\n'}
[4.024361] (-) TimerEvent: {}
[4.124834] (-) TimerEvent: {}
[4.184024] (water_sensors) StdoutLine: {'line': b'Installing humidity_sensor_node script to /home/selqie/buoyancy/install/water_sensors/lib/water_sensors\n'}
[4.184343] (water_sensors) StdoutLine: {'line': b'Installing leak_sensor_node script to /home/selqie/buoyancy/install/water_sensors/lib/water_sensors\n'}
[4.185372] (water_sensors) StdoutLine: {'line': b"writing list of installed files to '/home/selqie/buoyancy/build/water_sensors/install.log'\n"}
[4.224922] (-) TimerEvent: {}
[4.290282] (water_sensors) CommandEnded: {'returncode': 0}
[4.303822] (water_sensors) JobEnded: {'identifier': 'water_sensors', 'rc': 0}
[4.325009] (-) TimerEvent: {}
[4.425272] (-) TimerEvent: {}
[4.525652] (-) TimerEvent: {}
[4.626093] (-) TimerEvent: {}
[4.686910] (buoy_control) Command: {'cmd': ['/usr/bin/python3', '-W', 'ignore:setup.py install is deprecated', '-W', 'ignore:easy_install command is deprecated', 'setup.py', 'egg_info', '--egg-base', '../build/buoy_control', 'build', '--build-base', '/home/selqie/buoyancy/build/buoy_control/build', 'install', '--record', '/home/selqie/buoyancy/build/buoy_control/install.log', '--single-version-externally-managed', 'install_data'], 'cwd': '/home/selqie/buoyancy/buoy_control', 'env': {'LESSOPEN': '| /usr/bin/lesspipe %s', 'USER': 'selqie', 'SSH_CLIENT': '192.168.1.109 51669 22', 'XDG_SESSION_TYPE': 'tty', 'SHLVL': '1', 'LD_LIBRARY_PATH': '/home/selqie/buoyancy/install/motor_interfaces/lib:/opt/ros/jazzy/lib/aarch64-linux-gnu:/opt/ros/jazzy/lib', 'HOME': '/home/selqie', 'OLDPWD': '/home/selqie', 'SSH_TTY': '/dev/pts/6', 'ROS_PYTHON_VERSION': '3', 'DBUS_SESSION_BUS_ADDRESS': 'unix:path=/run/user/1000/bus', 'COLCON_PREFIX_PATH': '/home/selqie/buoyancy/install', 'ROS_DISTRO': 'jazzy', 'LOGNAME': 'selqie', '_': '/usr/bin/colcon', 'ROS_VERSION': '2', 'XDG_SESSION_CLASS': 'user', 'TERM': 'xterm-256color', 'XDG_SESSION_ID': '1', 'PATH': '/home/selqie/.local/bin:/opt/ros/jazzy/bin:/usr/local/sbin:/usr/local/bin:/usr/sbin:/usr/bin:/sbin:/bin:/usr/games:/usr/local/games:/snap/bin', 'XDG_RUNTIME_DIR': '/run/user/1000', 'LANG': 'C.UTF-8', 'LS_COLORS': 'rs=0:di=01;34:ln=01;36:mh=00:pi=40;33:so=01;35:do=01;35:bd=40;33;01:cd=40;33;01:or=40;31;01:mi=00:su=37;41:sg=30;43:ca=00:tw=30;42:ow=34;42:st=37;44:ex=01;32:*.tar=01;31:*.tgz=01;31:*.arc=01;31:*.arj=01;31:*.taz=01;31:*.lha=01;31:*.lz4=01;31:*.lzh=01;31:*.lzma=01;31:*.tlz=01;31:*.txz=01;31:*.tzo=01;31:*.t7z=01;31:*.zip=01;31:*.z=01;31:*.dz=01;31:*.gz=01;31:*.lrz=01;31:*.lz=01;31:*.lzo=01;31:*.xz=01;31:*.zst=01;31:*.tzst=01;31:*.bz2=01;31:*.bz=01;31:*.tbz=01;31:*.tbz2=01;31:*.tz=01;31:*.deb=01;31:*.rpm=01;31:*.jar=01;31:*.war=01;31:*.ear=01;31:*.sar=01;31:*.rar=01;31:*.alz=01;31:*.ace=01;31:*.zoo=01;31:*.cpio=01;31:*.7z=01;31:*.rz=01;31:*.cab=01;31:*.wim=01;31:*.swm=01;31:*.dwm=01;31:*.esd=01;31:*.avif=01;35:*.jpg=01;35:*.jpeg=01;35:*.mjpg=01;35:*.mjpeg=01;35:*.gif=01;35:*.bmp=01;35:*.pbm=01;35:*.pgm=01;35:*.ppm=01;35:*.tga=01;35:*.xbm=01;35:*.xpm=01;35:*.tif=01;35:*.tiff=01;35:*.png=01;35:*.svg=01;35:*.svgz=01;35:*.mng=01;35:*.pcx=01;35:*.mov=01;35:*.mpg=01;35:*.mpeg=01;35:*.m2v=01;35:*.mkv=01;35:*.webm=01;35:*.webp=01;35:*.ogm=01;35:*.mp4=01;35:*.m4v=01;35:*.mp4v=01;35:*.vob=01;35:*.qt=01;35:*.nuv=01;35:*.wmv=01;35:*.asf=01;35:*.rm=01;35:*.rmvb=01;35:*.flc=01;35:*.avi=01;35:*.fli=01;35:*.flv=01;35:*.gl=01;35:*.dl=01;35:*.xcf=01;35:*.xwd=01;35:*.yuv=01;35:*.cgm=01;35:*.emf=01;35:*.ogv=01;35:*.ogx=01;35:*.aac=00;36:*.au=00;36:*.flac=00;36:*.m4a=00;36:*.mid=00;36:*.midi=00;36:*.mka=00;36:*.mp3=00;36:*.mpc=00;36:*.ogg=00;36:*.ra=00;36:*.wav=00;36:*.oga=00;36:*.opus=00;36:*.spx=00;36:*.xspf=00;36:*~=00;90:*#=00;90:*.bak=00;90:*.crdownload=00;90:*.dpkg-dist=00;90:*.dpkg-new=00;90:*.dpkg-old=00;90:*.dpkg-tmp=00;90:*.old=00;90:*.orig=00;90:*.part=00;90:*.rej=00;90:*.rpmnew=00;90:*.rpmorig=00;90:*.rpmsave=00;90:*.swp=00;90:*.tmp=00;90:*.ucf-dist=00;90:*.ucf-new=00;90:*.ucf-old=00;90:', 'AMENT_PREFIX_PATH': '/home/selqie/buoyancy/install/water_sensors:/home/selqie/buoyancy/install/servo:/home/selqie/buoyancy/install/sensing_bringup:/home/selqie/buoyancy/install/ms5837_bar_ros:/home/selqie/buoyancy/install/buoy_control:/home/selqie/buoyancy/install/motor_interfaces:/home/selqie/buoyancy/install/led:/home/selqie/buoyancy/install/bno08x_driver:/home/selqie/buoyancy/install/battery:/opt/ros/jazzy', 'SHELL': '/bin/bash', 'LESSCLOSE': '/usr/bin/lesspipe %s %s', 'ROS_AUTOMATIC_DISCOVERY_RANGE': 'SUBNET', 'PWD': '/home/selqie/buoyancy/build/buoy_control', 'SSH_CONNECTION': '192.168.1.109 51669 192.168.1.160 22', 'XDG_DATA_DIRS': '/usr/local/share:/usr/share:/var/lib/snapd/desktop', 'PYTHONPATH': '/home/selqie/buoyancy/build/buoy_control/prefix_override:/usr/lib/python3/dist-packages/colcon_core/task/python/colcon_distutils_commands:/home/selqie/buoyancy/install/buoy_control/lib/python3.12/site-packages:/home/selqie/buoyancy/install/motor_interfaces/lib/python3.12/site-packages:/home/selqie/buoyancy/install/water_sensors/lib/python3.12/site-packages:/home/selqie/buoyancy/install/servo/lib/python3.12/site-packages:/home/selqie/buoyancy/install/ms5837_bar_ros/lib/python3.12/site-packages:/home/selqie/buoyancy/install/buoy_control/lib/python3.12/site-packages:/home/selqie/buoyancy/install/led/lib/python3.12/site-packages:/home/selqie/buoyancy/install/battery/lib/python3.12/site-packages:/opt/ros/jazzy/lib/python3.12/site-packages', 'COLCON': '1', 'CMAKE_PREFIX_PATH': '/home/selqie/buoyancy/install/motor_interfaces:/home/selqie/buoyancy/install/sensing_bringup:/home/selqie/buoyancy/install/bno08x_driver'}, 'shell': False}
[4.693689] (servo) Command: {'cmd': ['/usr/bin/python3', '-W', 'ignore:setup.py install is deprecated', '-W', 'ignore:easy_install command is deprecated', 'setup.py', 'egg_info', '--egg-base', '../build/servo', 'build', '--build-base', '/home/selqie/buoyancy/build/servo/build', 'install', '--record', '/home/selqie/buoyancy/build/servo/install.log', '--single-version-externally-managed', 'install_data'], 'cwd': '/home/selqie/buoyancy/servo', 'env': {'LESSOPEN': '| /usr/bin/lesspipe %s', 'USER': 'selqie', 'SSH_CLIENT': '192.168.1.109 51669 22', 'XDG_SESSION_TYPE': 'tty', 'SHLVL': '1', 'LD_LIBRARY_PATH': '/home/selqie/buoyancy/install/motor_interfaces/lib:/opt/ros/jazzy/lib/aarch64-linux-gnu:/opt/ros/jazzy/lib', 'HOME': '/home/selqie', 'OLDPWD': '/home/selqie', 'SSH_TTY': '/dev/pts/6', 'ROS_PYTHON_VERSION': '3', 'DBUS_SESSION_BUS_ADDRESS': 'unix:path=/run/user/1000/bus', 'COLCON_PREFIX_PATH': '/home/selqie/buoyancy/install', 'ROS_DISTRO': 'jazzy', 'LOGNAME': 'selqie', '_': '/usr/bin/colcon', 'ROS_VERSION': '2', 'XDG_SESSION_CLASS': 'user', 'TERM': 'xterm-256color', 'XDG_SESSION_ID': '1', 'PATH': '/home/selqie/.local/bin:/opt/ros/jazzy/bin:/usr/local/sbin:/usr/local/bin:/usr/sbin:/usr/bin:/sbin:/bin:/usr/games:/usr/local/games:/snap/bin', 'XDG_RUNTIME_DIR': '/run/user/1000', 'LANG': 'C.UTF-8', 'LS_COLORS': 'rs=0:di=01;34:ln=01;36:mh=00:pi=40;33:so=01;35:do=01;35:bd=40;33;01:cd=40;33;01:or=40;31;01:mi=00:su=37;41:sg=30;43:ca=00:tw=30;42:ow=34;42:st=37;44:ex=01;32:*.tar=01;31:*.tgz=01;31:*.arc=01;31:*.arj=01;31:*.taz=01;31:*.lha=01;31:*.lz4=01;31:*.lzh=01;31:*.lzma=01;31:*.tlz=01;31:*.txz=01;31:*.tzo=01;31:*.t7z=01;31:*.zip=01;31:*.z=01;31:*.dz=01;31:*.gz=01;31:*.lrz=01;31:*.lz=01;31:*.lzo=01;31:*.xz=01;31:*.zst=01;31:*.tzst=01;31:*.bz2=01;31:*.bz=01;31:*.tbz=01;31:*.tbz2=01;31:*.tz=01;31:*.deb=01;31:*.rpm=01;31:*.jar=01;31:*.war=01;31:*.ear=01;31:*.sar=01;31:*.rar=01;31:*.alz=01;31:*.ace=01;31:*.zoo=01;31:*.cpio=01;31:*.7z=01;31:*.rz=01;31:*.cab=01;31:*.wim=01;31:*.swm=01;31:*.dwm=01;31:*.esd=01;31:*.avif=01;35:*.jpg=01;35:*.jpeg=01;35:*.mjpg=01;35:*.mjpeg=01;35:*.gif=01;35:*.bmp=01;35:*.pbm=01;35:*.pgm=01;35:*.ppm=01;35:*.tga=01;35:*.xbm=01;35:*.xpm=01;35:*.tif=01;35:*.tiff=01;35:*.png=01;35:*.svg=01;35:*.svgz=01;35:*.mng=01;35:*.pcx=01;35:*.mov=01;35:*.mpg=01;35:*.mpeg=01;35:*.m2v=01;35:*.mkv=01;35:*.webm=01;35:*.webp=01;35:*.ogm=01;35:*.mp4=01;35:*.m4v=01;35:*.mp4v=01;35:*.vob=01;35:*.qt=01;35:*.nuv=01;35:*.wmv=01;35:*.asf=01;35:*.rm=01;35:*.rmvb=01;35:*.flc=01;35:*.avi=01;35:*.fli=01;35:*.flv=01;35:*.gl=01;35:*.dl=01;35:*.xcf=01;35:*.xwd=01;35:*.yuv=01;35:*.cgm=01;35:*.emf=01;35:*.ogv=01;35:*.ogx=01;35:*.aac=00;36:*.au=00;36:*.flac=00;36:*.m4a=00;36:*.mid=00;36:*.midi=00;36:*.mka=00;36:*.mp3=00;36:*.mpc=00;36:*.ogg=00;36:*.ra=00;36:*.wav=00;36:*.oga=00;36:*.opus=00;36:*.spx=00;36:*.xspf=00;36:*~=00;90:*#=00;90:*.bak=00;90:*.crdownload=00;90:*.dpkg-dist=00;90:*.dpkg-new=00;90:*.dpkg-old=00;90:*.dpkg-tmp=00;90:*.old=00;90:*.orig=00;90:*.part=00;90:*.rej=00;90:*.rpmnew=00;90:*.rpmorig=00;90:*.rpmsave=00;90:*.swp=00;90:*.tmp=00;90:*.ucf-dist=00;90:*.ucf-new=00;90:*.ucf-old=00;90:', 'AMENT_PREFIX_PATH': '/home/selqie/buoyancy/install/water_sensors:/home/selqie/buoyancy/install/servo:/home/selqie/buoyancy/install/sensing_bringup:/home/selqie/buoyancy/install/ms5837_bar_ros:/home/selqie/buoyancy/install/buoy_control:/home/selqie/buoyancy/install/motor_interfaces:/home/selqie/buoyancy/install/led:/home/selqie/buoyancy/install/bno08x_driver:/home/selqie/buoyancy/install/battery:/opt/ros/jazzy', 'SHELL': '/bin/bash', 'LESSCLOSE': '/usr/bin/lesspipe %s %s', 'ROS_AUTOMATIC_DISCOVERY_RANGE': 'SUBNET', 'PWD': '/home/selqie/buoyancy/build/servo', 'SSH_CONNECTION': '192.168.1.109 51669 192.168.1.160 22', 'XDG_DATA_DIRS': '/usr/local/share:/usr/share:/var/lib/snapd/desktop', 'PYTHONPATH': '/home/selqie/buoyancy/build/servo/prefix_override:/usr/lib/python3/dist-packages/colcon_core/task/python/colcon_distutils_commands:/home/selqie/buoyancy/install/servo/lib/python3.12/site-packages:/home/selqie/buoyancy/install/motor_interfaces/lib/python3.12/site-packages:/home/selqie/buoyancy/install/water_sensors/lib/python3.12/site-packages:/home/selqie/buoyancy/install/servo/lib/python3.12/site-packages:/home/selqie/buoyancy/install/ms5837_bar_ros/lib/python3.12/site-packages:/home/selqie/buoyancy/install/buoy_control/lib/python3.12/site-packages:/home/selqie/buoyancy/install/led/lib/python3.12/site-packages:/home/selqie/buoyancy/install/battery/lib/python3.12/site-packages:/opt/ros/jazzy/lib/python3.12/site-packages', 'COLCON': '1', 'CMAKE_PREFIX_PATH': '/home/selqie/buoyancy/install/motor_interfaces:/home/selqie/buoyancy/install/sensing_bringup:/home/selqie/buoyancy/install/bno08x_driver'}, 'shell': False}
[4.726173] (-) TimerEvent: {}
[4.826487] (-) TimerEvent: {}
[4.926783] (-) TimerEvent: {}
[5.027052] (-) TimerEvent: {}
[5.033268] (buoy_control) StdoutLine: {'line': b'running egg_info\n'}
[5.038365] (servo) StdoutLine: {'line': b'running egg_info\n'}
[5.055215] (buoy_control) StdoutLine: {'line': b'writing ../build/buoy_control/buoy_control.egg-info/PKG-INFO\n'}
[5.055645] (buoy_control) StdoutLine: {'line': b'writing dependency_links to ../build/buoy_control/buoy_control.egg-info/dependency_links.txt\n'}
[5.056975] (buoy_control) StdoutLine: {'line': b'writing entry points to ../build/buoy_control/buoy_control.egg-info/entry_points.txt\n'}
[5.058074] (buoy_control) StdoutLine: {'line': b'writing requirements to ../build/buoy_control/buoy_control.egg-info/requires.txt\n'}
[5.059202] (buoy_control) StdoutLine: {'line': b'writing top-level names to ../build/buoy_control/buoy_control.egg-info/top_level.txt\n'}
[5.060261] (servo) StdoutLine: {'line': b'writing ../build/servo/servo.egg-info/PKG-INFO\n'}
[5.061700] (servo) StdoutLine: {'line': b'writing dependency_links to ../build/servo/servo.egg-info/dependency_links.txt\n'}
[5.062950] (servo) StdoutLine: {'line': b'writing entry points to ../build/servo/servo.egg-info/entry_points.txt\n'}
[5.064092] (servo) StdoutLine: {'line': b'writing requirements to ../build/servo/servo.egg-info/requires.txt\n'}
[5.065493] (servo) StdoutLine: {'line': b'writing top-level names to ../build/servo/servo.egg-info/top_level.txt\n'}
[5.106387] (buoy_control) StdoutLine: {'line': b"reading manifest file '../build/buoy_control/buoy_control.egg-info/SOURCES.txt'\n"}
[5.106752] (buoy_control) StdoutLine: {'line': b"adding license file 'LICENSE'\n"}
[5.107508] (buoy_control) StdoutLine: {'line': b"writing manifest file '../build/buoy_control/buoy_control.egg-info/SOURCES.txt'\n"}
[5.107732] (buoy_control) StdoutLine: {'line': b'running build\n'}
[5.107847] (buoy_control) StdoutLine: {'line': b'running build_py\n'}
[5.108079] (buoy_control) StdoutLine: {'line': b'copying buoy_control/timer_control.py -> /home/selqie/buoyancy/build/buoy_control/build/lib/buoy_control\n'}
[5.108586] (buoy_control) StdoutLine: {'line': b'running install\n'}
[5.112729] (servo) StdoutLine: {'line': b"reading manifest file '../build/servo/servo.egg-info/SOURCES.txt'\n"}
[5.113734] (servo) StdoutLine: {'line': b"writing manifest file '../build/servo/servo.egg-info/SOURCES.txt'\n"}
[5.113948] (servo) StdoutLine: {'line': b'running build\n'}
[5.114064] (servo) StdoutLine: {'line': b'running build_py\n'}
[5.114454] (servo) StdoutLine: {'line': b'running install\n'}
[5.117955] (buoy_control) StdoutLine: {'line': b'running install_lib\n'}
[5.123713] (servo) StdoutLine: {'line': b'running install_lib\n'}
[5.127112] (-) TimerEvent: {}
[5.140575] (buoy_control) StdoutLine: {'line': b'copying /home/selqie/buoyancy/build/buoy_control/build/lib/buoy_control/timer_control.py -> /home/selqie/buoyancy/install/buoy_control/lib/python3.12/site-packages/buoy_control\n'}
[5.141533] (buoy_control) StdoutLine: {'line': b'byte-compiling /home/selqie/buoyancy/install/buoy_control/lib/python3.12/site-packages/buoy_control/timer_control.py to timer_control.cpython-312.pyc\n'}
[5.143232] (buoy_control) StdoutLine: {'line': b'running install_data\n'}
[5.143468] (buoy_control) StdoutLine: {'line': b'running install_egg_info\n'}
[5.147239] (servo) StdoutLine: {'line': b'running install_data\n'}
[5.147448] (servo) StdoutLine: {'line': b'running install_egg_info\n'}
[5.167790] (buoy_control) StdoutLine: {'line': b"removing '/home/selqie/buoyancy/install/buoy_control/lib/python3.12/site-packages/buoy_control-0.0.0-py3.12.egg-info' (and everything under it)\n"}
[5.168228] (buoy_control) StdoutLine: {'line': b'Copying ../build/buoy_control/buoy_control.egg-info to /home/selqie/buoyancy/install/buoy_control/lib/python3.12/site-packages/buoy_control-0.0.0-py3.12.egg-info\n'}
[5.169424] (buoy_control) StdoutLine: {'line': b'running install_scripts\n'}
[5.171999] (servo) StdoutLine: {'line': b"removing '/home/selqie/buoyancy/install/servo/lib/python3.12/site-packages/servo-0.1.0-py3.12.egg-info' (and everything under it)\n"}
[5.172450] (servo) StdoutLine: {'line': b'Copying ../build/servo/servo.egg-info to /home/selqie/buoyancy/install/servo/lib/python3.12/site-packages/servo-0.1.0-py3.12.egg-info\n'}
[5.173667] (servo) StdoutLine: {'line': b'running install_scripts\n'}
[5.227199] (-) TimerEvent: {}
[5.327469] (-) TimerEvent: {}
[5.330695] (buoy_control) StdoutLine: {'line': b'Installing button_control_node script to /home/selqie/buoyancy/install/buoy_control/lib/buoy_control\n'}
[5.330995] (buoy_control) StdoutLine: {'line': b'Installing timer_control_node script to /home/selqie/buoyancy/install/buoy_control/lib/buoy_control\n'}
[5.334866] (servo) StdoutLine: {'line': b'Installing servo_motor_node script to /home/selqie/buoyancy/install/servo/lib/servo\n'}
[5.335116] (buoy_control) StdoutLine: {'line': b"writing list of installed files to '/home/selqie/buoyancy/build/buoy_control/install.log'\n"}
[5.335869] (servo) StdoutLine: {'line': b"writing list of installed files to '/home/selqie/buoyancy/build/servo/install.log'\n"}
[5.427651] (-) TimerEvent: {}
[5.449850] (buoy_control) CommandEnded: {'returncode': 0}
[5.462040] (buoy_control) JobEnded: {'identifier': 'buoy_control', 'rc': 0}
[5.463227] (servo) CommandEnded: {'returncode': 0}
[5.477944] (servo) JobEnded: {'identifier': 'servo', 'rc': 0}
[5.479340] (-) EventReactorShutdown: {}
