[0.000000] (-) TimerEvent: {}
[0.000368] (battery) JobQueued: {'identifier': 'battery', 'dependencies': OrderedDict()}
[0.000423] (bno08x_driver) JobQueued: {'identifier': 'bno08x_driver', 'dependencies': OrderedDict()}
[0.000501] (led) JobQueued: {'identifier': 'led', 'dependencies': OrderedDict()}
[0.000522] (motor_interfaces) JobQueued: {'identifier': 'motor_interfaces', 'dependencies': OrderedDict()}
[0.000540] (ms5837_bar_ros) JobQueued: {'identifier': 'ms5837_bar_ros', 'dependencies': OrderedDict()}
[0.000558] (sensing_bringup) JobQueued: {'identifier': 'sensing_bringup', 'dependencies': OrderedDict()}
[0.000575] (water_sensors) JobQueued: {'identifier': 'water_sensors', 'dependencies': OrderedDict()}
[0.000591] (buoy_control) JobQueued: {'identifier': 'buoy_control', 'dependencies': OrderedDict({'motor_interfaces': '/home/selqie/buoyancy/install/motor_interfaces'})}
[0.000614] (servo) JobQueued: {'identifier': 'servo', 'dependencies': OrderedDict({'motor_interfaces': '/home/selqie/buoyancy/install/motor_interfaces'})}
[0.000914] (motor_interfaces) JobStarted: {'identifier': 'motor_interfaces'}
[0.008040] (battery) JobStarted: {'identifier': 'battery'}
[0.018537] (bno08x_driver) JobStarted: {'identifier': 'bno08x_driver'}
[0.024302] (led) JobStarted: {'identifier': 'led'}
[0.033559] (motor_interfaces) JobProgress: {'identifier': 'motor_interfaces', 'progress': 'cmake'}
[0.034691] (motor_interfaces) JobProgress: {'identifier': 'motor_interfaces', 'progress': 'build'}
[0.035517] (motor_interfaces) Command: {'cmd': ['/usr/bin/cmake', '--build', '/home/selqie/buoyancy/build/motor_interfaces', '--', '-j4', '-l4'], 'cwd': '/home/selqie/buoyancy/build/motor_interfaces', 'env': OrderedDict({'LESSOPEN': '| /usr/bin/lesspipe %s', 'USER': 'selqie', 'SSH_CLIENT': '192.168.1.109 51669 22', 'XDG_SESSION_TYPE': 'tty', 'SHLVL': '1', 'LD_LIBRARY_PATH': '/home/selqie/buoyancy/install/motor_interfaces/lib:/opt/ros/jazzy/lib/aarch64-linux-gnu:/opt/ros/jazzy/lib', 'HOME': '/home/selqie', 'OLDPWD': '/home/selqie', 'SSH_TTY': '/dev/pts/6', 'ROS_PYTHON_VERSION': '3', 'DBUS_SESSION_BUS_ADDRESS': 'unix:path=/run/user/1000/bus', 'COLCON_PREFIX_PATH': '/home/selqie/buoyancy/install', 'ROS_DISTRO': 'jazzy', 'LOGNAME': 'selqie', '_': '/usr/bin/colcon', 'ROS_VERSION': '2', 'XDG_SESSION_CLASS': 'user', 'TERM': 'xterm-256color', 'XDG_SESSION_ID': '1', 'PATH': '/home/selqie/.local/bin:/opt/ros/jazzy/bin:/usr/local/sbin:/usr/local/bin:/usr/sbin:/usr/bin:/sbin:/bin:/usr/games:/usr/local/games:/snap/bin', 'XDG_RUNTIME_DIR': '/run/user/1000', 'LANG': 'C.UTF-8', 'LS_COLORS': 'rs=0:di=01;34:ln=01;36:mh=00:pi=40;33:so=01;35:do=01;35:bd=40;33;01:cd=40;33;01:or=40;31;01:mi=00:su=37;41:sg=30;43:ca=00:tw=30;42:ow=34;42:st=37;44:ex=01;32:*.tar=01;31:*.tgz=01;31:*.arc=01;31:*.arj=01;31:*.taz=01;31:*.lha=01;31:*.lz4=01;31:*.lzh=01;31:*.lzma=01;31:*.tlz=01;31:*.txz=01;31:*.tzo=01;31:*.t7z=01;31:*.zip=01;31:*.z=01;31:*.dz=01;31:*.gz=01;31:*.lrz=01;31:*.lz=01;31:*.lzo=01;31:*.xz=01;31:*.zst=01;31:*.tzst=01;31:*.bz2=01;31:*.bz=01;31:*.tbz=01;31:*.tbz2=01;31:*.tz=01;31:*.deb=01;31:*.rpm=01;31:*.jar=01;31:*.war=01;31:*.ear=01;31:*.sar=01;31:*.rar=01;31:*.alz=01;31:*.ace=01;31:*.zoo=01;31:*.cpio=01;31:*.7z=01;31:*.rz=01;31:*.cab=01;31:*.wim=01;31:*.swm=01;31:*.dwm=01;31:*.esd=01;31:*.avif=01;35:*.jpg=01;35:*.jpeg=01;35:*.mjpg=01;35:*.mjpeg=01;35:*.gif=01;35:*.bmp=01;35:*.pbm=01;35:*.pgm=01;35:*.ppm=01;35:*.tga=01;35:*.xbm=01;35:*.xpm=01;35:*.tif=01;35:*.tiff=01;35:*.png=01;35:*.svg=01;35:*.svgz=01;35:*.mng=01;35:*.pcx=01;35:*.mov=01;35:*.mpg=01;35:*.mpeg=01;35:*.m2v=01;35:*.mkv=01;35:*.webm=01;35:*.webp=01;35:*.ogm=01;35:*.mp4=01;35:*.m4v=01;35:*.mp4v=01;35:*.vob=01;35:*.qt=01;35:*.nuv=01;35:*.wmv=01;35:*.asf=01;35:*.rm=01;35:*.rmvb=01;35:*.flc=01;35:*.avi=01;35:*.fli=01;35:*.flv=01;35:*.gl=01;35:*.dl=01;35:*.xcf=01;35:*.xwd=01;35:*.yuv=01;35:*.cgm=01;35:*.emf=01;35:*.ogv=01;35:*.ogx=01;35:*.aac=00;36:*.au=00;36:*.flac=00;36:*.m4a=00;36:*.mid=00;36:*.midi=00;36:*.mka=00;36:*.mp3=00;36:*.mpc=00;36:*.ogg=00;36:*.ra=00;36:*.wav=00;36:*.oga=00;36:*.opus=00;36:*.spx=00;36:*.xspf=00;36:*~=00;90:*#=00;90:*.bak=00;90:*.crdownload=00;90:*.dpkg-dist=00;90:*.dpkg-new=00;90:*.dpkg-old=00;90:*.dpkg-tmp=00;90:*.old=00;90:*.orig=00;90:*.part=00;90:*.rej=00;90:*.rpmnew=00;90:*.rpmorig=00;90:*.rpmsave=00;90:*.swp=00;90:*.tmp=00;90:*.ucf-dist=00;90:*.ucf-new=00;90:*.ucf-old=00;90:', 'AMENT_PREFIX_PATH': '/home/selqie/buoyancy/install/water_sensors:/home/selqie/buoyancy/install/servo:/home/selqie/buoyancy/install/sensing_bringup:/home/selqie/buoyancy/install/ms5837_bar_ros:/home/selqie/buoyancy/install/buoy_control:/home/selqie/buoyancy/install/motor_interfaces:/home/selqie/buoyancy/install/led:/home/selqie/buoyancy/install/bno08x_driver:/home/selqie/buoyancy/install/battery:/opt/ros/jazzy', 'SHELL': '/bin/bash', 'LESSCLOSE': '/usr/bin/lesspipe %s %s', 'ROS_AUTOMATIC_DISCOVERY_RANGE': 'SUBNET', 'PWD': '/home/selqie/buoyancy/build/motor_interfaces', 'SSH_CONNECTION': '192.168.1.109 51669 192.168.1.160 22', 'XDG_DATA_DIRS': '/usr/local/share:/usr/share:/var/lib/snapd/desktop', 'PYTHONPATH': '/home/selqie/buoyancy/install/water_sensors/lib/python3.12/site-packages:/home/selqie/buoyancy/install/servo/lib/python3.12/site-packages:/home/selqie/buoyancy/install/ms5837_bar_ros/lib/python3.12/site-packages:/home/selqie/buoyancy/install/buoy_control/lib/python3.12/site-packages:/home/selqie/buoyancy/install/motor_interfaces/lib/python3.12/site-packages:/home/selqie/buoyancy/install/led/lib/python3.12/site-packages:/home/selqie/buoyancy/install/battery/lib/python3.12/site-packages:/opt/ros/jazzy/lib/python3.12/site-packages', 'COLCON': '1', 'CMAKE_PREFIX_PATH': '/home/selqie/buoyancy/install/sensing_bringup:/home/selqie/buoyancy/install/motor_interfaces:/home/selqie/buoyancy/install/bno08x_driver:/home/selqie/buoyancy/install/water_sensors:/home/selqie/buoyancy/install/servo:/home/selqie/buoyancy/install/ms5837_bar_ros:/home/selqie/buoyancy/install/buoy_control:/home/selqie/buoyancy/install/led:/home/selqie/buoyancy/install/battery:/opt/ros/jazzy'}), 'shell': False}
[0.100511] (-) TimerEvent: {}
[0.203500] (-) TimerEvent: {}
[0.304079] (-) TimerEvent: {}
[0.404487] (-) TimerEvent: {}
[0.482332] (bno08x_driver) JobProgress: {'identifier': 'bno08x_driver', 'progress': 'cmake'}
[0.483133] (bno08x_driver) JobProgress: {'identifier': 'bno08x_driver', 'progress': 'build'}
[0.483687] (bno08x_driver) Command: {'cmd': ['/usr/bin/cmake', '--build', '/home/selqie/buoyancy/build/bno08x_driver', '--', '-j4', '-l4'], 'cwd': '/home/selqie/buoyancy/build/bno08x_driver', 'env': OrderedDict({'LESSOPEN': '| /usr/bin/lesspipe %s', 'USER': 'selqie', 'SSH_CLIENT': '192.168.1.109 51669 22', 'XDG_SESSION_TYPE': 'tty', 'SHLVL': '1', 'LD_LIBRARY_PATH': '/home/selqie/buoyancy/install/motor_interfaces/lib:/opt/ros/jazzy/lib/aarch64-linux-gnu:/opt/ros/jazzy/lib', 'HOME': '/home/selqie', 'OLDPWD': '/home/selqie', 'SSH_TTY': '/dev/pts/6', 'ROS_PYTHON_VERSION': '3', 'DBUS_SESSION_BUS_ADDRESS': 'unix:path=/run/user/1000/bus', 'COLCON_PREFIX_PATH': '/home/selqie/buoyancy/install', 'ROS_DISTRO': 'jazzy', 'LOGNAME': 'selqie', '_': '/usr/bin/colcon', 'ROS_VERSION': '2', 'XDG_SESSION_CLASS': 'user', 'TERM': 'xterm-256color', 'XDG_SESSION_ID': '1', 'PATH': '/home/selqie/.local/bin:/opt/ros/jazzy/bin:/usr/local/sbin:/usr/local/bin:/usr/sbin:/usr/bin:/sbin:/bin:/usr/games:/usr/local/games:/snap/bin', 'XDG_RUNTIME_DIR': '/run/user/1000', 'LANG': 'C.UTF-8', 'LS_COLORS': 'rs=0:di=01;34:ln=01;36:mh=00:pi=40;33:so=01;35:do=01;35:bd=40;33;01:cd=40;33;01:or=40;31;01:mi=00:su=37;41:sg=30;43:ca=00:tw=30;42:ow=34;42:st=37;44:ex=01;32:*.tar=01;31:*.tgz=01;31:*.arc=01;31:*.arj=01;31:*.taz=01;31:*.lha=01;31:*.lz4=01;31:*.lzh=01;31:*.lzma=01;31:*.tlz=01;31:*.txz=01;31:*.tzo=01;31:*.t7z=01;31:*.zip=01;31:*.z=01;31:*.dz=01;31:*.gz=01;31:*.lrz=01;31:*.lz=01;31:*.lzo=01;31:*.xz=01;31:*.zst=01;31:*.tzst=01;31:*.bz2=01;31:*.bz=01;31:*.tbz=01;31:*.tbz2=01;31:*.tz=01;31:*.deb=01;31:*.rpm=01;31:*.jar=01;31:*.war=01;31:*.ear=01;31:*.sar=01;31:*.rar=01;31:*.alz=01;31:*.ace=01;31:*.zoo=01;31:*.cpio=01;31:*.7z=01;31:*.rz=01;31:*.cab=01;31:*.wim=01;31:*.swm=01;31:*.dwm=01;31:*.esd=01;31:*.avif=01;35:*.jpg=01;35:*.jpeg=01;35:*.mjpg=01;35:*.mjpeg=01;35:*.gif=01;35:*.bmp=01;35:*.pbm=01;35:*.pgm=01;35:*.ppm=01;35:*.tga=01;35:*.xbm=01;35:*.xpm=01;35:*.tif=01;35:*.tiff=01;35:*.png=01;35:*.svg=01;35:*.svgz=01;35:*.mng=01;35:*.pcx=01;35:*.mov=01;35:*.mpg=01;35:*.mpeg=01;35:*.m2v=01;35:*.mkv=01;35:*.webm=01;35:*.webp=01;35:*.ogm=01;35:*.mp4=01;35:*.m4v=01;35:*.mp4v=01;35:*.vob=01;35:*.qt=01;35:*.nuv=01;35:*.wmv=01;35:*.asf=01;35:*.rm=01;35:*.rmvb=01;35:*.flc=01;35:*.avi=01;35:*.fli=01;35:*.flv=01;35:*.gl=01;35:*.dl=01;35:*.xcf=01;35:*.xwd=01;35:*.yuv=01;35:*.cgm=01;35:*.emf=01;35:*.ogv=01;35:*.ogx=01;35:*.aac=00;36:*.au=00;36:*.flac=00;36:*.m4a=00;36:*.mid=00;36:*.midi=00;36:*.mka=00;36:*.mp3=00;36:*.mpc=00;36:*.ogg=00;36:*.ra=00;36:*.wav=00;36:*.oga=00;36:*.opus=00;36:*.spx=00;36:*.xspf=00;36:*~=00;90:*#=00;90:*.bak=00;90:*.crdownload=00;90:*.dpkg-dist=00;90:*.dpkg-new=00;90:*.dpkg-old=00;90:*.dpkg-tmp=00;90:*.old=00;90:*.orig=00;90:*.part=00;90:*.rej=00;90:*.rpmnew=00;90:*.rpmorig=00;90:*.rpmsave=00;90:*.swp=00;90:*.tmp=00;90:*.ucf-dist=00;90:*.ucf-new=00;90:*.ucf-old=00;90:', 'AMENT_PREFIX_PATH': '/home/selqie/buoyancy/install/water_sensors:/home/selqie/buoyancy/install/servo:/home/selqie/buoyancy/install/sensing_bringup:/home/selqie/buoyancy/install/ms5837_bar_ros:/home/selqie/buoyancy/install/buoy_control:/home/selqie/buoyancy/install/motor_interfaces:/home/selqie/buoyancy/install/led:/home/selqie/buoyancy/install/bno08x_driver:/home/selqie/buoyancy/install/battery:/opt/ros/jazzy', 'SHELL': '/bin/bash', 'LESSCLOSE': '/usr/bin/lesspipe %s %s', 'ROS_AUTOMATIC_DISCOVERY_RANGE': 'SUBNET', 'PWD': '/home/selqie/buoyancy/build/bno08x_driver', 'SSH_CONNECTION': '192.168.1.109 51669 192.168.1.160 22', 'XDG_DATA_DIRS': '/usr/local/share:/usr/share:/var/lib/snapd/desktop', 'PYTHONPATH': '/home/selqie/buoyancy/install/water_sensors/lib/python3.12/site-packages:/home/selqie/buoyancy/install/servo/lib/python3.12/site-packages:/home/selqie/buoyancy/install/ms5837_bar_ros/lib/python3.12/site-packages:/home/selqie/buoyancy/install/buoy_control/lib/python3.12/site-packages:/home/selqie/buoyancy/install/motor_interfaces/lib/python3.12/site-packages:/home/selqie/buoyancy/install/led/lib/python3.12/site-packages:/home/selqie/buoyancy/install/battery/lib/python3.12/site-packages:/opt/ros/jazzy/lib/python3.12/site-packages', 'COLCON': '1', 'CMAKE_PREFIX_PATH': '/home/selqie/buoyancy/install/sensing_bringup:/home/selqie/buoyancy/install/motor_interfaces:/home/selqie/buoyancy/install/bno08x_driver:/home/selqie/buoyancy/install/water_sensors:/home/selqie/buoyancy/install/servo:/home/selqie/buoyancy/install/ms5837_bar_ros:/home/selqie/buoyancy/install/buoy_control:/home/selqie/buoyancy/install/led:/home/selqie/buoyancy/install/battery:/opt/ros/jazzy'}), 'shell': False}
[0.494359] (motor_interfaces) StdoutLine: {'line': b'[  2%] Built target motor_interfaces__rosidl_generator_type_description\n'}
[0.495469] (motor_interfaces) StdoutLine: {'line': b'[  2%] Built target ament_cmake_python_copy_motor_interfaces\n'}
[0.495665] (motor_interfaces) StdoutLine: {'line': b'[  5%] Built target motor_interfaces__cpp\n'}
[0.495772] (motor_interfaces) StdoutLine: {'line': b'[ 20%] Built target motor_interfaces__rosidl_generator_c\n'}
[0.495871] (motor_interfaces) StdoutLine: {'line': b'[ 38%] Built target motor_interfaces__rosidl_typesupport_cpp\n'}
[0.496014] (motor_interfaces) StdoutLine: {'line': b'[ 38%] Built target motor_interfaces__rosidl_typesupport_introspection_cpp\n'}
[0.496129] (motor_interfaces) StdoutLine: {'line': b'[ 47%] Built target motor_interfaces__rosidl_typesupport_fastrtps_cpp\n'}
[0.496219] (motor_interfaces) StdoutLine: {'line': b'[ 55%] Built target motor_interfaces__rosidl_typesupport_fastrtps_c\n'}
[0.496317] (motor_interfaces) StdoutLine: {'line': b'[ 64%] Built target motor_interfaces__rosidl_typesupport_introspection_c\n'}
[0.496513] (motor_interfaces) StdoutLine: {'line': b'[ 73%] Built target motor_interfaces__rosidl_typesupport_c\n'}
[0.496643] (motor_interfaces) StdoutLine: {'line': b'[ 73%] Built target motor_interfaces\n'}
[0.496817] (motor_interfaces) StdoutLine: {'line': b'[ 76%] Built target motor_interfaces__py\n'}
[0.496973] (motor_interfaces) StdoutLine: {'line': b'[ 82%] Built target motor_interfaces__rosidl_generator_py\n'}
[0.497087] (motor_interfaces) StdoutLine: {'line': b'[ 88%] Built target motor_interfaces_s__rosidl_typesupport_fastrtps_c\n'}
[0.497180] (motor_interfaces) StdoutLine: {'line': b'[ 94%] Built target motor_interfaces_s__rosidl_typesupport_introspection_c\n'}
[0.499188] (motor_interfaces) StdoutLine: {'line': b'[100%] Built target motor_interfaces_s__rosidl_typesupport_c\n'}
[0.506412] (-) TimerEvent: {}
[0.581845] (motor_interfaces) StdoutLine: {'line': b'running egg_info\n'}
[0.597510] (bno08x_driver) StdoutLine: {'line': b'[ 27%] Built target sh2_library\n'}
[0.606509] (-) TimerEvent: {}
[0.615623] (bno08x_driver) StdoutLine: {'line': b'[ 38%] Built target gmock_main\n'}
[0.616429] (bno08x_driver) StdoutLine: {'line': b'[ 55%] Built target gmock\n'}
[0.619798] (motor_interfaces) StdoutLine: {'line': b'writing motor_interfaces.egg-info/PKG-INFO\n'}
[0.620696] (motor_interfaces) StdoutLine: {'line': b'writing dependency_links to motor_interfaces.egg-info/dependency_links.txt\n'}
[0.622218] (motor_interfaces) StdoutLine: {'line': b'writing top-level names to motor_interfaces.egg-info/top_level.txt\n'}
[0.674134] (bno08x_driver) StdoutLine: {'line': b'[ 66%] Built target test_i2c_mock\n'}
[0.690013] (bno08x_driver) StdoutLine: {'line': b'[ 77%] Built target test_watchdog\n'}
[0.694409] (bno08x_driver) StdoutLine: {'line': b'[100%] Built target bno08x_driver\n'}
[0.706814] (-) TimerEvent: {}
[0.716569] (motor_interfaces) StdoutLine: {'line': b"reading manifest file 'motor_interfaces.egg-info/SOURCES.txt'\n"}
[0.717371] (motor_interfaces) StdoutLine: {'line': b"writing manifest file 'motor_interfaces.egg-info/SOURCES.txt'\n"}
[0.786678] (motor_interfaces) StdoutLine: {'line': b'[100%] Built target ament_cmake_python_build_motor_interfaces_egg\n'}
[0.806900] (-) TimerEvent: {}
[0.888803] (bno08x_driver) CommandEnded: {'returncode': 0}
[0.889711] (bno08x_driver) JobProgress: {'identifier': 'bno08x_driver', 'progress': 'install'}
[0.906722] (bno08x_driver) Command: {'cmd': ['/usr/bin/cmake', '--install', '/home/selqie/buoyancy/build/bno08x_driver'], 'cwd': '/home/selqie/buoyancy/build/bno08x_driver', 'env': OrderedDict({'LESSOPEN': '| /usr/bin/lesspipe %s', 'USER': 'selqie', 'SSH_CLIENT': '192.168.1.109 51669 22', 'XDG_SESSION_TYPE': 'tty', 'SHLVL': '1', 'LD_LIBRARY_PATH': '/home/selqie/buoyancy/install/motor_interfaces/lib:/opt/ros/jazzy/lib/aarch64-linux-gnu:/opt/ros/jazzy/lib', 'HOME': '/home/selqie', 'OLDPWD': '/home/selqie', 'SSH_TTY': '/dev/pts/6', 'ROS_PYTHON_VERSION': '3', 'DBUS_SESSION_BUS_ADDRESS': 'unix:path=/run/user/1000/bus', 'COLCON_PREFIX_PATH': '/home/selqie/buoyancy/install', 'ROS_DISTRO': 'jazzy', 'LOGNAME': 'selqie', '_': '/usr/bin/colcon', 'ROS_VERSION': '2', 'XDG_SESSION_CLASS': 'user', 'TERM': 'xterm-256color', 'XDG_SESSION_ID': '1', 'PATH': '/home/selqie/.local/bin:/opt/ros/jazzy/bin:/usr/local/sbin:/usr/local/bin:/usr/sbin:/usr/bin:/sbin:/bin:/usr/games:/usr/local/games:/snap/bin', 'XDG_RUNTIME_DIR': '/run/user/1000', 'LANG': 'C.UTF-8', 'LS_COLORS': 'rs=0:di=01;34:ln=01;36:mh=00:pi=40;33:so=01;35:do=01;35:bd=40;33;01:cd=40;33;01:or=40;31;01:mi=00:su=37;41:sg=30;43:ca=00:tw=30;42:ow=34;42:st=37;44:ex=01;32:*.tar=01;31:*.tgz=01;31:*.arc=01;31:*.arj=01;31:*.taz=01;31:*.lha=01;31:*.lz4=01;31:*.lzh=01;31:*.lzma=01;31:*.tlz=01;31:*.txz=01;31:*.tzo=01;31:*.t7z=01;31:*.zip=01;31:*.z=01;31:*.dz=01;31:*.gz=01;31:*.lrz=01;31:*.lz=01;31:*.lzo=01;31:*.xz=01;31:*.zst=01;31:*.tzst=01;31:*.bz2=01;31:*.bz=01;31:*.tbz=01;31:*.tbz2=01;31:*.tz=01;31:*.deb=01;31:*.rpm=01;31:*.jar=01;31:*.war=01;31:*.ear=01;31:*.sar=01;31:*.rar=01;31:*.alz=01;31:*.ace=01;31:*.zoo=01;31:*.cpio=01;31:*.7z=01;31:*.rz=01;31:*.cab=01;31:*.wim=01;31:*.swm=01;31:*.dwm=01;31:*.esd=01;31:*.avif=01;35:*.jpg=01;35:*.jpeg=01;35:*.mjpg=01;35:*.mjpeg=01;35:*.gif=01;35:*.bmp=01;35:*.pbm=01;35:*.pgm=01;35:*.ppm=01;35:*.tga=01;35:*.xbm=01;35:*.xpm=01;35:*.tif=01;35:*.tiff=01;35:*.png=01;35:*.svg=01;35:*.svgz=01;35:*.mng=01;35:*.pcx=01;35:*.mov=01;35:*.mpg=01;35:*.mpeg=01;35:*.m2v=01;35:*.mkv=01;35:*.webm=01;35:*.webp=01;35:*.ogm=01;35:*.mp4=01;35:*.m4v=01;35:*.mp4v=01;35:*.vob=01;35:*.qt=01;35:*.nuv=01;35:*.wmv=01;35:*.asf=01;35:*.rm=01;35:*.rmvb=01;35:*.flc=01;35:*.avi=01;35:*.fli=01;35:*.flv=01;35:*.gl=01;35:*.dl=01;35:*.xcf=01;35:*.xwd=01;35:*.yuv=01;35:*.cgm=01;35:*.emf=01;35:*.ogv=01;35:*.ogx=01;35:*.aac=00;36:*.au=00;36:*.flac=00;36:*.m4a=00;36:*.mid=00;36:*.midi=00;36:*.mka=00;36:*.mp3=00;36:*.mpc=00;36:*.ogg=00;36:*.ra=00;36:*.wav=00;36:*.oga=00;36:*.opus=00;36:*.spx=00;36:*.xspf=00;36:*~=00;90:*#=00;90:*.bak=00;90:*.crdownload=00;90:*.dpkg-dist=00;90:*.dpkg-new=00;90:*.dpkg-old=00;90:*.dpkg-tmp=00;90:*.old=00;90:*.orig=00;90:*.part=00;90:*.rej=00;90:*.rpmnew=00;90:*.rpmorig=00;90:*.rpmsave=00;90:*.swp=00;90:*.tmp=00;90:*.ucf-dist=00;90:*.ucf-new=00;90:*.ucf-old=00;90:', 'AMENT_PREFIX_PATH': '/home/selqie/buoyancy/install/water_sensors:/home/selqie/buoyancy/install/servo:/home/selqie/buoyancy/install/sensing_bringup:/home/selqie/buoyancy/install/ms5837_bar_ros:/home/selqie/buoyancy/install/buoy_control:/home/selqie/buoyancy/install/motor_interfaces:/home/selqie/buoyancy/install/led:/home/selqie/buoyancy/install/bno08x_driver:/home/selqie/buoyancy/install/battery:/opt/ros/jazzy', 'SHELL': '/bin/bash', 'LESSCLOSE': '/usr/bin/lesspipe %s %s', 'ROS_AUTOMATIC_DISCOVERY_RANGE': 'SUBNET', 'PWD': '/home/selqie/buoyancy/build/bno08x_driver', 'SSH_CONNECTION': '192.168.1.109 51669 192.168.1.160 22', 'XDG_DATA_DIRS': '/usr/local/share:/usr/share:/var/lib/snapd/desktop', 'PYTHONPATH': '/home/selqie/buoyancy/install/water_sensors/lib/python3.12/site-packages:/home/selqie/buoyancy/install/servo/lib/python3.12/site-packages:/home/selqie/buoyancy/install/ms5837_bar_ros/lib/python3.12/site-packages:/home/selqie/buoyancy/install/buoy_control/lib/python3.12/site-packages:/home/selqie/buoyancy/install/motor_interfaces/lib/python3.12/site-packages:/home/selqie/buoyancy/install/led/lib/python3.12/site-packages:/home/selqie/buoyancy/install/battery/lib/python3.12/site-packages:/opt/ros/jazzy/lib/python3.12/site-packages', 'COLCON': '1', 'CMAKE_PREFIX_PATH': '/home/selqie/buoyancy/install/sensing_bringup:/home/selqie/buoyancy/install/motor_interfaces:/home/selqie/buoyancy/install/bno08x_driver:/home/selqie/buoyancy/install/water_sensors:/home/selqie/buoyancy/install/servo:/home/selqie/buoyancy/install/ms5837_bar_ros:/home/selqie/buoyancy/install/buoy_control:/home/selqie/buoyancy/install/led:/home/selqie/buoyancy/install/battery:/opt/ros/jazzy'}), 'shell': False}
[0.908206] (-) TimerEvent: {}
[0.910480] (motor_interfaces) CommandEnded: {'returncode': 0}
[0.911129] (motor_interfaces) JobProgress: {'identifier': 'motor_interfaces', 'progress': 'install'}
[0.911167] (motor_interfaces) Command: {'cmd': ['/usr/bin/cmake', '--install', '/home/selqie/buoyancy/build/motor_interfaces'], 'cwd': '/home/selqie/buoyancy/build/motor_interfaces', 'env': OrderedDict({'LESSOPEN': '| /usr/bin/lesspipe %s', 'USER': 'selqie', 'SSH_CLIENT': '192.168.1.109 51669 22', 'XDG_SESSION_TYPE': 'tty', 'SHLVL': '1', 'LD_LIBRARY_PATH': '/home/selqie/buoyancy/install/motor_interfaces/lib:/opt/ros/jazzy/lib/aarch64-linux-gnu:/opt/ros/jazzy/lib', 'HOME': '/home/selqie', 'OLDPWD': '/home/selqie', 'SSH_TTY': '/dev/pts/6', 'ROS_PYTHON_VERSION': '3', 'DBUS_SESSION_BUS_ADDRESS': 'unix:path=/run/user/1000/bus', 'COLCON_PREFIX_PATH': '/home/selqie/buoyancy/install', 'ROS_DISTRO': 'jazzy', 'LOGNAME': 'selqie', '_': '/usr/bin/colcon', 'ROS_VERSION': '2', 'XDG_SESSION_CLASS': 'user', 'TERM': 'xterm-256color', 'XDG_SESSION_ID': '1', 'PATH': '/home/selqie/.local/bin:/opt/ros/jazzy/bin:/usr/local/sbin:/usr/local/bin:/usr/sbin:/usr/bin:/sbin:/bin:/usr/games:/usr/local/games:/snap/bin', 'XDG_RUNTIME_DIR': '/run/user/1000', 'LANG': 'C.UTF-8', 'LS_COLORS': 'rs=0:di=01;34:ln=01;36:mh=00:pi=40;33:so=01;35:do=01;35:bd=40;33;01:cd=40;33;01:or=40;31;01:mi=00:su=37;41:sg=30;43:ca=00:tw=30;42:ow=34;42:st=37;44:ex=01;32:*.tar=01;31:*.tgz=01;31:*.arc=01;31:*.arj=01;31:*.taz=01;31:*.lha=01;31:*.lz4=01;31:*.lzh=01;31:*.lzma=01;31:*.tlz=01;31:*.txz=01;31:*.tzo=01;31:*.t7z=01;31:*.zip=01;31:*.z=01;31:*.dz=01;31:*.gz=01;31:*.lrz=01;31:*.lz=01;31:*.lzo=01;31:*.xz=01;31:*.zst=01;31:*.tzst=01;31:*.bz2=01;31:*.bz=01;31:*.tbz=01;31:*.tbz2=01;31:*.tz=01;31:*.deb=01;31:*.rpm=01;31:*.jar=01;31:*.war=01;31:*.ear=01;31:*.sar=01;31:*.rar=01;31:*.alz=01;31:*.ace=01;31:*.zoo=01;31:*.cpio=01;31:*.7z=01;31:*.rz=01;31:*.cab=01;31:*.wim=01;31:*.swm=01;31:*.dwm=01;31:*.esd=01;31:*.avif=01;35:*.jpg=01;35:*.jpeg=01;35:*.mjpg=01;35:*.mjpeg=01;35:*.gif=01;35:*.bmp=01;35:*.pbm=01;35:*.pgm=01;35:*.ppm=01;35:*.tga=01;35:*.xbm=01;35:*.xpm=01;35:*.tif=01;35:*.tiff=01;35:*.png=01;35:*.svg=01;35:*.svgz=01;35:*.mng=01;35:*.pcx=01;35:*.mov=01;35:*.mpg=01;35:*.mpeg=01;35:*.m2v=01;35:*.mkv=01;35:*.webm=01;35:*.webp=01;35:*.ogm=01;35:*.mp4=01;35:*.m4v=01;35:*.mp4v=01;35:*.vob=01;35:*.qt=01;35:*.nuv=01;35:*.wmv=01;35:*.asf=01;35:*.rm=01;35:*.rmvb=01;35:*.flc=01;35:*.avi=01;35:*.fli=01;35:*.flv=01;35:*.gl=01;35:*.dl=01;35:*.xcf=01;35:*.xwd=01;35:*.yuv=01;35:*.cgm=01;35:*.emf=01;35:*.ogv=01;35:*.ogx=01;35:*.aac=00;36:*.au=00;36:*.flac=00;36:*.m4a=00;36:*.mid=00;36:*.midi=00;36:*.mka=00;36:*.mp3=00;36:*.mpc=00;36:*.ogg=00;36:*.ra=00;36:*.wav=00;36:*.oga=00;36:*.opus=00;36:*.spx=00;36:*.xspf=00;36:*~=00;90:*#=00;90:*.bak=00;90:*.crdownload=00;90:*.dpkg-dist=00;90:*.dpkg-new=00;90:*.dpkg-old=00;90:*.dpkg-tmp=00;90:*.old=00;90:*.orig=00;90:*.part=00;90:*.rej=00;90:*.rpmnew=00;90:*.rpmorig=00;90:*.rpmsave=00;90:*.swp=00;90:*.tmp=00;90:*.ucf-dist=00;90:*.ucf-new=00;90:*.ucf-old=00;90:', 'AMENT_PREFIX_PATH': '/home/selqie/buoyancy/install/water_sensors:/home/selqie/buoyancy/install/servo:/home/selqie/buoyancy/install/sensing_bringup:/home/selqie/buoyancy/install/ms5837_bar_ros:/home/selqie/buoyancy/install/buoy_control:/home/selqie/buoyancy/install/motor_interfaces:/home/selqie/buoyancy/install/led:/home/selqie/buoyancy/install/bno08x_driver:/home/selqie/buoyancy/install/battery:/opt/ros/jazzy', 'SHELL': '/bin/bash', 'LESSCLOSE': '/usr/bin/lesspipe %s %s', 'ROS_AUTOMATIC_DISCOVERY_RANGE': 'SUBNET', 'PWD': '/home/selqie/buoyancy/build/motor_interfaces', 'SSH_CONNECTION': '192.168.1.109 51669 192.168.1.160 22', 'XDG_DATA_DIRS': '/usr/local/share:/usr/share:/var/lib/snapd/desktop', 'PYTHONPATH': '/home/selqie/buoyancy/install/water_sensors/lib/python3.12/site-packages:/home/selqie/buoyancy/install/servo/lib/python3.12/site-packages:/home/selqie/buoyancy/install/ms5837_bar_ros/lib/python3.12/site-packages:/home/selqie/buoyancy/install/buoy_control/lib/python3.12/site-packages:/home/selqie/buoyancy/install/motor_interfaces/lib/python3.12/site-packages:/home/selqie/buoyancy/install/led/lib/python3.12/site-packages:/home/selqie/buoyancy/install/battery/lib/python3.12/site-packages:/opt/ros/jazzy/lib/python3.12/site-packages', 'COLCON': '1', 'CMAKE_PREFIX_PATH': '/home/selqie/buoyancy/install/sensing_bringup:/home/selqie/buoyancy/install/motor_interfaces:/home/selqie/buoyancy/install/bno08x_driver:/home/selqie/buoyancy/install/water_sensors:/home/selqie/buoyancy/install/servo:/home/selqie/buoyancy/install/ms5837_bar_ros:/home/selqie/buoyancy/install/buoy_control:/home/selqie/buoyancy/install/led:/home/selqie/buoyancy/install/battery:/opt/ros/jazzy'}), 'shell': False}
[0.925351] (bno08x_driver) StdoutLine: {'line': b'-- Install configuration: ""\n'}
[0.927056] (bno08x_driver) StdoutLine: {'line': b'-- Up-to-date: /home/selqie/buoyancy/install/bno08x_driver/lib/bno08x_driver/bno08x_driver\n'}
[0.927357] (bno08x_driver) StdoutLine: {'line': b'-- Up-to-date: /home/selqie/buoyancy/install/bno08x_driver/share/bno08x_driver/config\n'}
[0.927528] (bno08x_driver) StdoutLine: {'line': b'-- Up-to-date: /home/selqie/buoyancy/install/bno08x_driver/share/bno08x_driver/config/bno085_i2c.yaml\n'}
[0.927648] (bno08x_driver) StdoutLine: {'line': b'-- Up-to-date: /home/selqie/buoyancy/install/bno08x_driver/share/bno08x_driver/launch\n'}
[0.927742] (bno08x_driver) StdoutLine: {'line': b'-- Up-to-date: /home/selqie/buoyancy/install/bno08x_driver/share/bno08x_driver/launch/bno085_i2c.launch.py\n'}
[0.927852] (bno08x_driver) StdoutLine: {'line': b'-- Up-to-date: /home/selqie/buoyancy/install/bno08x_driver/share/ament_index/resource_index/package_run_dependencies/bno08x_driver\n'}
[0.927959] (bno08x_driver) StdoutLine: {'line': b'-- Up-to-date: /home/selqie/buoyancy/install/bno08x_driver/share/ament_index/resource_index/parent_prefix_path/bno08x_driver\n'}
[0.928088] (bno08x_driver) StdoutLine: {'line': b'-- Up-to-date: /home/selqie/buoyancy/install/bno08x_driver/share/bno08x_driver/environment/ament_prefix_path.sh\n'}
[0.928186] (bno08x_driver) StdoutLine: {'line': b'-- Up-to-date: /home/selqie/buoyancy/install/bno08x_driver/share/bno08x_driver/environment/ament_prefix_path.dsv\n'}
[0.928284] (bno08x_driver) StdoutLine: {'line': b'-- Up-to-date: /home/selqie/buoyancy/install/bno08x_driver/share/bno08x_driver/environment/path.sh\n'}
[0.930516] (bno08x_driver) StdoutLine: {'line': b'-- Up-to-date: /home/selqie/buoyancy/install/bno08x_driver/share/bno08x_driver/environment/path.dsv\n'}
[0.930942] (bno08x_driver) StdoutLine: {'line': b'-- Up-to-date: /home/selqie/buoyancy/install/bno08x_driver/share/bno08x_driver/local_setup.bash\n'}
[0.931064] (bno08x_driver) StdoutLine: {'line': b'-- Up-to-date: /home/selqie/buoyancy/install/bno08x_driver/share/bno08x_driver/local_setup.sh\n'}
[0.931166] (bno08x_driver) StdoutLine: {'line': b'-- Up-to-date: /home/selqie/buoyancy/install/bno08x_driver/share/bno08x_driver/local_setup.zsh\n'}
[0.931257] (bno08x_driver) StdoutLine: {'line': b'-- Up-to-date: /home/selqie/buoyancy/install/bno08x_driver/share/bno08x_driver/local_setup.dsv\n'}
[0.931367] (bno08x_driver) StdoutLine: {'line': b'-- Installing: /home/selqie/buoyancy/install/bno08x_driver/share/bno08x_driver/package.dsv\n'}
[0.931580] (bno08x_driver) StdoutLine: {'line': b'-- Up-to-date: /home/selqie/buoyancy/install/bno08x_driver/share/ament_index/resource_index/packages/bno08x_driver\n'}
[0.931754] (bno08x_driver) StdoutLine: {'line': b'-- Up-to-date: /home/selqie/buoyancy/install/bno08x_driver/share/bno08x_driver/cmake/bno08x_driverConfig.cmake\n'}
[0.932139] (bno08x_driver) StdoutLine: {'line': b'-- Up-to-date: /home/selqie/buoyancy/install/bno08x_driver/share/bno08x_driver/cmake/bno08x_driverConfig-version.cmake\n'}
[0.932536] (bno08x_driver) StdoutLine: {'line': b'-- Up-to-date: /home/selqie/buoyancy/install/bno08x_driver/share/bno08x_driver/package.xml\n'}
[0.932970] (motor_interfaces) StdoutLine: {'line': b'-- Install configuration: ""\n'}
[0.933452] (motor_interfaces) StdoutLine: {'line': b'-- Up-to-date: /home/selqie/buoyancy/install/motor_interfaces/share/ament_index/resource_index/rosidl_interfaces/motor_interfaces\n'}
[0.933690] (motor_interfaces) StdoutLine: {'line': b'-- Up-to-date: /home/selqie/buoyancy/install/motor_interfaces/share/motor_interfaces/msg/MotorState.json\n'}
[0.933892] (motor_interfaces) StdoutLine: {'line': b'-- Up-to-date: /home/selqie/buoyancy/install/motor_interfaces/include/motor_interfaces/motor_interfaces\n'}
[0.934049] (motor_interfaces) StdoutLine: {'line': b'-- Up-to-date: /home/selqie/buoyancy/install/motor_interfaces/include/motor_interfaces/motor_interfaces/msg\n'}
[0.934209] (motor_interfaces) StdoutLine: {'line': b'-- Up-to-date: /home/selqie/buoyancy/install/motor_interfaces/include/motor_interfaces/motor_interfaces/msg/motor_state.h\n'}
[0.935069] (motor_interfaces) StdoutLine: {'line': b'-- Up-to-date: /home/selqie/buoyancy/install/motor_interfaces/include/motor_interfaces/motor_interfaces/msg/detail\n'}
[0.935333] (motor_interfaces) StdoutLine: {'line': b'-- Up-to-date: /home/selqie/buoyancy/install/motor_interfaces/include/motor_interfaces/motor_interfaces/msg/detail/motor_state__functions.c\n'}
[0.935998] (motor_interfaces) StdoutLine: {'line': b'-- Installing: /home/selqie/buoyancy/install/motor_interfaces/include/motor_interfaces/motor_interfaces/msg/detail/motor_state__type_support.c\n'}
[0.936146] (motor_interfaces) StdoutLine: {'line': b'-- Up-to-date: /home/selqie/buoyancy/install/motor_interfaces/include/motor_interfaces/motor_interfaces/msg/detail/motor_state__description.c\n'}
[0.936271] (motor_interfaces) StdoutLine: {'line': b'-- Up-to-date: /home/selqie/buoyancy/install/motor_interfaces/include/motor_interfaces/motor_interfaces/msg/detail/motor_state__struct.h\n'}
[0.936361] (motor_interfaces) StdoutLine: {'line': b'-- Up-to-date: /home/selqie/buoyancy/install/motor_interfaces/include/motor_interfaces/motor_interfaces/msg/detail/motor_state__type_support.h\n'}
[0.936878] (motor_interfaces) StdoutLine: {'line': b'-- Up-to-date: /home/selqie/buoyancy/install/motor_interfaces/include/motor_interfaces/motor_interfaces/msg/detail/motor_state__functions.h\n'}
[0.936984] (motor_interfaces) StdoutLine: {'line': b'-- Up-to-date: /home/selqie/buoyancy/install/motor_interfaces/include/motor_interfaces/motor_interfaces/msg/rosidl_generator_c__visibility_control.h\n'}
[0.937079] (bno08x_driver) CommandEnded: {'returncode': 0}
[0.937772] (motor_interfaces) StdoutLine: {'line': b'-- Up-to-date: /home/selqie/buoyancy/install/motor_interfaces/share/motor_interfaces/environment/library_path.sh\n'}
[0.938088] (motor_interfaces) StdoutLine: {'line': b'-- Up-to-date: /home/selqie/buoyancy/install/motor_interfaces/share/motor_interfaces/environment/library_path.dsv\n'}
[0.938226] (motor_interfaces) StdoutLine: {'line': b'-- Up-to-date: /home/selqie/buoyancy/install/motor_interfaces/lib/libmotor_interfaces__rosidl_generator_c.so\n'}
[0.938313] (motor_interfaces) StdoutLine: {'line': b'-- Up-to-date: /home/selqie/buoyancy/install/motor_interfaces/include/motor_interfaces/motor_interfaces\n'}
[0.938422] (motor_interfaces) StdoutLine: {'line': b'-- Up-to-date: /home/selqie/buoyancy/install/motor_interfaces/include/motor_interfaces/motor_interfaces/msg\n'}
[0.938637] (motor_interfaces) StdoutLine: {'line': b'-- Up-to-date: /home/selqie/buoyancy/install/motor_interfaces/include/motor_interfaces/motor_interfaces/msg/rosidl_typesupport_fastrtps_c__visibility_control.h\n'}
[0.938749] (motor_interfaces) StdoutLine: {'line': b'-- Up-to-date: /home/selqie/buoyancy/install/motor_interfaces/include/motor_interfaces/motor_interfaces/msg/detail\n'}
[0.938847] (motor_interfaces) StdoutLine: {'line': b'-- Up-to-date: /home/selqie/buoyancy/install/motor_interfaces/include/motor_interfaces/motor_interfaces/msg/detail/motor_state__rosidl_typesupport_fastrtps_c.h\n'}
[0.943754] (motor_interfaces) StdoutLine: {'line': b'-- Up-to-date: /home/selqie/buoyancy/install/motor_interfaces/lib/libmotor_interfaces__rosidl_typesupport_fastrtps_c.so\n'}
[0.944182] (motor_interfaces) StdoutLine: {'line': b'-- Up-to-date: /home/selqie/buoyancy/install/motor_interfaces/include/motor_interfaces/motor_interfaces\n'}
[0.944320] (motor_interfaces) StdoutLine: {'line': b'-- Up-to-date: /home/selqie/buoyancy/install/motor_interfaces/include/motor_interfaces/motor_interfaces/msg\n'}
[0.944597] (motor_interfaces) StdoutLine: {'line': b'-- Up-to-date: /home/selqie/buoyancy/install/motor_interfaces/include/motor_interfaces/motor_interfaces/msg/detail\n'}
[0.944840] (motor_interfaces) StdoutLine: {'line': b'-- Installing: /home/selqie/buoyancy/install/motor_interfaces/include/motor_interfaces/motor_interfaces/msg/detail/motor_state__type_support.c\n'}
[0.945033] (motor_interfaces) StdoutLine: {'line': b'-- Up-to-date: /home/selqie/buoyancy/install/motor_interfaces/include/motor_interfaces/motor_interfaces/msg/detail/motor_state__rosidl_typesupport_introspection_c.h\n'}
[0.945327] (motor_interfaces) StdoutLine: {'line': b'-- Up-to-date: /home/selqie/buoyancy/install/motor_interfaces/include/motor_interfaces/motor_interfaces/msg/rosidl_typesupport_introspection_c__visibility_control.h\n'}
[0.947800] (motor_interfaces) StdoutLine: {'line': b'-- Up-to-date: /home/selqie/buoyancy/install/motor_interfaces/lib/libmotor_interfaces__rosidl_typesupport_introspection_c.so\n'}
[0.948011] (motor_interfaces) StdoutLine: {'line': b'-- Up-to-date: /home/selqie/buoyancy/install/motor_interfaces/lib/libmotor_interfaces__rosidl_typesupport_c.so\n'}
[0.948165] (motor_interfaces) StdoutLine: {'line': b'-- Up-to-date: /home/selqie/buoyancy/install/motor_interfaces/include/motor_interfaces/motor_interfaces\n'}
[0.948293] (motor_interfaces) StdoutLine: {'line': b'-- Up-to-date: /home/selqie/buoyancy/install/motor_interfaces/include/motor_interfaces/motor_interfaces/msg\n'}
[0.948411] (motor_interfaces) StdoutLine: {'line': b'-- Up-to-date: /home/selqie/buoyancy/install/motor_interfaces/include/motor_interfaces/motor_interfaces/msg/detail\n'}
[0.948574] (motor_interfaces) StdoutLine: {'line': b'-- Up-to-date: /home/selqie/buoyancy/install/motor_interfaces/include/motor_interfaces/motor_interfaces/msg/detail/motor_state__traits.hpp\n'}
[0.948722] (motor_interfaces) StdoutLine: {'line': b'-- Up-to-date: /home/selqie/buoyancy/install/motor_interfaces/include/motor_interfaces/motor_interfaces/msg/detail/motor_state__type_support.hpp\n'}
[0.948825] (motor_interfaces) StdoutLine: {'line': b'-- Up-to-date: /home/selqie/buoyancy/install/motor_interfaces/include/motor_interfaces/motor_interfaces/msg/detail/motor_state__builder.hpp\n'}
[0.948916] (motor_interfaces) StdoutLine: {'line': b'-- Up-to-date: /home/selqie/buoyancy/install/motor_interfaces/include/motor_interfaces/motor_interfaces/msg/detail/motor_state__struct.hpp\n'}
[0.949028] (motor_interfaces) StdoutLine: {'line': b'-- Up-to-date: /home/selqie/buoyancy/install/motor_interfaces/include/motor_interfaces/motor_interfaces/msg/motor_state.hpp\n'}
[0.949113] (motor_interfaces) StdoutLine: {'line': b'-- Up-to-date: /home/selqie/buoyancy/install/motor_interfaces/include/motor_interfaces/motor_interfaces/msg/rosidl_generator_cpp__visibility_control.hpp\n'}
[0.949214] (motor_interfaces) StdoutLine: {'line': b'-- Up-to-date: /home/selqie/buoyancy/install/motor_interfaces/include/motor_interfaces/motor_interfaces\n'}
[0.949305] (motor_interfaces) StdoutLine: {'line': b'-- Up-to-date: /home/selqie/buoyancy/install/motor_interfaces/include/motor_interfaces/motor_interfaces/msg\n'}
[0.949589] (motor_interfaces) StdoutLine: {'line': b'-- Up-to-date: /home/selqie/buoyancy/install/motor_interfaces/include/motor_interfaces/motor_interfaces/msg/detail\n'}
[0.950530] (motor_interfaces) StdoutLine: {'line': b'-- Up-to-date: /home/selqie/buoyancy/install/motor_interfaces/include/motor_interfaces/motor_interfaces/msg/detail/motor_state__rosidl_typesupport_fastrtps_cpp.hpp\n'}
[0.951756] (motor_interfaces) StdoutLine: {'line': b'-- Up-to-date: /home/selqie/buoyancy/install/motor_interfaces/include/motor_interfaces/motor_interfaces/msg/detail/dds_fastrtps\n'}
[0.951923] (motor_interfaces) StdoutLine: {'line': b'-- Up-to-date: /home/selqie/buoyancy/install/motor_interfaces/include/motor_interfaces/motor_interfaces/msg/rosidl_typesupport_fastrtps_cpp__visibility_control.h\n'}
[0.952032] (motor_interfaces) StdoutLine: {'line': b'-- Up-to-date: /home/selqie/buoyancy/install/motor_interfaces/lib/libmotor_interfaces__rosidl_typesupport_fastrtps_cpp.so\n'}
[0.952138] (motor_interfaces) StdoutLine: {'line': b'-- Up-to-date: /home/selqie/buoyancy/install/motor_interfaces/include/motor_interfaces/motor_interfaces\n'}
[0.952245] (motor_interfaces) StdoutLine: {'line': b'-- Up-to-date: /home/selqie/buoyancy/install/motor_interfaces/include/motor_interfaces/motor_interfaces/msg\n'}
[0.952344] (motor_interfaces) StdoutLine: {'line': b'-- Up-to-date: /home/selqie/buoyancy/install/motor_interfaces/include/motor_interfaces/motor_interfaces/msg/detail\n'}
[0.952462] (motor_interfaces) StdoutLine: {'line': b'-- Up-to-date: /home/selqie/buoyancy/install/motor_interfaces/include/motor_interfaces/motor_interfaces/msg/detail/motor_state__rosidl_typesupport_introspection_cpp.hpp\n'}
[0.952570] (motor_interfaces) StdoutLine: {'line': b'-- Up-to-date: /home/selqie/buoyancy/install/motor_interfaces/include/motor_interfaces/motor_interfaces/msg/detail/motor_state__type_support.cpp\n'}
[0.952666] (motor_interfaces) StdoutLine: {'line': b'-- Up-to-date: /home/selqie/buoyancy/install/motor_interfaces/lib/libmotor_interfaces__rosidl_typesupport_introspection_cpp.so\n'}
[0.952751] (motor_interfaces) StdoutLine: {'line': b'-- Up-to-date: /home/selqie/buoyancy/install/motor_interfaces/lib/libmotor_interfaces__rosidl_typesupport_cpp.so\n'}
[0.952868] (motor_interfaces) StdoutLine: {'line': b'-- Up-to-date: /home/selqie/buoyancy/install/motor_interfaces/share/motor_interfaces/environment/pythonpath.sh\n'}
[0.952982] (motor_interfaces) StdoutLine: {'line': b'-- Up-to-date: /home/selqie/buoyancy/install/motor_interfaces/share/motor_interfaces/environment/pythonpath.dsv\n'}
[0.953076] (motor_interfaces) StdoutLine: {'line': b'-- Up-to-date: /home/selqie/buoyancy/install/motor_interfaces/lib/python3.12/site-packages/motor_interfaces-0.0.0-py3.12.egg-info\n'}
[0.953171] (motor_interfaces) StdoutLine: {'line': b'-- Installing: /home/selqie/buoyancy/install/motor_interfaces/lib/python3.12/site-packages/motor_interfaces-0.0.0-py3.12.egg-info/dependency_links.txt\n'}
[0.953252] (motor_interfaces) StdoutLine: {'line': b'-- Installing: /home/selqie/buoyancy/install/motor_interfaces/lib/python3.12/site-packages/motor_interfaces-0.0.0-py3.12.egg-info/PKG-INFO\n'}
[0.953332] (motor_interfaces) StdoutLine: {'line': b'-- Installing: /home/selqie/buoyancy/install/motor_interfaces/lib/python3.12/site-packages/motor_interfaces-0.0.0-py3.12.egg-info/top_level.txt\n'}
[0.953448] (motor_interfaces) StdoutLine: {'line': b'-- Installing: /home/selqie/buoyancy/install/motor_interfaces/lib/python3.12/site-packages/motor_interfaces-0.0.0-py3.12.egg-info/SOURCES.txt\n'}
[0.953568] (motor_interfaces) StdoutLine: {'line': b'-- Up-to-date: /home/selqie/buoyancy/install/motor_interfaces/lib/python3.12/site-packages/motor_interfaces\n'}
[0.953655] (motor_interfaces) StdoutLine: {'line': b'-- Up-to-date: /home/selqie/buoyancy/install/motor_interfaces/lib/python3.12/site-packages/motor_interfaces/_motor_interfaces_s.ep.rosidl_typesupport_introspection_c.c\n'}
[0.953740] (motor_interfaces) StdoutLine: {'line': b'-- Up-to-date: /home/selqie/buoyancy/install/motor_interfaces/lib/python3.12/site-packages/motor_interfaces/motor_interfaces_s__rosidl_typesupport_fastrtps_c.so\n'}
[0.953835] (motor_interfaces) StdoutLine: {'line': b'-- Up-to-date: /home/selqie/buoyancy/install/motor_interfaces/lib/python3.12/site-packages/motor_interfaces/msg\n'}
[0.953927] (motor_interfaces) StdoutLine: {'line': b'-- Up-to-date: /home/selqie/buoyancy/install/motor_interfaces/lib/python3.12/site-packages/motor_interfaces/msg/_motor_state.py\n'}
[0.954012] (motor_interfaces) StdoutLine: {'line': b'-- Up-to-date: /home/selqie/buoyancy/install/motor_interfaces/lib/python3.12/site-packages/motor_interfaces/msg/_motor_state_s.c\n'}
[0.954099] (motor_interfaces) StdoutLine: {'line': b'-- Up-to-date: /home/selqie/buoyancy/install/motor_interfaces/lib/python3.12/site-packages/motor_interfaces/msg/__init__.py\n'}
[0.954183] (motor_interfaces) StdoutLine: {'line': b'-- Up-to-date: /home/selqie/buoyancy/install/motor_interfaces/lib/python3.12/site-packages/motor_interfaces/motor_interfaces_s__rosidl_typesupport_introspection_c.so\n'}
[0.954282] (motor_interfaces) StdoutLine: {'line': b'-- Up-to-date: /home/selqie/buoyancy/install/motor_interfaces/lib/python3.12/site-packages/motor_interfaces/__init__.py\n'}
[0.954366] (motor_interfaces) StdoutLine: {'line': b'-- Up-to-date: /home/selqie/buoyancy/install/motor_interfaces/lib/python3.12/site-packages/motor_interfaces/motor_interfaces_s__rosidl_typesupport_c.so\n'}
[0.957733] (motor_interfaces) StdoutLine: {'line': b'-- Up-to-date: /home/selqie/buoyancy/install/motor_interfaces/lib/python3.12/site-packages/motor_interfaces/_motor_interfaces_s.ep.rosidl_typesupport_fastrtps_c.c\n'}
[0.957929] (motor_interfaces) StdoutLine: {'line': b'-- Up-to-date: /home/selqie/buoyancy/install/motor_interfaces/lib/python3.12/site-packages/motor_interfaces/_motor_interfaces_s.ep.rosidl_typesupport_c.c\n'}
[0.987697] (bno08x_driver) JobEnded: {'identifier': 'bno08x_driver', 'rc': 0}
[0.988905] (ms5837_bar_ros) JobStarted: {'identifier': 'ms5837_bar_ros'}
[1.009521] (-) TimerEvent: {}
[1.031019] (motor_interfaces) StdoutLine: {'line': b"Listing '/home/selqie/buoyancy/install/motor_interfaces/lib/python3.12/site-packages/motor_interfaces'...\n"}
[1.031438] (motor_interfaces) StdoutLine: {'line': b"Listing '/home/selqie/buoyancy/install/motor_interfaces/lib/python3.12/site-packages/motor_interfaces/msg'...\n"}
[1.056675] (motor_interfaces) StdoutLine: {'line': b'-- Up-to-date: /home/selqie/buoyancy/install/motor_interfaces/lib/python3.12/site-packages/motor_interfaces/motor_interfaces_s__rosidl_typesupport_fastrtps_c.so\n'}
[1.057674] (motor_interfaces) StdoutLine: {'line': b'-- Up-to-date: /home/selqie/buoyancy/install/motor_interfaces/lib/python3.12/site-packages/motor_interfaces/motor_interfaces_s__rosidl_typesupport_introspection_c.so\n'}
[1.057913] (motor_interfaces) StdoutLine: {'line': b'-- Up-to-date: /home/selqie/buoyancy/install/motor_interfaces/lib/python3.12/site-packages/motor_interfaces/motor_interfaces_s__rosidl_typesupport_c.so\n'}
[1.058263] (motor_interfaces) StdoutLine: {'line': b'-- Up-to-date: /home/selqie/buoyancy/install/motor_interfaces/lib/libmotor_interfaces__rosidl_generator_py.so\n'}
[1.059468] (motor_interfaces) StdoutLine: {'line': b'-- Up-to-date: /home/selqie/buoyancy/install/motor_interfaces/share/motor_interfaces/msg/MotorState.idl\n'}
[1.060334] (motor_interfaces) StdoutLine: {'line': b'-- Up-to-date: /home/selqie/buoyancy/install/motor_interfaces/share/motor_interfaces/msg/MotorState.msg\n'}
[1.061009] (motor_interfaces) StdoutLine: {'line': b'-- Up-to-date: /home/selqie/buoyancy/install/motor_interfaces/share/ament_index/resource_index/package_run_dependencies/motor_interfaces\n'}
[1.061611] (motor_interfaces) StdoutLine: {'line': b'-- Up-to-date: /home/selqie/buoyancy/install/motor_interfaces/share/ament_index/resource_index/parent_prefix_path/motor_interfaces\n'}
[1.062672] (motor_interfaces) StdoutLine: {'line': b'-- Up-to-date: /home/selqie/buoyancy/install/motor_interfaces/share/motor_interfaces/environment/ament_prefix_path.sh\n'}
[1.062848] (motor_interfaces) StdoutLine: {'line': b'-- Up-to-date: /home/selqie/buoyancy/install/motor_interfaces/share/motor_interfaces/environment/ament_prefix_path.dsv\n'}
[1.063008] (motor_interfaces) StdoutLine: {'line': b'-- Up-to-date: /home/selqie/buoyancy/install/motor_interfaces/share/motor_interfaces/environment/path.sh\n'}
[1.063114] (motor_interfaces) StdoutLine: {'line': b'-- Up-to-date: /home/selqie/buoyancy/install/motor_interfaces/share/motor_interfaces/environment/path.dsv\n'}
[1.063209] (motor_interfaces) StdoutLine: {'line': b'-- Up-to-date: /home/selqie/buoyancy/install/motor_interfaces/share/motor_interfaces/local_setup.bash\n'}
[1.063309] (motor_interfaces) StdoutLine: {'line': b'-- Up-to-date: /home/selqie/buoyancy/install/motor_interfaces/share/motor_interfaces/local_setup.sh\n'}
[1.065505] (motor_interfaces) StdoutLine: {'line': b'-- Up-to-date: /home/selqie/buoyancy/install/motor_interfaces/share/motor_interfaces/local_setup.zsh\n'}
[1.065856] (motor_interfaces) StdoutLine: {'line': b'-- Up-to-date: /home/selqie/buoyancy/install/motor_interfaces/share/motor_interfaces/local_setup.dsv\n'}
[1.065986] (motor_interfaces) StdoutLine: {'line': b'-- Installing: /home/selqie/buoyancy/install/motor_interfaces/share/motor_interfaces/package.dsv\n'}
[1.066086] (motor_interfaces) StdoutLine: {'line': b'-- Up-to-date: /home/selqie/buoyancy/install/motor_interfaces/share/ament_index/resource_index/packages/motor_interfaces\n'}
[1.066186] (motor_interfaces) StdoutLine: {'line': b'-- Up-to-date: /home/selqie/buoyancy/install/motor_interfaces/share/motor_interfaces/cmake/export_motor_interfaces__rosidl_generator_cExport.cmake\n'}
[1.066282] (motor_interfaces) StdoutLine: {'line': b'-- Up-to-date: /home/selqie/buoyancy/install/motor_interfaces/share/motor_interfaces/cmake/export_motor_interfaces__rosidl_generator_cExport-noconfig.cmake\n'}
[1.066369] (motor_interfaces) StdoutLine: {'line': b'-- Up-to-date: /home/selqie/buoyancy/install/motor_interfaces/share/motor_interfaces/cmake/export_motor_interfaces__rosidl_typesupport_fastrtps_cExport.cmake\n'}
[1.066492] (motor_interfaces) StdoutLine: {'line': b'-- Up-to-date: /home/selqie/buoyancy/install/motor_interfaces/share/motor_interfaces/cmake/export_motor_interfaces__rosidl_typesupport_fastrtps_cExport-noconfig.cmake\n'}
[1.066604] (motor_interfaces) StdoutLine: {'line': b'-- Up-to-date: /home/selqie/buoyancy/install/motor_interfaces/share/motor_interfaces/cmake/motor_interfaces__rosidl_typesupport_introspection_cExport.cmake\n'}
[1.066690] (motor_interfaces) StdoutLine: {'line': b'-- Up-to-date: /home/selqie/buoyancy/install/motor_interfaces/share/motor_interfaces/cmake/motor_interfaces__rosidl_typesupport_introspection_cExport-noconfig.cmake\n'}
[1.066780] (motor_interfaces) StdoutLine: {'line': b'-- Up-to-date: /home/selqie/buoyancy/install/motor_interfaces/share/motor_interfaces/cmake/motor_interfaces__rosidl_typesupport_cExport.cmake\n'}
[1.066861] (motor_interfaces) StdoutLine: {'line': b'-- Up-to-date: /home/selqie/buoyancy/install/motor_interfaces/share/motor_interfaces/cmake/motor_interfaces__rosidl_typesupport_cExport-noconfig.cmake\n'}
[1.066969] (motor_interfaces) StdoutLine: {'line': b'-- Up-to-date: /home/selqie/buoyancy/install/motor_interfaces/share/motor_interfaces/cmake/export_motor_interfaces__rosidl_generator_cppExport.cmake\n'}
[1.067074] (motor_interfaces) StdoutLine: {'line': b'-- Up-to-date: /home/selqie/buoyancy/install/motor_interfaces/share/motor_interfaces/cmake/export_motor_interfaces__rosidl_typesupport_fastrtps_cppExport.cmake\n'}
[1.067182] (motor_interfaces) StdoutLine: {'line': b'-- Up-to-date: /home/selqie/buoyancy/install/motor_interfaces/share/motor_interfaces/cmake/export_motor_interfaces__rosidl_typesupport_fastrtps_cppExport-noconfig.cmake\n'}
[1.067279] (motor_interfaces) StdoutLine: {'line': b'-- Up-to-date: /home/selqie/buoyancy/install/motor_interfaces/share/motor_interfaces/cmake/motor_interfaces__rosidl_typesupport_introspection_cppExport.cmake\n'}
[1.067373] (motor_interfaces) StdoutLine: {'line': b'-- Up-to-date: /home/selqie/buoyancy/install/motor_interfaces/share/motor_interfaces/cmake/motor_interfaces__rosidl_typesupport_introspection_cppExport-noconfig.cmake\n'}
[1.067629] (motor_interfaces) StdoutLine: {'line': b'-- Up-to-date: /home/selqie/buoyancy/install/motor_interfaces/share/motor_interfaces/cmake/motor_interfaces__rosidl_typesupport_cppExport.cmake\n'}
[1.067799] (motor_interfaces) StdoutLine: {'line': b'-- Up-to-date: /home/selqie/buoyancy/install/motor_interfaces/share/motor_interfaces/cmake/motor_interfaces__rosidl_typesupport_cppExport-noconfig.cmake\n'}
[1.067977] (motor_interfaces) StdoutLine: {'line': b'-- Up-to-date: /home/selqie/buoyancy/install/motor_interfaces/share/motor_interfaces/cmake/export_motor_interfaces__rosidl_generator_pyExport.cmake\n'}
[1.068156] (motor_interfaces) StdoutLine: {'line': b'-- Up-to-date: /home/selqie/buoyancy/install/motor_interfaces/share/motor_interfaces/cmake/export_motor_interfaces__rosidl_generator_pyExport-noconfig.cmake\n'}
[1.068310] (motor_interfaces) StdoutLine: {'line': b'-- Up-to-date: /home/selqie/buoyancy/install/motor_interfaces/share/motor_interfaces/cmake/rosidl_cmake-extras.cmake\n'}
[1.068469] (motor_interfaces) StdoutLine: {'line': b'-- Up-to-date: /home/selqie/buoyancy/install/motor_interfaces/share/motor_interfaces/cmake/ament_cmake_export_include_directories-extras.cmake\n'}
[1.068785] (motor_interfaces) StdoutLine: {'line': b'-- Up-to-date: /home/selqie/buoyancy/install/motor_interfaces/share/motor_interfaces/cmake/ament_cmake_export_libraries-extras.cmake\n'}
[1.068955] (motor_interfaces) StdoutLine: {'line': b'-- Up-to-date: /home/selqie/buoyancy/install/motor_interfaces/share/motor_interfaces/cmake/ament_cmake_export_targets-extras.cmake\n'}
[1.069081] (motor_interfaces) StdoutLine: {'line': b'-- Up-to-date: /home/selqie/buoyancy/install/motor_interfaces/share/motor_interfaces/cmake/rosidl_cmake_export_typesupport_targets-extras.cmake\n'}
[1.069242] (motor_interfaces) StdoutLine: {'line': b'-- Up-to-date: /home/selqie/buoyancy/install/motor_interfaces/share/motor_interfaces/cmake/ament_cmake_export_dependencies-extras.cmake\n'}
[1.069349] (motor_interfaces) StdoutLine: {'line': b'-- Up-to-date: /home/selqie/buoyancy/install/motor_interfaces/share/motor_interfaces/cmake/rosidl_cmake_export_typesupport_libraries-extras.cmake\n'}
[1.069514] (motor_interfaces) StdoutLine: {'line': b'-- Up-to-date: /home/selqie/buoyancy/install/motor_interfaces/share/motor_interfaces/cmake/motor_interfacesConfig.cmake\n'}
[1.069647] (motor_interfaces) StdoutLine: {'line': b'-- Up-to-date: /home/selqie/buoyancy/install/motor_interfaces/share/motor_interfaces/cmake/motor_interfacesConfig-version.cmake\n'}
[1.069785] (motor_interfaces) StdoutLine: {'line': b'-- Up-to-date: /home/selqie/buoyancy/install/motor_interfaces/share/motor_interfaces/package.xml\n'}
[1.109608] (-) TimerEvent: {}
[1.210141] (-) TimerEvent: {}
[1.310485] (-) TimerEvent: {}
[1.384578] (motor_interfaces) CommandEnded: {'returncode': 0}
[1.410583] (-) TimerEvent: {}
[1.428527] (motor_interfaces) JobEnded: {'identifier': 'motor_interfaces', 'rc': 0}
[1.429278] (sensing_bringup) JobStarted: {'identifier': 'sensing_bringup'}
[1.438027] (sensing_bringup) JobProgress: {'identifier': 'sensing_bringup', 'progress': 'cmake'}
[1.439713] (sensing_bringup) JobProgress: {'identifier': 'sensing_bringup', 'progress': 'build'}
[1.440210] (sensing_bringup) Command: {'cmd': ['/usr/bin/cmake', '--build', '/home/selqie/buoyancy/build/sensing_bringup', '--', '-j4', '-l4'], 'cwd': '/home/selqie/buoyancy/build/sensing_bringup', 'env': OrderedDict({'LESSOPEN': '| /usr/bin/lesspipe %s', 'USER': 'selqie', 'SSH_CLIENT': '192.168.1.109 51669 22', 'XDG_SESSION_TYPE': 'tty', 'SHLVL': '1', 'LD_LIBRARY_PATH': '/home/selqie/buoyancy/install/motor_interfaces/lib:/opt/ros/jazzy/lib/aarch64-linux-gnu:/opt/ros/jazzy/lib', 'HOME': '/home/selqie', 'OLDPWD': '/home/selqie', 'SSH_TTY': '/dev/pts/6', 'ROS_PYTHON_VERSION': '3', 'DBUS_SESSION_BUS_ADDRESS': 'unix:path=/run/user/1000/bus', 'COLCON_PREFIX_PATH': '/home/selqie/buoyancy/install', 'ROS_DISTRO': 'jazzy', 'LOGNAME': 'selqie', '_': '/usr/bin/colcon', 'ROS_VERSION': '2', 'XDG_SESSION_CLASS': 'user', 'TERM': 'xterm-256color', 'XDG_SESSION_ID': '1', 'PATH': '/home/selqie/.local/bin:/opt/ros/jazzy/bin:/usr/local/sbin:/usr/local/bin:/usr/sbin:/usr/bin:/sbin:/bin:/usr/games:/usr/local/games:/snap/bin', 'XDG_RUNTIME_DIR': '/run/user/1000', 'LANG': 'C.UTF-8', 'LS_COLORS': 'rs=0:di=01;34:ln=01;36:mh=00:pi=40;33:so=01;35:do=01;35:bd=40;33;01:cd=40;33;01:or=40;31;01:mi=00:su=37;41:sg=30;43:ca=00:tw=30;42:ow=34;42:st=37;44:ex=01;32:*.tar=01;31:*.tgz=01;31:*.arc=01;31:*.arj=01;31:*.taz=01;31:*.lha=01;31:*.lz4=01;31:*.lzh=01;31:*.lzma=01;31:*.tlz=01;31:*.txz=01;31:*.tzo=01;31:*.t7z=01;31:*.zip=01;31:*.z=01;31:*.dz=01;31:*.gz=01;31:*.lrz=01;31:*.lz=01;31:*.lzo=01;31:*.xz=01;31:*.zst=01;31:*.tzst=01;31:*.bz2=01;31:*.bz=01;31:*.tbz=01;31:*.tbz2=01;31:*.tz=01;31:*.deb=01;31:*.rpm=01;31:*.jar=01;31:*.war=01;31:*.ear=01;31:*.sar=01;31:*.rar=01;31:*.alz=01;31:*.ace=01;31:*.zoo=01;31:*.cpio=01;31:*.7z=01;31:*.rz=01;31:*.cab=01;31:*.wim=01;31:*.swm=01;31:*.dwm=01;31:*.esd=01;31:*.avif=01;35:*.jpg=01;35:*.jpeg=01;35:*.mjpg=01;35:*.mjpeg=01;35:*.gif=01;35:*.bmp=01;35:*.pbm=01;35:*.pgm=01;35:*.ppm=01;35:*.tga=01;35:*.xbm=01;35:*.xpm=01;35:*.tif=01;35:*.tiff=01;35:*.png=01;35:*.svg=01;35:*.svgz=01;35:*.mng=01;35:*.pcx=01;35:*.mov=01;35:*.mpg=01;35:*.mpeg=01;35:*.m2v=01;35:*.mkv=01;35:*.webm=01;35:*.webp=01;35:*.ogm=01;35:*.mp4=01;35:*.m4v=01;35:*.mp4v=01;35:*.vob=01;35:*.qt=01;35:*.nuv=01;35:*.wmv=01;35:*.asf=01;35:*.rm=01;35:*.rmvb=01;35:*.flc=01;35:*.avi=01;35:*.fli=01;35:*.flv=01;35:*.gl=01;35:*.dl=01;35:*.xcf=01;35:*.xwd=01;35:*.yuv=01;35:*.cgm=01;35:*.emf=01;35:*.ogv=01;35:*.ogx=01;35:*.aac=00;36:*.au=00;36:*.flac=00;36:*.m4a=00;36:*.mid=00;36:*.midi=00;36:*.mka=00;36:*.mp3=00;36:*.mpc=00;36:*.ogg=00;36:*.ra=00;36:*.wav=00;36:*.oga=00;36:*.opus=00;36:*.spx=00;36:*.xspf=00;36:*~=00;90:*#=00;90:*.bak=00;90:*.crdownload=00;90:*.dpkg-dist=00;90:*.dpkg-new=00;90:*.dpkg-old=00;90:*.dpkg-tmp=00;90:*.old=00;90:*.orig=00;90:*.part=00;90:*.rej=00;90:*.rpmnew=00;90:*.rpmorig=00;90:*.rpmsave=00;90:*.swp=00;90:*.tmp=00;90:*.ucf-dist=00;90:*.ucf-new=00;90:*.ucf-old=00;90:', 'AMENT_PREFIX_PATH': '/home/selqie/buoyancy/install/water_sensors:/home/selqie/buoyancy/install/servo:/home/selqie/buoyancy/install/sensing_bringup:/home/selqie/buoyancy/install/ms5837_bar_ros:/home/selqie/buoyancy/install/buoy_control:/home/selqie/buoyancy/install/motor_interfaces:/home/selqie/buoyancy/install/led:/home/selqie/buoyancy/install/bno08x_driver:/home/selqie/buoyancy/install/battery:/opt/ros/jazzy', 'SHELL': '/bin/bash', 'LESSCLOSE': '/usr/bin/lesspipe %s %s', 'ROS_AUTOMATIC_DISCOVERY_RANGE': 'SUBNET', 'PWD': '/home/selqie/buoyancy/build/sensing_bringup', 'SSH_CONNECTION': '192.168.1.109 51669 192.168.1.160 22', 'XDG_DATA_DIRS': '/usr/local/share:/usr/share:/var/lib/snapd/desktop', 'PYTHONPATH': '/home/selqie/buoyancy/install/water_sensors/lib/python3.12/site-packages:/home/selqie/buoyancy/install/servo/lib/python3.12/site-packages:/home/selqie/buoyancy/install/ms5837_bar_ros/lib/python3.12/site-packages:/home/selqie/buoyancy/install/buoy_control/lib/python3.12/site-packages:/home/selqie/buoyancy/install/motor_interfaces/lib/python3.12/site-packages:/home/selqie/buoyancy/install/led/lib/python3.12/site-packages:/home/selqie/buoyancy/install/battery/lib/python3.12/site-packages:/opt/ros/jazzy/lib/python3.12/site-packages', 'COLCON': '1', 'CMAKE_PREFIX_PATH': '/home/selqie/buoyancy/install/sensing_bringup:/home/selqie/buoyancy/install/motor_interfaces:/home/selqie/buoyancy/install/bno08x_driver:/home/selqie/buoyancy/install/water_sensors:/home/selqie/buoyancy/install/servo:/home/selqie/buoyancy/install/ms5837_bar_ros:/home/selqie/buoyancy/install/buoy_control:/home/selqie/buoyancy/install/led:/home/selqie/buoyancy/install/battery:/opt/ros/jazzy'}), 'shell': False}
[1.512498] (-) TimerEvent: {}
[1.526361] (sensing_bringup) CommandEnded: {'returncode': 0}
[1.526860] (sensing_bringup) JobProgress: {'identifier': 'sensing_bringup', 'progress': 'install'}
[1.526895] (sensing_bringup) Command: {'cmd': ['/usr/bin/cmake', '--install', '/home/selqie/buoyancy/build/sensing_bringup'], 'cwd': '/home/selqie/buoyancy/build/sensing_bringup', 'env': OrderedDict({'LESSOPEN': '| /usr/bin/lesspipe %s', 'USER': 'selqie', 'SSH_CLIENT': '192.168.1.109 51669 22', 'XDG_SESSION_TYPE': 'tty', 'SHLVL': '1', 'LD_LIBRARY_PATH': '/home/selqie/buoyancy/install/motor_interfaces/lib:/opt/ros/jazzy/lib/aarch64-linux-gnu:/opt/ros/jazzy/lib', 'HOME': '/home/selqie', 'OLDPWD': '/home/selqie', 'SSH_TTY': '/dev/pts/6', 'ROS_PYTHON_VERSION': '3', 'DBUS_SESSION_BUS_ADDRESS': 'unix:path=/run/user/1000/bus', 'COLCON_PREFIX_PATH': '/home/selqie/buoyancy/install', 'ROS_DISTRO': 'jazzy', 'LOGNAME': 'selqie', '_': '/usr/bin/colcon', 'ROS_VERSION': '2', 'XDG_SESSION_CLASS': 'user', 'TERM': 'xterm-256color', 'XDG_SESSION_ID': '1', 'PATH': '/home/selqie/.local/bin:/opt/ros/jazzy/bin:/usr/local/sbin:/usr/local/bin:/usr/sbin:/usr/bin:/sbin:/bin:/usr/games:/usr/local/games:/snap/bin', 'XDG_RUNTIME_DIR': '/run/user/1000', 'LANG': 'C.UTF-8', 'LS_COLORS': 'rs=0:di=01;34:ln=01;36:mh=00:pi=40;33:so=01;35:do=01;35:bd=40;33;01:cd=40;33;01:or=40;31;01:mi=00:su=37;41:sg=30;43:ca=00:tw=30;42:ow=34;42:st=37;44:ex=01;32:*.tar=01;31:*.tgz=01;31:*.arc=01;31:*.arj=01;31:*.taz=01;31:*.lha=01;31:*.lz4=01;31:*.lzh=01;31:*.lzma=01;31:*.tlz=01;31:*.txz=01;31:*.tzo=01;31:*.t7z=01;31:*.zip=01;31:*.z=01;31:*.dz=01;31:*.gz=01;31:*.lrz=01;31:*.lz=01;31:*.lzo=01;31:*.xz=01;31:*.zst=01;31:*.tzst=01;31:*.bz2=01;31:*.bz=01;31:*.tbz=01;31:*.tbz2=01;31:*.tz=01;31:*.deb=01;31:*.rpm=01;31:*.jar=01;31:*.war=01;31:*.ear=01;31:*.sar=01;31:*.rar=01;31:*.alz=01;31:*.ace=01;31:*.zoo=01;31:*.cpio=01;31:*.7z=01;31:*.rz=01;31:*.cab=01;31:*.wim=01;31:*.swm=01;31:*.dwm=01;31:*.esd=01;31:*.avif=01;35:*.jpg=01;35:*.jpeg=01;35:*.mjpg=01;35:*.mjpeg=01;35:*.gif=01;35:*.bmp=01;35:*.pbm=01;35:*.pgm=01;35:*.ppm=01;35:*.tga=01;35:*.xbm=01;35:*.xpm=01;35:*.tif=01;35:*.tiff=01;35:*.png=01;35:*.svg=01;35:*.svgz=01;35:*.mng=01;35:*.pcx=01;35:*.mov=01;35:*.mpg=01;35:*.mpeg=01;35:*.m2v=01;35:*.mkv=01;35:*.webm=01;35:*.webp=01;35:*.ogm=01;35:*.mp4=01;35:*.m4v=01;35:*.mp4v=01;35:*.vob=01;35:*.qt=01;35:*.nuv=01;35:*.wmv=01;35:*.asf=01;35:*.rm=01;35:*.rmvb=01;35:*.flc=01;35:*.avi=01;35:*.fli=01;35:*.flv=01;35:*.gl=01;35:*.dl=01;35:*.xcf=01;35:*.xwd=01;35:*.yuv=01;35:*.cgm=01;35:*.emf=01;35:*.ogv=01;35:*.ogx=01;35:*.aac=00;36:*.au=00;36:*.flac=00;36:*.m4a=00;36:*.mid=00;36:*.midi=00;36:*.mka=00;36:*.mp3=00;36:*.mpc=00;36:*.ogg=00;36:*.ra=00;36:*.wav=00;36:*.oga=00;36:*.opus=00;36:*.spx=00;36:*.xspf=00;36:*~=00;90:*#=00;90:*.bak=00;90:*.crdownload=00;90:*.dpkg-dist=00;90:*.dpkg-new=00;90:*.dpkg-old=00;90:*.dpkg-tmp=00;90:*.old=00;90:*.orig=00;90:*.part=00;90:*.rej=00;90:*.rpmnew=00;90:*.rpmorig=00;90:*.rpmsave=00;90:*.swp=00;90:*.tmp=00;90:*.ucf-dist=00;90:*.ucf-new=00;90:*.ucf-old=00;90:', 'AMENT_PREFIX_PATH': '/home/selqie/buoyancy/install/water_sensors:/home/selqie/buoyancy/install/servo:/home/selqie/buoyancy/install/sensing_bringup:/home/selqie/buoyancy/install/ms5837_bar_ros:/home/selqie/buoyancy/install/buoy_control:/home/selqie/buoyancy/install/motor_interfaces:/home/selqie/buoyancy/install/led:/home/selqie/buoyancy/install/bno08x_driver:/home/selqie/buoyancy/install/battery:/opt/ros/jazzy', 'SHELL': '/bin/bash', 'LESSCLOSE': '/usr/bin/lesspipe %s %s', 'ROS_AUTOMATIC_DISCOVERY_RANGE': 'SUBNET', 'PWD': '/home/selqie/buoyancy/build/sensing_bringup', 'SSH_CONNECTION': '192.168.1.109 51669 192.168.1.160 22', 'XDG_DATA_DIRS': '/usr/local/share:/usr/share:/var/lib/snapd/desktop', 'PYTHONPATH': '/home/selqie/buoyancy/install/water_sensors/lib/python3.12/site-packages:/home/selqie/buoyancy/install/servo/lib/python3.12/site-packages:/home/selqie/buoyancy/install/ms5837_bar_ros/lib/python3.12/site-packages:/home/selqie/buoyancy/install/buoy_control/lib/python3.12/site-packages:/home/selqie/buoyancy/install/motor_interfaces/lib/python3.12/site-packages:/home/selqie/buoyancy/install/led/lib/python3.12/site-packages:/home/selqie/buoyancy/install/battery/lib/python3.12/site-packages:/opt/ros/jazzy/lib/python3.12/site-packages', 'COLCON': '1', 'CMAKE_PREFIX_PATH': '/home/selqie/buoyancy/install/sensing_bringup:/home/selqie/buoyancy/install/motor_interfaces:/home/selqie/buoyancy/install/bno08x_driver:/home/selqie/buoyancy/install/water_sensors:/home/selqie/buoyancy/install/servo:/home/selqie/buoyancy/install/ms5837_bar_ros:/home/selqie/buoyancy/install/buoy_control:/home/selqie/buoyancy/install/led:/home/selqie/buoyancy/install/battery:/opt/ros/jazzy'}), 'shell': False}
[1.543024] (sensing_bringup) StdoutLine: {'line': b'-- Install configuration: ""\n'}
[1.543507] (sensing_bringup) StdoutLine: {'line': b'-- Up-to-date: /home/selqie/buoyancy/install/sensing_bringup/share/sensing_bringup/launch\n'}
[1.543698] (sensing_bringup) StdoutLine: {'line': b'-- Up-to-date: /home/selqie/buoyancy/install/sensing_bringup/share/sensing_bringup/launch/bar30.launch.py\n'}
[1.543923] (sensing_bringup) StdoutLine: {'line': b'-- Up-to-date: /home/selqie/buoyancy/install/sensing_bringup/share/sensing_bringup/launch/imu.launch.py\n'}
[1.544019] (sensing_bringup) StdoutLine: {'line': b'-- Up-to-date: /home/selqie/buoyancy/install/sensing_bringup/share/ament_index/resource_index/package_run_dependencies/sensing_bringup\n'}
[1.544108] (sensing_bringup) StdoutLine: {'line': b'-- Up-to-date: /home/selqie/buoyancy/install/sensing_bringup/share/ament_index/resource_index/parent_prefix_path/sensing_bringup\n'}
[1.545608] (sensing_bringup) StdoutLine: {'line': b'-- Up-to-date: /home/selqie/buoyancy/install/sensing_bringup/share/sensing_bringup/environment/ament_prefix_path.sh\n'}
[1.545761] (sensing_bringup) StdoutLine: {'line': b'-- Up-to-date: /home/selqie/buoyancy/install/sensing_bringup/share/sensing_bringup/environment/ament_prefix_path.dsv\n'}
[1.545852] (sensing_bringup) StdoutLine: {'line': b'-- Up-to-date: /home/selqie/buoyancy/install/sensing_bringup/share/sensing_bringup/environment/path.sh\n'}
[1.545938] (sensing_bringup) StdoutLine: {'line': b'-- Up-to-date: /home/selqie/buoyancy/install/sensing_bringup/share/sensing_bringup/environment/path.dsv\n'}
[1.546022] (sensing_bringup) StdoutLine: {'line': b'-- Up-to-date: /home/selqie/buoyancy/install/sensing_bringup/share/sensing_bringup/local_setup.bash\n'}
[1.546201] (sensing_bringup) StdoutLine: {'line': b'-- Up-to-date: /home/selqie/buoyancy/install/sensing_bringup/share/sensing_bringup/local_setup.sh\n'}
[1.546314] (sensing_bringup) StdoutLine: {'line': b'-- Up-to-date: /home/selqie/buoyancy/install/sensing_bringup/share/sensing_bringup/local_setup.zsh\n'}
[1.546414] (sensing_bringup) StdoutLine: {'line': b'-- Up-to-date: /home/selqie/buoyancy/install/sensing_bringup/share/sensing_bringup/local_setup.dsv\n'}
[1.546521] (sensing_bringup) StdoutLine: {'line': b'-- Installing: /home/selqie/buoyancy/install/sensing_bringup/share/sensing_bringup/package.dsv\n'}
[1.546602] (sensing_bringup) StdoutLine: {'line': b'-- Up-to-date: /home/selqie/buoyancy/install/sensing_bringup/share/ament_index/resource_index/packages/sensing_bringup\n'}
[1.546684] (sensing_bringup) StdoutLine: {'line': b'-- Up-to-date: /home/selqie/buoyancy/install/sensing_bringup/share/sensing_bringup/cmake/sensing_bringupConfig.cmake\n'}
[1.547735] (sensing_bringup) StdoutLine: {'line': b'-- Up-to-date: /home/selqie/buoyancy/install/sensing_bringup/share/sensing_bringup/cmake/sensing_bringupConfig-version.cmake\n'}
[1.547927] (sensing_bringup) StdoutLine: {'line': b'-- Up-to-date: /home/selqie/buoyancy/install/sensing_bringup/share/sensing_bringup/package.xml\n'}
[1.550716] (sensing_bringup) CommandEnded: {'returncode': 0}
[1.574045] (sensing_bringup) JobEnded: {'identifier': 'sensing_bringup', 'rc': 0}
[1.577606] (water_sensors) JobStarted: {'identifier': 'water_sensors'}
[1.612696] (-) TimerEvent: {}
[1.713047] (-) TimerEvent: {}
[1.813486] (-) TimerEvent: {}
[1.914096] (-) TimerEvent: {}
[2.014575] (-) TimerEvent: {}
[2.033768] (battery) Command: {'cmd': ['/usr/bin/python3', '-W', 'ignore:setup.py install is deprecated', '-W', 'ignore:easy_install command is deprecated', 'setup.py', 'egg_info', '--egg-base', '../build/battery', 'build', '--build-base', '/home/selqie/buoyancy/build/battery/build', 'install', '--record', '/home/selqie/buoyancy/build/battery/install.log', '--single-version-externally-managed', 'install_data'], 'cwd': '/home/selqie/buoyancy/battery', 'env': {'LESSOPEN': '| /usr/bin/lesspipe %s', 'USER': 'selqie', 'SSH_CLIENT': '192.168.1.109 51669 22', 'XDG_SESSION_TYPE': 'tty', 'SHLVL': '1', 'LD_LIBRARY_PATH': '/home/selqie/buoyancy/install/motor_interfaces/lib:/opt/ros/jazzy/lib/aarch64-linux-gnu:/opt/ros/jazzy/lib', 'HOME': '/home/selqie', 'OLDPWD': '/home/selqie', 'SSH_TTY': '/dev/pts/6', 'ROS_PYTHON_VERSION': '3', 'DBUS_SESSION_BUS_ADDRESS': 'unix:path=/run/user/1000/bus', 'COLCON_PREFIX_PATH': '/home/selqie/buoyancy/install', 'ROS_DISTRO': 'jazzy', 'LOGNAME': 'selqie', '_': '/usr/bin/colcon', 'ROS_VERSION': '2', 'XDG_SESSION_CLASS': 'user', 'TERM': 'xterm-256color', 'XDG_SESSION_ID': '1', 'PATH': '/home/selqie/.local/bin:/opt/ros/jazzy/bin:/usr/local/sbin:/usr/local/bin:/usr/sbin:/usr/bin:/sbin:/bin:/usr/games:/usr/local/games:/snap/bin', 'XDG_RUNTIME_DIR': '/run/user/1000', 'LANG': 'C.UTF-8', 'LS_COLORS': 'rs=0:di=01;34:ln=01;36:mh=00:pi=40;33:so=01;35:do=01;35:bd=40;33;01:cd=40;33;01:or=40;31;01:mi=00:su=37;41:sg=30;43:ca=00:tw=30;42:ow=34;42:st=37;44:ex=01;32:*.tar=01;31:*.tgz=01;31:*.arc=01;31:*.arj=01;31:*.taz=01;31:*.lha=01;31:*.lz4=01;31:*.lzh=01;31:*.lzma=01;31:*.tlz=01;31:*.txz=01;31:*.tzo=01;31:*.t7z=01;31:*.zip=01;31:*.z=01;31:*.dz=01;31:*.gz=01;31:*.lrz=01;31:*.lz=01;31:*.lzo=01;31:*.xz=01;31:*.zst=01;31:*.tzst=01;31:*.bz2=01;31:*.bz=01;31:*.tbz=01;31:*.tbz2=01;31:*.tz=01;31:*.deb=01;31:*.rpm=01;31:*.jar=01;31:*.war=01;31:*.ear=01;31:*.sar=01;31:*.rar=01;31:*.alz=01;31:*.ace=01;31:*.zoo=01;31:*.cpio=01;31:*.7z=01;31:*.rz=01;31:*.cab=01;31:*.wim=01;31:*.swm=01;31:*.dwm=01;31:*.esd=01;31:*.avif=01;35:*.jpg=01;35:*.jpeg=01;35:*.mjpg=01;35:*.mjpeg=01;35:*.gif=01;35:*.bmp=01;35:*.pbm=01;35:*.pgm=01;35:*.ppm=01;35:*.tga=01;35:*.xbm=01;35:*.xpm=01;35:*.tif=01;35:*.tiff=01;35:*.png=01;35:*.svg=01;35:*.svgz=01;35:*.mng=01;35:*.pcx=01;35:*.mov=01;35:*.mpg=01;35:*.mpeg=01;35:*.m2v=01;35:*.mkv=01;35:*.webm=01;35:*.webp=01;35:*.ogm=01;35:*.mp4=01;35:*.m4v=01;35:*.mp4v=01;35:*.vob=01;35:*.qt=01;35:*.nuv=01;35:*.wmv=01;35:*.asf=01;35:*.rm=01;35:*.rmvb=01;35:*.flc=01;35:*.avi=01;35:*.fli=01;35:*.flv=01;35:*.gl=01;35:*.dl=01;35:*.xcf=01;35:*.xwd=01;35:*.yuv=01;35:*.cgm=01;35:*.emf=01;35:*.ogv=01;35:*.ogx=01;35:*.aac=00;36:*.au=00;36:*.flac=00;36:*.m4a=00;36:*.mid=00;36:*.midi=00;36:*.mka=00;36:*.mp3=00;36:*.mpc=00;36:*.ogg=00;36:*.ra=00;36:*.wav=00;36:*.oga=00;36:*.opus=00;36:*.spx=00;36:*.xspf=00;36:*~=00;90:*#=00;90:*.bak=00;90:*.crdownload=00;90:*.dpkg-dist=00;90:*.dpkg-new=00;90:*.dpkg-old=00;90:*.dpkg-tmp=00;90:*.old=00;90:*.orig=00;90:*.part=00;90:*.rej=00;90:*.rpmnew=00;90:*.rpmorig=00;90:*.rpmsave=00;90:*.swp=00;90:*.tmp=00;90:*.ucf-dist=00;90:*.ucf-new=00;90:*.ucf-old=00;90:', 'AMENT_PREFIX_PATH': '/home/selqie/buoyancy/install/water_sensors:/home/selqie/buoyancy/install/servo:/home/selqie/buoyancy/install/sensing_bringup:/home/selqie/buoyancy/install/ms5837_bar_ros:/home/selqie/buoyancy/install/buoy_control:/home/selqie/buoyancy/install/motor_interfaces:/home/selqie/buoyancy/install/led:/home/selqie/buoyancy/install/bno08x_driver:/home/selqie/buoyancy/install/battery:/opt/ros/jazzy', 'SHELL': '/bin/bash', 'LESSCLOSE': '/usr/bin/lesspipe %s %s', 'ROS_AUTOMATIC_DISCOVERY_RANGE': 'SUBNET', 'PWD': '/home/selqie/buoyancy/build/battery', 'SSH_CONNECTION': '192.168.1.109 51669 192.168.1.160 22', 'XDG_DATA_DIRS': '/usr/local/share:/usr/share:/var/lib/snapd/desktop', 'PYTHONPATH': '/home/selqie/buoyancy/build/battery/prefix_override:/usr/lib/python3/dist-packages/colcon_core/task/python/colcon_distutils_commands:/home/selqie/buoyancy/install/battery/lib/python3.12/site-packages:/home/selqie/buoyancy/install/water_sensors/lib/python3.12/site-packages:/home/selqie/buoyancy/install/servo/lib/python3.12/site-packages:/home/selqie/buoyancy/install/ms5837_bar_ros/lib/python3.12/site-packages:/home/selqie/buoyancy/install/buoy_control/lib/python3.12/site-packages:/home/selqie/buoyancy/install/motor_interfaces/lib/python3.12/site-packages:/home/selqie/buoyancy/install/led/lib/python3.12/site-packages:/home/selqie/buoyancy/install/battery/lib/python3.12/site-packages:/opt/ros/jazzy/lib/python3.12/site-packages', 'COLCON': '1', 'CMAKE_PREFIX_PATH': '/home/selqie/buoyancy/install/sensing_bringup:/home/selqie/buoyancy/install/motor_interfaces:/home/selqie/buoyancy/install/bno08x_driver'}, 'shell': False}
[2.038946] (led) Command: {'cmd': ['/usr/bin/python3', '-W', 'ignore:setup.py install is deprecated', '-W', 'ignore:easy_install command is deprecated', 'setup.py', 'egg_info', '--egg-base', '../build/led', 'build', '--build-base', '/home/selqie/buoyancy/build/led/build', 'install', '--record', '/home/selqie/buoyancy/build/led/install.log', '--single-version-externally-managed', 'install_data'], 'cwd': '/home/selqie/buoyancy/led', 'env': {'LESSOPEN': '| /usr/bin/lesspipe %s', 'USER': 'selqie', 'SSH_CLIENT': '192.168.1.109 51669 22', 'XDG_SESSION_TYPE': 'tty', 'SHLVL': '1', 'LD_LIBRARY_PATH': '/home/selqie/buoyancy/install/motor_interfaces/lib:/opt/ros/jazzy/lib/aarch64-linux-gnu:/opt/ros/jazzy/lib', 'HOME': '/home/selqie', 'OLDPWD': '/home/selqie', 'SSH_TTY': '/dev/pts/6', 'ROS_PYTHON_VERSION': '3', 'DBUS_SESSION_BUS_ADDRESS': 'unix:path=/run/user/1000/bus', 'COLCON_PREFIX_PATH': '/home/selqie/buoyancy/install', 'ROS_DISTRO': 'jazzy', 'LOGNAME': 'selqie', '_': '/usr/bin/colcon', 'ROS_VERSION': '2', 'XDG_SESSION_CLASS': 'user', 'TERM': 'xterm-256color', 'XDG_SESSION_ID': '1', 'PATH': '/home/selqie/.local/bin:/opt/ros/jazzy/bin:/usr/local/sbin:/usr/local/bin:/usr/sbin:/usr/bin:/sbin:/bin:/usr/games:/usr/local/games:/snap/bin', 'XDG_RUNTIME_DIR': '/run/user/1000', 'LANG': 'C.UTF-8', 'LS_COLORS': 'rs=0:di=01;34:ln=01;36:mh=00:pi=40;33:so=01;35:do=01;35:bd=40;33;01:cd=40;33;01:or=40;31;01:mi=00:su=37;41:sg=30;43:ca=00:tw=30;42:ow=34;42:st=37;44:ex=01;32:*.tar=01;31:*.tgz=01;31:*.arc=01;31:*.arj=01;31:*.taz=01;31:*.lha=01;31:*.lz4=01;31:*.lzh=01;31:*.lzma=01;31:*.tlz=01;31:*.txz=01;31:*.tzo=01;31:*.t7z=01;31:*.zip=01;31:*.z=01;31:*.dz=01;31:*.gz=01;31:*.lrz=01;31:*.lz=01;31:*.lzo=01;31:*.xz=01;31:*.zst=01;31:*.tzst=01;31:*.bz2=01;31:*.bz=01;31:*.tbz=01;31:*.tbz2=01;31:*.tz=01;31:*.deb=01;31:*.rpm=01;31:*.jar=01;31:*.war=01;31:*.ear=01;31:*.sar=01;31:*.rar=01;31:*.alz=01;31:*.ace=01;31:*.zoo=01;31:*.cpio=01;31:*.7z=01;31:*.rz=01;31:*.cab=01;31:*.wim=01;31:*.swm=01;31:*.dwm=01;31:*.esd=01;31:*.avif=01;35:*.jpg=01;35:*.jpeg=01;35:*.mjpg=01;35:*.mjpeg=01;35:*.gif=01;35:*.bmp=01;35:*.pbm=01;35:*.pgm=01;35:*.ppm=01;35:*.tga=01;35:*.xbm=01;35:*.xpm=01;35:*.tif=01;35:*.tiff=01;35:*.png=01;35:*.svg=01;35:*.svgz=01;35:*.mng=01;35:*.pcx=01;35:*.mov=01;35:*.mpg=01;35:*.mpeg=01;35:*.m2v=01;35:*.mkv=01;35:*.webm=01;35:*.webp=01;35:*.ogm=01;35:*.mp4=01;35:*.m4v=01;35:*.mp4v=01;35:*.vob=01;35:*.qt=01;35:*.nuv=01;35:*.wmv=01;35:*.asf=01;35:*.rm=01;35:*.rmvb=01;35:*.flc=01;35:*.avi=01;35:*.fli=01;35:*.flv=01;35:*.gl=01;35:*.dl=01;35:*.xcf=01;35:*.xwd=01;35:*.yuv=01;35:*.cgm=01;35:*.emf=01;35:*.ogv=01;35:*.ogx=01;35:*.aac=00;36:*.au=00;36:*.flac=00;36:*.m4a=00;36:*.mid=00;36:*.midi=00;36:*.mka=00;36:*.mp3=00;36:*.mpc=00;36:*.ogg=00;36:*.ra=00;36:*.wav=00;36:*.oga=00;36:*.opus=00;36:*.spx=00;36:*.xspf=00;36:*~=00;90:*#=00;90:*.bak=00;90:*.crdownload=00;90:*.dpkg-dist=00;90:*.dpkg-new=00;90:*.dpkg-old=00;90:*.dpkg-tmp=00;90:*.old=00;90:*.orig=00;90:*.part=00;90:*.rej=00;90:*.rpmnew=00;90:*.rpmorig=00;90:*.rpmsave=00;90:*.swp=00;90:*.tmp=00;90:*.ucf-dist=00;90:*.ucf-new=00;90:*.ucf-old=00;90:', 'AMENT_PREFIX_PATH': '/home/selqie/buoyancy/install/water_sensors:/home/selqie/buoyancy/install/servo:/home/selqie/buoyancy/install/sensing_bringup:/home/selqie/buoyancy/install/ms5837_bar_ros:/home/selqie/buoyancy/install/buoy_control:/home/selqie/buoyancy/install/motor_interfaces:/home/selqie/buoyancy/install/led:/home/selqie/buoyancy/install/bno08x_driver:/home/selqie/buoyancy/install/battery:/opt/ros/jazzy', 'SHELL': '/bin/bash', 'LESSCLOSE': '/usr/bin/lesspipe %s %s', 'ROS_AUTOMATIC_DISCOVERY_RANGE': 'SUBNET', 'PWD': '/home/selqie/buoyancy/build/led', 'SSH_CONNECTION': '192.168.1.109 51669 192.168.1.160 22', 'XDG_DATA_DIRS': '/usr/local/share:/usr/share:/var/lib/snapd/desktop', 'PYTHONPATH': '/home/selqie/buoyancy/build/led/prefix_override:/usr/lib/python3/dist-packages/colcon_core/task/python/colcon_distutils_commands:/home/selqie/buoyancy/install/led/lib/python3.12/site-packages:/home/selqie/buoyancy/install/water_sensors/lib/python3.12/site-packages:/home/selqie/buoyancy/install/servo/lib/python3.12/site-packages:/home/selqie/buoyancy/install/ms5837_bar_ros/lib/python3.12/site-packages:/home/selqie/buoyancy/install/buoy_control/lib/python3.12/site-packages:/home/selqie/buoyancy/install/motor_interfaces/lib/python3.12/site-packages:/home/selqie/buoyancy/install/led/lib/python3.12/site-packages:/home/selqie/buoyancy/install/battery/lib/python3.12/site-packages:/opt/ros/jazzy/lib/python3.12/site-packages', 'COLCON': '1', 'CMAKE_PREFIX_PATH': '/home/selqie/buoyancy/install/sensing_bringup:/home/selqie/buoyancy/install/motor_interfaces:/home/selqie/buoyancy/install/bno08x_driver'}, 'shell': False}
[2.116491] (-) TimerEvent: {}
[2.216863] (-) TimerEvent: {}
[2.317347] (-) TimerEvent: {}
[2.418086] (-) TimerEvent: {}
[2.485802] (led) StdoutLine: {'line': b'running egg_info\n'}
[2.497559] (battery) StdoutLine: {'line': b'running egg_info\n'}
[2.507471] (ms5837_bar_ros) Command: {'cmd': ['/usr/bin/python3', '-W', 'ignore:setup.py install is deprecated', '-W', 'ignore:easy_install command is deprecated', 'setup.py', 'egg_info', '--egg-base', '../../build/ms5837_bar_ros', 'build', '--build-base', '/home/selqie/buoyancy/build/ms5837_bar_ros/build', 'install', '--record', '/home/selqie/buoyancy/build/ms5837_bar_ros/install.log', '--single-version-externally-managed', 'install_data'], 'cwd': '/home/selqie/buoyancy/sensing/ms5837_bar_ros', 'env': {'LESSOPEN': '| /usr/bin/lesspipe %s', 'USER': 'selqie', 'SSH_CLIENT': '192.168.1.109 51669 22', 'XDG_SESSION_TYPE': 'tty', 'SHLVL': '1', 'LD_LIBRARY_PATH': '/home/selqie/buoyancy/install/motor_interfaces/lib:/opt/ros/jazzy/lib/aarch64-linux-gnu:/opt/ros/jazzy/lib', 'HOME': '/home/selqie', 'OLDPWD': '/home/selqie', 'SSH_TTY': '/dev/pts/6', 'ROS_PYTHON_VERSION': '3', 'DBUS_SESSION_BUS_ADDRESS': 'unix:path=/run/user/1000/bus', 'COLCON_PREFIX_PATH': '/home/selqie/buoyancy/install', 'ROS_DISTRO': 'jazzy', 'LOGNAME': 'selqie', '_': '/usr/bin/colcon', 'ROS_VERSION': '2', 'XDG_SESSION_CLASS': 'user', 'TERM': 'xterm-256color', 'XDG_SESSION_ID': '1', 'PATH': '/home/selqie/.local/bin:/opt/ros/jazzy/bin:/usr/local/sbin:/usr/local/bin:/usr/sbin:/usr/bin:/sbin:/bin:/usr/games:/usr/local/games:/snap/bin', 'XDG_RUNTIME_DIR': '/run/user/1000', 'LANG': 'C.UTF-8', 'LS_COLORS': 'rs=0:di=01;34:ln=01;36:mh=00:pi=40;33:so=01;35:do=01;35:bd=40;33;01:cd=40;33;01:or=40;31;01:mi=00:su=37;41:sg=30;43:ca=00:tw=30;42:ow=34;42:st=37;44:ex=01;32:*.tar=01;31:*.tgz=01;31:*.arc=01;31:*.arj=01;31:*.taz=01;31:*.lha=01;31:*.lz4=01;31:*.lzh=01;31:*.lzma=01;31:*.tlz=01;31:*.txz=01;31:*.tzo=01;31:*.t7z=01;31:*.zip=01;31:*.z=01;31:*.dz=01;31:*.gz=01;31:*.lrz=01;31:*.lz=01;31:*.lzo=01;31:*.xz=01;31:*.zst=01;31:*.tzst=01;31:*.bz2=01;31:*.bz=01;31:*.tbz=01;31:*.tbz2=01;31:*.tz=01;31:*.deb=01;31:*.rpm=01;31:*.jar=01;31:*.war=01;31:*.ear=01;31:*.sar=01;31:*.rar=01;31:*.alz=01;31:*.ace=01;31:*.zoo=01;31:*.cpio=01;31:*.7z=01;31:*.rz=01;31:*.cab=01;31:*.wim=01;31:*.swm=01;31:*.dwm=01;31:*.esd=01;31:*.avif=01;35:*.jpg=01;35:*.jpeg=01;35:*.mjpg=01;35:*.mjpeg=01;35:*.gif=01;35:*.bmp=01;35:*.pbm=01;35:*.pgm=01;35:*.ppm=01;35:*.tga=01;35:*.xbm=01;35:*.xpm=01;35:*.tif=01;35:*.tiff=01;35:*.png=01;35:*.svg=01;35:*.svgz=01;35:*.mng=01;35:*.pcx=01;35:*.mov=01;35:*.mpg=01;35:*.mpeg=01;35:*.m2v=01;35:*.mkv=01;35:*.webm=01;35:*.webp=01;35:*.ogm=01;35:*.mp4=01;35:*.m4v=01;35:*.mp4v=01;35:*.vob=01;35:*.qt=01;35:*.nuv=01;35:*.wmv=01;35:*.asf=01;35:*.rm=01;35:*.rmvb=01;35:*.flc=01;35:*.avi=01;35:*.fli=01;35:*.flv=01;35:*.gl=01;35:*.dl=01;35:*.xcf=01;35:*.xwd=01;35:*.yuv=01;35:*.cgm=01;35:*.emf=01;35:*.ogv=01;35:*.ogx=01;35:*.aac=00;36:*.au=00;36:*.flac=00;36:*.m4a=00;36:*.mid=00;36:*.midi=00;36:*.mka=00;36:*.mp3=00;36:*.mpc=00;36:*.ogg=00;36:*.ra=00;36:*.wav=00;36:*.oga=00;36:*.opus=00;36:*.spx=00;36:*.xspf=00;36:*~=00;90:*#=00;90:*.bak=00;90:*.crdownload=00;90:*.dpkg-dist=00;90:*.dpkg-new=00;90:*.dpkg-old=00;90:*.dpkg-tmp=00;90:*.old=00;90:*.orig=00;90:*.part=00;90:*.rej=00;90:*.rpmnew=00;90:*.rpmorig=00;90:*.rpmsave=00;90:*.swp=00;90:*.tmp=00;90:*.ucf-dist=00;90:*.ucf-new=00;90:*.ucf-old=00;90:', 'AMENT_PREFIX_PATH': '/home/selqie/buoyancy/install/water_sensors:/home/selqie/buoyancy/install/servo:/home/selqie/buoyancy/install/sensing_bringup:/home/selqie/buoyancy/install/ms5837_bar_ros:/home/selqie/buoyancy/install/buoy_control:/home/selqie/buoyancy/install/motor_interfaces:/home/selqie/buoyancy/install/led:/home/selqie/buoyancy/install/bno08x_driver:/home/selqie/buoyancy/install/battery:/opt/ros/jazzy', 'SHELL': '/bin/bash', 'LESSCLOSE': '/usr/bin/lesspipe %s %s', 'ROS_AUTOMATIC_DISCOVERY_RANGE': 'SUBNET', 'PWD': '/home/selqie/buoyancy/build/ms5837_bar_ros', 'SSH_CONNECTION': '192.168.1.109 51669 192.168.1.160 22', 'XDG_DATA_DIRS': '/usr/local/share:/usr/share:/var/lib/snapd/desktop', 'PYTHONPATH': '/home/selqie/buoyancy/build/ms5837_bar_ros/prefix_override:/usr/lib/python3/dist-packages/colcon_core/task/python/colcon_distutils_commands:/home/selqie/buoyancy/install/ms5837_bar_ros/lib/python3.12/site-packages:/home/selqie/buoyancy/install/water_sensors/lib/python3.12/site-packages:/home/selqie/buoyancy/install/servo/lib/python3.12/site-packages:/home/selqie/buoyancy/install/ms5837_bar_ros/lib/python3.12/site-packages:/home/selqie/buoyancy/install/buoy_control/lib/python3.12/site-packages:/home/selqie/buoyancy/install/motor_interfaces/lib/python3.12/site-packages:/home/selqie/buoyancy/install/led/lib/python3.12/site-packages:/home/selqie/buoyancy/install/battery/lib/python3.12/site-packages:/opt/ros/jazzy/lib/python3.12/site-packages', 'COLCON': '1', 'CMAKE_PREFIX_PATH': '/home/selqie/buoyancy/install/sensing_bringup:/home/selqie/buoyancy/install/motor_interfaces:/home/selqie/buoyancy/install/bno08x_driver'}, 'shell': False}
[2.514525] (led) StdoutLine: {'line': b'writing ../build/led/led.egg-info/PKG-INFO\n'}
[2.514813] (led) StdoutLine: {'line': b'writing dependency_links to ../build/led/led.egg-info/dependency_links.txt\n'}
[2.518601] (led) StdoutLine: {'line': b'writing entry points to ../build/led/led.egg-info/entry_points.txt\n'}
[2.519597] (-) TimerEvent: {}
[2.520268] (led) StdoutLine: {'line': b'writing requirements to ../build/led/led.egg-info/requires.txt\n'}
[2.520491] (led) StdoutLine: {'line': b'writing top-level names to ../build/led/led.egg-info/top_level.txt\n'}
[2.526519] (battery) StdoutLine: {'line': b'writing ../build/battery/battery.egg-info/PKG-INFO\n'}
[2.527092] (battery) StdoutLine: {'line': b'writing dependency_links to ../build/battery/battery.egg-info/dependency_links.txt\n'}
[2.527948] (battery) StdoutLine: {'line': b'writing entry points to ../build/battery/battery.egg-info/entry_points.txt\n'}
[2.528540] (battery) StdoutLine: {'line': b'writing requirements to ../build/battery/battery.egg-info/requires.txt\n'}
[2.529255] (battery) StdoutLine: {'line': b'writing top-level names to ../build/battery/battery.egg-info/top_level.txt\n'}
[2.573580] (led) StdoutLine: {'line': b"reading manifest file '../build/led/led.egg-info/SOURCES.txt'\n"}
[2.574992] (led) StdoutLine: {'line': b"writing manifest file '../build/led/led.egg-info/SOURCES.txt'\n"}
[2.575329] (led) StdoutLine: {'line': b'running build\n'}
[2.576651] (led) StdoutLine: {'line': b'running build_py\n'}
[2.576792] (led) StdoutLine: {'line': b'running install\n'}
[2.586686] (battery) StdoutLine: {'line': b"reading manifest file '../build/battery/battery.egg-info/SOURCES.txt'\n"}
[2.588199] (led) StdoutLine: {'line': b'running install_lib\n'}
[2.588669] (battery) StdoutLine: {'line': b"writing manifest file '../build/battery/battery.egg-info/SOURCES.txt'\n"}
[2.590601] (battery) StdoutLine: {'line': b'running build\n'}
[2.590941] (battery) StdoutLine: {'line': b'running build_py\n'}
[2.591056] (battery) StdoutLine: {'line': b'running install\n'}
[2.601271] (battery) StdoutLine: {'line': b'running install_lib\n'}
[2.618478] (led) StdoutLine: {'line': b'running install_data\n'}
[2.620471] (-) TimerEvent: {}
[2.620781] (led) StdoutLine: {'line': b'running install_egg_info\n'}
[2.631332] (battery) StdoutLine: {'line': b'running install_data\n'}
[2.631704] (battery) StdoutLine: {'line': b'running install_egg_info\n'}
[2.647798] (led) StdoutLine: {'line': b"removing '/home/selqie/buoyancy/install/led/lib/python3.12/site-packages/led-0.0.4-py3.12.egg-info' (and everything under it)\n"}
[2.648312] (led) StdoutLine: {'line': b'Copying ../build/led/led.egg-info to /home/selqie/buoyancy/install/led/lib/python3.12/site-packages/led-0.0.4-py3.12.egg-info\n'}
[2.649720] (led) StdoutLine: {'line': b'running install_scripts\n'}
[2.661158] (battery) StdoutLine: {'line': b"removing '/home/selqie/buoyancy/install/battery/lib/python3.12/site-packages/battery-0.0.0-py3.12.egg-info' (and everything under it)\n"}
[2.661699] (battery) StdoutLine: {'line': b'Copying ../build/battery/battery.egg-info to /home/selqie/buoyancy/install/battery/lib/python3.12/site-packages/battery-0.0.0-py3.12.egg-info\n'}
[2.663166] (battery) StdoutLine: {'line': b'running install_scripts\n'}
[2.720579] (-) TimerEvent: {}
[2.821074] (-) TimerEvent: {}
[2.832873] (led) StdoutLine: {'line': b'Installing led_node script to /home/selqie/buoyancy/install/led/lib/led\n'}
[2.833198] (led) StdoutLine: {'line': b'Installing led_tester script to /home/selqie/buoyancy/install/led/lib/led\n'}
[2.834535] (led) StdoutLine: {'line': b'Installing rainbow_fade script to /home/selqie/buoyancy/install/led/lib/led\n'}
[2.836758] (led) StdoutLine: {'line': b'Installing ws2812b-set script to /home/selqie/buoyancy/install/led/lib/led\n'}
[2.837987] (led) StdoutLine: {'line': b"writing list of installed files to '/home/selqie/buoyancy/build/led/install.log'\n"}
[2.848747] (battery) StdoutLine: {'line': b'Installing tinybms_voltage_uart script to /home/selqie/buoyancy/install/battery/lib/battery\n'}
[2.849800] (battery) StdoutLine: {'line': b"writing list of installed files to '/home/selqie/buoyancy/build/battery/install.log'\n"}
[2.923527] (-) TimerEvent: {}
[2.962641] (ms5837_bar_ros) StdoutLine: {'line': b'running egg_info\n'}
[2.993508] (led) CommandEnded: {'returncode': 0}
[3.014959] (ms5837_bar_ros) StdoutLine: {'line': b'writing ../../build/ms5837_bar_ros/ms5837_bar_ros.egg-info/PKG-INFO\n'}
[3.015944] (led) JobEnded: {'identifier': 'led', 'rc': 0}
[3.017147] (buoy_control) JobStarted: {'identifier': 'buoy_control'}
[3.017595] (ms5837_bar_ros) StdoutLine: {'line': b'writing dependency_links to ../../build/ms5837_bar_ros/ms5837_bar_ros.egg-info/dependency_links.txt\n'}
[3.017823] (ms5837_bar_ros) StdoutLine: {'line': b'writing entry points to ../../build/ms5837_bar_ros/ms5837_bar_ros.egg-info/entry_points.txt\n'}
[3.017925] (ms5837_bar_ros) StdoutLine: {'line': b'writing requirements to ../../build/ms5837_bar_ros/ms5837_bar_ros.egg-info/requires.txt\n'}
[3.019640] (ms5837_bar_ros) StdoutLine: {'line': b'writing top-level names to ../../build/ms5837_bar_ros/ms5837_bar_ros.egg-info/top_level.txt\n'}
[3.023947] (-) TimerEvent: {}
[3.029717] (battery) CommandEnded: {'returncode': 0}
[3.048133] (battery) JobEnded: {'identifier': 'battery', 'rc': 0}
[3.050785] (servo) JobStarted: {'identifier': 'servo'}
[3.085711] (ms5837_bar_ros) StdoutLine: {'line': b"reading manifest file '../../build/ms5837_bar_ros/ms5837_bar_ros.egg-info/SOURCES.txt'\n"}
[3.086329] (ms5837_bar_ros) StdoutLine: {'line': b"adding license file 'LICENSE'\n"}
[3.087492] (ms5837_bar_ros) StdoutLine: {'line': b"writing manifest file '../../build/ms5837_bar_ros/ms5837_bar_ros.egg-info/SOURCES.txt'\n"}
[3.087823] (ms5837_bar_ros) StdoutLine: {'line': b'running build\n'}
[3.088046] (ms5837_bar_ros) StdoutLine: {'line': b'running build_py\n'}
[3.088780] (ms5837_bar_ros) StdoutLine: {'line': b'running install\n'}
[3.100789] (ms5837_bar_ros) StdoutLine: {'line': b'running install_lib\n'}
[3.124037] (-) TimerEvent: {}
[3.126248] (ms5837_bar_ros) StdoutLine: {'line': b'running install_data\n'}
[3.126627] (ms5837_bar_ros) StdoutLine: {'line': b'running install_egg_info\n'}
[3.151980] (ms5837_bar_ros) StdoutLine: {'line': b"removing '/home/selqie/buoyancy/install/ms5837_bar_ros/lib/python3.12/site-packages/ms5837_bar_ros-0.0.0-py3.12.egg-info' (and everything under it)\n"}
[3.152476] (ms5837_bar_ros) StdoutLine: {'line': b'Copying ../../build/ms5837_bar_ros/ms5837_bar_ros.egg-info to /home/selqie/buoyancy/install/ms5837_bar_ros/lib/python3.12/site-packages/ms5837_bar_ros-0.0.0-py3.12.egg-info\n'}
[3.153770] (ms5837_bar_ros) StdoutLine: {'line': b'running install_scripts\n'}
[3.224117] (-) TimerEvent: {}
[3.314486] (ms5837_bar_ros) StdoutLine: {'line': b'Installing bar02_node script to /home/selqie/buoyancy/install/ms5837_bar_ros/lib/ms5837_bar_ros\n'}
[3.314786] (ms5837_bar_ros) StdoutLine: {'line': b'Installing bar30_node script to /home/selqie/buoyancy/install/ms5837_bar_ros/lib/ms5837_bar_ros\n'}
[3.316312] (ms5837_bar_ros) StdoutLine: {'line': b"writing list of installed files to '/home/selqie/buoyancy/build/ms5837_bar_ros/install.log'\n"}
[3.324218] (-) TimerEvent: {}
[3.423744] (water_sensors) Command: {'cmd': ['/usr/bin/python3', '-W', 'ignore:setup.py install is deprecated', '-W', 'ignore:easy_install command is deprecated', 'setup.py', 'egg_info', '--egg-base', '../build/water_sensors', 'build', '--build-base', '/home/selqie/buoyancy/build/water_sensors/build', 'install', '--record', '/home/selqie/buoyancy/build/water_sensors/install.log', '--single-version-externally-managed', 'install_data'], 'cwd': '/home/selqie/buoyancy/water_sensors', 'env': {'LESSOPEN': '| /usr/bin/lesspipe %s', 'USER': 'selqie', 'SSH_CLIENT': '192.168.1.109 51669 22', 'XDG_SESSION_TYPE': 'tty', 'SHLVL': '1', 'LD_LIBRARY_PATH': '/home/selqie/buoyancy/install/motor_interfaces/lib:/opt/ros/jazzy/lib/aarch64-linux-gnu:/opt/ros/jazzy/lib', 'HOME': '/home/selqie', 'OLDPWD': '/home/selqie', 'SSH_TTY': '/dev/pts/6', 'ROS_PYTHON_VERSION': '3', 'DBUS_SESSION_BUS_ADDRESS': 'unix:path=/run/user/1000/bus', 'COLCON_PREFIX_PATH': '/home/selqie/buoyancy/install', 'ROS_DISTRO': 'jazzy', 'LOGNAME': 'selqie', '_': '/usr/bin/colcon', 'ROS_VERSION': '2', 'XDG_SESSION_CLASS': 'user', 'TERM': 'xterm-256color', 'XDG_SESSION_ID': '1', 'PATH': '/home/selqie/.local/bin:/opt/ros/jazzy/bin:/usr/local/sbin:/usr/local/bin:/usr/sbin:/usr/bin:/sbin:/bin:/usr/games:/usr/local/games:/snap/bin', 'XDG_RUNTIME_DIR': '/run/user/1000', 'LANG': 'C.UTF-8', 'LS_COLORS': 'rs=0:di=01;34:ln=01;36:mh=00:pi=40;33:so=01;35:do=01;35:bd=40;33;01:cd=40;33;01:or=40;31;01:mi=00:su=37;41:sg=30;43:ca=00:tw=30;42:ow=34;42:st=37;44:ex=01;32:*.tar=01;31:*.tgz=01;31:*.arc=01;31:*.arj=01;31:*.taz=01;31:*.lha=01;31:*.lz4=01;31:*.lzh=01;31:*.lzma=01;31:*.tlz=01;31:*.txz=01;31:*.tzo=01;31:*.t7z=01;31:*.zip=01;31:*.z=01;31:*.dz=01;31:*.gz=01;31:*.lrz=01;31:*.lz=01;31:*.lzo=01;31:*.xz=01;31:*.zst=01;31:*.tzst=01;31:*.bz2=01;31:*.bz=01;31:*.tbz=01;31:*.tbz2=01;31:*.tz=01;31:*.deb=01;31:*.rpm=01;31:*.jar=01;31:*.war=01;31:*.ear=01;31:*.sar=01;31:*.rar=01;31:*.alz=01;31:*.ace=01;31:*.zoo=01;31:*.cpio=01;31:*.7z=01;31:*.rz=01;31:*.cab=01;31:*.wim=01;31:*.swm=01;31:*.dwm=01;31:*.esd=01;31:*.avif=01;35:*.jpg=01;35:*.jpeg=01;35:*.mjpg=01;35:*.mjpeg=01;35:*.gif=01;35:*.bmp=01;35:*.pbm=01;35:*.pgm=01;35:*.ppm=01;35:*.tga=01;35:*.xbm=01;35:*.xpm=01;35:*.tif=01;35:*.tiff=01;35:*.png=01;35:*.svg=01;35:*.svgz=01;35:*.mng=01;35:*.pcx=01;35:*.mov=01;35:*.mpg=01;35:*.mpeg=01;35:*.m2v=01;35:*.mkv=01;35:*.webm=01;35:*.webp=01;35:*.ogm=01;35:*.mp4=01;35:*.m4v=01;35:*.mp4v=01;35:*.vob=01;35:*.qt=01;35:*.nuv=01;35:*.wmv=01;35:*.asf=01;35:*.rm=01;35:*.rmvb=01;35:*.flc=01;35:*.avi=01;35:*.fli=01;35:*.flv=01;35:*.gl=01;35:*.dl=01;35:*.xcf=01;35:*.xwd=01;35:*.yuv=01;35:*.cgm=01;35:*.emf=01;35:*.ogv=01;35:*.ogx=01;35:*.aac=00;36:*.au=00;36:*.flac=00;36:*.m4a=00;36:*.mid=00;36:*.midi=00;36:*.mka=00;36:*.mp3=00;36:*.mpc=00;36:*.ogg=00;36:*.ra=00;36:*.wav=00;36:*.oga=00;36:*.opus=00;36:*.spx=00;36:*.xspf=00;36:*~=00;90:*#=00;90:*.bak=00;90:*.crdownload=00;90:*.dpkg-dist=00;90:*.dpkg-new=00;90:*.dpkg-old=00;90:*.dpkg-tmp=00;90:*.old=00;90:*.orig=00;90:*.part=00;90:*.rej=00;90:*.rpmnew=00;90:*.rpmorig=00;90:*.rpmsave=00;90:*.swp=00;90:*.tmp=00;90:*.ucf-dist=00;90:*.ucf-new=00;90:*.ucf-old=00;90:', 'AMENT_PREFIX_PATH': '/home/selqie/buoyancy/install/water_sensors:/home/selqie/buoyancy/install/servo:/home/selqie/buoyancy/install/sensing_bringup:/home/selqie/buoyancy/install/ms5837_bar_ros:/home/selqie/buoyancy/install/buoy_control:/home/selqie/buoyancy/install/motor_interfaces:/home/selqie/buoyancy/install/led:/home/selqie/buoyancy/install/bno08x_driver:/home/selqie/buoyancy/install/battery:/opt/ros/jazzy', 'SHELL': '/bin/bash', 'LESSCLOSE': '/usr/bin/lesspipe %s %s', 'ROS_AUTOMATIC_DISCOVERY_RANGE': 'SUBNET', 'PWD': '/home/selqie/buoyancy/build/water_sensors', 'SSH_CONNECTION': '192.168.1.109 51669 192.168.1.160 22', 'XDG_DATA_DIRS': '/usr/local/share:/usr/share:/var/lib/snapd/desktop', 'PYTHONPATH': '/home/selqie/buoyancy/build/water_sensors/prefix_override:/usr/lib/python3/dist-packages/colcon_core/task/python/colcon_distutils_commands:/home/selqie/buoyancy/install/water_sensors/lib/python3.12/site-packages:/home/selqie/buoyancy/install/water_sensors/lib/python3.12/site-packages:/home/selqie/buoyancy/install/servo/lib/python3.12/site-packages:/home/selqie/buoyancy/install/ms5837_bar_ros/lib/python3.12/site-packages:/home/selqie/buoyancy/install/buoy_control/lib/python3.12/site-packages:/home/selqie/buoyancy/install/motor_interfaces/lib/python3.12/site-packages:/home/selqie/buoyancy/install/led/lib/python3.12/site-packages:/home/selqie/buoyancy/install/battery/lib/python3.12/site-packages:/opt/ros/jazzy/lib/python3.12/site-packages', 'COLCON': '1', 'CMAKE_PREFIX_PATH': '/home/selqie/buoyancy/install/sensing_bringup:/home/selqie/buoyancy/install/motor_interfaces:/home/selqie/buoyancy/install/bno08x_driver'}, 'shell': False}
[3.425012] (-) TimerEvent: {}
[3.526205] (-) TimerEvent: {}
[3.626577] (-) TimerEvent: {}
[3.726888] (-) TimerEvent: {}
[3.754001] (ms5837_bar_ros) CommandEnded: {'returncode': 0}
[3.768355] (ms5837_bar_ros) JobEnded: {'identifier': 'ms5837_bar_ros', 'rc': 0}
[3.782330] (water_sensors) StdoutLine: {'line': b'running egg_info\n'}
[3.806591] (water_sensors) StdoutLine: {'line': b'writing ../build/water_sensors/water_sensors.egg-info/PKG-INFO\n'}
[3.807620] (water_sensors) StdoutLine: {'line': b'writing dependency_links to ../build/water_sensors/water_sensors.egg-info/dependency_links.txt\n'}
[3.808377] (water_sensors) StdoutLine: {'line': b'writing entry points to ../build/water_sensors/water_sensors.egg-info/entry_points.txt\n'}
[3.809074] (water_sensors) StdoutLine: {'line': b'writing requirements to ../build/water_sensors/water_sensors.egg-info/requires.txt\n'}
[3.809770] (water_sensors) StdoutLine: {'line': b'writing top-level names to ../build/water_sensors/water_sensors.egg-info/top_level.txt\n'}
[3.826987] (-) TimerEvent: {}
[3.862560] (water_sensors) StdoutLine: {'line': b"reading manifest file '../build/water_sensors/water_sensors.egg-info/SOURCES.txt'\n"}
[3.863834] (water_sensors) StdoutLine: {'line': b"writing manifest file '../build/water_sensors/water_sensors.egg-info/SOURCES.txt'\n"}
[3.864140] (water_sensors) StdoutLine: {'line': b'running build\n'}
[3.864327] (water_sensors) StdoutLine: {'line': b'running build_py\n'}
[3.864874] (water_sensors) StdoutLine: {'line': b'running install\n'}
[3.875351] (water_sensors) StdoutLine: {'line': b'running install_lib\n'}
[3.901411] (water_sensors) StdoutLine: {'line': b'running install_data\n'}
[3.901781] (water_sensors) StdoutLine: {'line': b'running install_egg_info\n'}
[3.927086] (-) TimerEvent: {}
[3.928993] (water_sensors) StdoutLine: {'line': b"removing '/home/selqie/buoyancy/install/water_sensors/lib/python3.12/site-packages/water_sensors-0.1.0-py3.12.egg-info' (and everything under it)\n"}
[3.929516] (water_sensors) StdoutLine: {'line': b'Copying ../build/water_sensors/water_sensors.egg-info to /home/selqie/buoyancy/install/water_sensors/lib/python3.12/site-packages/water_sensors-0.1.0-py3.12.egg-info\n'}
[3.931027] (water_sensors) StdoutLine: {'line': b'running install_scripts\n'}
[4.027181] (-) TimerEvent: {}
[4.096723] (water_sensors) StdoutLine: {'line': b'Installing humidity_sensor_node script to /home/selqie/buoyancy/install/water_sensors/lib/water_sensors\n'}
[4.097032] (water_sensors) StdoutLine: {'line': b'Installing leak_sensor_node script to /home/selqie/buoyancy/install/water_sensors/lib/water_sensors\n'}
[4.098544] (water_sensors) StdoutLine: {'line': b"writing list of installed files to '/home/selqie/buoyancy/build/water_sensors/install.log'\n"}
[4.127348] (-) TimerEvent: {}
[4.203087] (water_sensors) CommandEnded: {'returncode': 0}
[4.215972] (water_sensors) JobEnded: {'identifier': 'water_sensors', 'rc': 0}
[4.227418] (-) TimerEvent: {}
[4.327713] (-) TimerEvent: {}
[4.427980] (-) TimerEvent: {}
[4.528298] (-) TimerEvent: {}
[4.628808] (-) TimerEvent: {}
[4.649360] (servo) Command: {'cmd': ['/usr/bin/python3', '-W', 'ignore:setup.py install is deprecated', '-W', 'ignore:easy_install command is deprecated', 'setup.py', 'egg_info', '--egg-base', '../build/servo', 'build', '--build-base', '/home/selqie/buoyancy/build/servo/build', 'install', '--record', '/home/selqie/buoyancy/build/servo/install.log', '--single-version-externally-managed', 'install_data'], 'cwd': '/home/selqie/buoyancy/servo', 'env': {'LESSOPEN': '| /usr/bin/lesspipe %s', 'USER': 'selqie', 'SSH_CLIENT': '192.168.1.109 51669 22', 'XDG_SESSION_TYPE': 'tty', 'SHLVL': '1', 'LD_LIBRARY_PATH': '/home/selqie/buoyancy/install/motor_interfaces/lib:/opt/ros/jazzy/lib/aarch64-linux-gnu:/opt/ros/jazzy/lib', 'HOME': '/home/selqie', 'OLDPWD': '/home/selqie', 'SSH_TTY': '/dev/pts/6', 'ROS_PYTHON_VERSION': '3', 'DBUS_SESSION_BUS_ADDRESS': 'unix:path=/run/user/1000/bus', 'COLCON_PREFIX_PATH': '/home/selqie/buoyancy/install', 'ROS_DISTRO': 'jazzy', 'LOGNAME': 'selqie', '_': '/usr/bin/colcon', 'ROS_VERSION': '2', 'XDG_SESSION_CLASS': 'user', 'TERM': 'xterm-256color', 'XDG_SESSION_ID': '1', 'PATH': '/home/selqie/.local/bin:/opt/ros/jazzy/bin:/usr/local/sbin:/usr/local/bin:/usr/sbin:/usr/bin:/sbin:/bin:/usr/games:/usr/local/games:/snap/bin', 'XDG_RUNTIME_DIR': '/run/user/1000', 'LANG': 'C.UTF-8', 'LS_COLORS': 'rs=0:di=01;34:ln=01;36:mh=00:pi=40;33:so=01;35:do=01;35:bd=40;33;01:cd=40;33;01:or=40;31;01:mi=00:su=37;41:sg=30;43:ca=00:tw=30;42:ow=34;42:st=37;44:ex=01;32:*.tar=01;31:*.tgz=01;31:*.arc=01;31:*.arj=01;31:*.taz=01;31:*.lha=01;31:*.lz4=01;31:*.lzh=01;31:*.lzma=01;31:*.tlz=01;31:*.txz=01;31:*.tzo=01;31:*.t7z=01;31:*.zip=01;31:*.z=01;31:*.dz=01;31:*.gz=01;31:*.lrz=01;31:*.lz=01;31:*.lzo=01;31:*.xz=01;31:*.zst=01;31:*.tzst=01;31:*.bz2=01;31:*.bz=01;31:*.tbz=01;31:*.tbz2=01;31:*.tz=01;31:*.deb=01;31:*.rpm=01;31:*.jar=01;31:*.war=01;31:*.ear=01;31:*.sar=01;31:*.rar=01;31:*.alz=01;31:*.ace=01;31:*.zoo=01;31:*.cpio=01;31:*.7z=01;31:*.rz=01;31:*.cab=01;31:*.wim=01;31:*.swm=01;31:*.dwm=01;31:*.esd=01;31:*.avif=01;35:*.jpg=01;35:*.jpeg=01;35:*.mjpg=01;35:*.mjpeg=01;35:*.gif=01;35:*.bmp=01;35:*.pbm=01;35:*.pgm=01;35:*.ppm=01;35:*.tga=01;35:*.xbm=01;35:*.xpm=01;35:*.tif=01;35:*.tiff=01;35:*.png=01;35:*.svg=01;35:*.svgz=01;35:*.mng=01;35:*.pcx=01;35:*.mov=01;35:*.mpg=01;35:*.mpeg=01;35:*.m2v=01;35:*.mkv=01;35:*.webm=01;35:*.webp=01;35:*.ogm=01;35:*.mp4=01;35:*.m4v=01;35:*.mp4v=01;35:*.vob=01;35:*.qt=01;35:*.nuv=01;35:*.wmv=01;35:*.asf=01;35:*.rm=01;35:*.rmvb=01;35:*.flc=01;35:*.avi=01;35:*.fli=01;35:*.flv=01;35:*.gl=01;35:*.dl=01;35:*.xcf=01;35:*.xwd=01;35:*.yuv=01;35:*.cgm=01;35:*.emf=01;35:*.ogv=01;35:*.ogx=01;35:*.aac=00;36:*.au=00;36:*.flac=00;36:*.m4a=00;36:*.mid=00;36:*.midi=00;36:*.mka=00;36:*.mp3=00;36:*.mpc=00;36:*.ogg=00;36:*.ra=00;36:*.wav=00;36:*.oga=00;36:*.opus=00;36:*.spx=00;36:*.xspf=00;36:*~=00;90:*#=00;90:*.bak=00;90:*.crdownload=00;90:*.dpkg-dist=00;90:*.dpkg-new=00;90:*.dpkg-old=00;90:*.dpkg-tmp=00;90:*.old=00;90:*.orig=00;90:*.part=00;90:*.rej=00;90:*.rpmnew=00;90:*.rpmorig=00;90:*.rpmsave=00;90:*.swp=00;90:*.tmp=00;90:*.ucf-dist=00;90:*.ucf-new=00;90:*.ucf-old=00;90:', 'AMENT_PREFIX_PATH': '/home/selqie/buoyancy/install/water_sensors:/home/selqie/buoyancy/install/servo:/home/selqie/buoyancy/install/sensing_bringup:/home/selqie/buoyancy/install/ms5837_bar_ros:/home/selqie/buoyancy/install/buoy_control:/home/selqie/buoyancy/install/motor_interfaces:/home/selqie/buoyancy/install/led:/home/selqie/buoyancy/install/bno08x_driver:/home/selqie/buoyancy/install/battery:/opt/ros/jazzy', 'SHELL': '/bin/bash', 'LESSCLOSE': '/usr/bin/lesspipe %s %s', 'ROS_AUTOMATIC_DISCOVERY_RANGE': 'SUBNET', 'PWD': '/home/selqie/buoyancy/build/servo', 'SSH_CONNECTION': '192.168.1.109 51669 192.168.1.160 22', 'XDG_DATA_DIRS': '/usr/local/share:/usr/share:/var/lib/snapd/desktop', 'PYTHONPATH': '/home/selqie/buoyancy/build/servo/prefix_override:/usr/lib/python3/dist-packages/colcon_core/task/python/colcon_distutils_commands:/home/selqie/buoyancy/install/servo/lib/python3.12/site-packages:/home/selqie/buoyancy/install/motor_interfaces/lib/python3.12/site-packages:/home/selqie/buoyancy/install/water_sensors/lib/python3.12/site-packages:/home/selqie/buoyancy/install/servo/lib/python3.12/site-packages:/home/selqie/buoyancy/install/ms5837_bar_ros/lib/python3.12/site-packages:/home/selqie/buoyancy/install/buoy_control/lib/python3.12/site-packages:/home/selqie/buoyancy/install/led/lib/python3.12/site-packages:/home/selqie/buoyancy/install/battery/lib/python3.12/site-packages:/opt/ros/jazzy/lib/python3.12/site-packages', 'COLCON': '1', 'CMAKE_PREFIX_PATH': '/home/selqie/buoyancy/install/motor_interfaces:/home/selqie/buoyancy/install/sensing_bringup:/home/selqie/buoyancy/install/bno08x_driver'}, 'shell': False}
[4.667578] (buoy_control) Command: {'cmd': ['/usr/bin/python3', '-W', 'ignore:setup.py install is deprecated', '-W', 'ignore:easy_install command is deprecated', 'setup.py', 'egg_info', '--egg-base', '../build/buoy_control', 'build', '--build-base', '/home/selqie/buoyancy/build/buoy_control/build', 'install', '--record', '/home/selqie/buoyancy/build/buoy_control/install.log', '--single-version-externally-managed', 'install_data'], 'cwd': '/home/selqie/buoyancy/buoy_control', 'env': {'LESSOPEN': '| /usr/bin/lesspipe %s', 'USER': 'selqie', 'SSH_CLIENT': '192.168.1.109 51669 22', 'XDG_SESSION_TYPE': 'tty', 'SHLVL': '1', 'LD_LIBRARY_PATH': '/home/selqie/buoyancy/install/motor_interfaces/lib:/opt/ros/jazzy/lib/aarch64-linux-gnu:/opt/ros/jazzy/lib', 'HOME': '/home/selqie', 'OLDPWD': '/home/selqie', 'SSH_TTY': '/dev/pts/6', 'ROS_PYTHON_VERSION': '3', 'DBUS_SESSION_BUS_ADDRESS': 'unix:path=/run/user/1000/bus', 'COLCON_PREFIX_PATH': '/home/selqie/buoyancy/install', 'ROS_DISTRO': 'jazzy', 'LOGNAME': 'selqie', '_': '/usr/bin/colcon', 'ROS_VERSION': '2', 'XDG_SESSION_CLASS': 'user', 'TERM': 'xterm-256color', 'XDG_SESSION_ID': '1', 'PATH': '/home/selqie/.local/bin:/opt/ros/jazzy/bin:/usr/local/sbin:/usr/local/bin:/usr/sbin:/usr/bin:/sbin:/bin:/usr/games:/usr/local/games:/snap/bin', 'XDG_RUNTIME_DIR': '/run/user/1000', 'LANG': 'C.UTF-8', 'LS_COLORS': 'rs=0:di=01;34:ln=01;36:mh=00:pi=40;33:so=01;35:do=01;35:bd=40;33;01:cd=40;33;01:or=40;31;01:mi=00:su=37;41:sg=30;43:ca=00:tw=30;42:ow=34;42:st=37;44:ex=01;32:*.tar=01;31:*.tgz=01;31:*.arc=01;31:*.arj=01;31:*.taz=01;31:*.lha=01;31:*.lz4=01;31:*.lzh=01;31:*.lzma=01;31:*.tlz=01;31:*.txz=01;31:*.tzo=01;31:*.t7z=01;31:*.zip=01;31:*.z=01;31:*.dz=01;31:*.gz=01;31:*.lrz=01;31:*.lz=01;31:*.lzo=01;31:*.xz=01;31:*.zst=01;31:*.tzst=01;31:*.bz2=01;31:*.bz=01;31:*.tbz=01;31:*.tbz2=01;31:*.tz=01;31:*.deb=01;31:*.rpm=01;31:*.jar=01;31:*.war=01;31:*.ear=01;31:*.sar=01;31:*.rar=01;31:*.alz=01;31:*.ace=01;31:*.zoo=01;31:*.cpio=01;31:*.7z=01;31:*.rz=01;31:*.cab=01;31:*.wim=01;31:*.swm=01;31:*.dwm=01;31:*.esd=01;31:*.avif=01;35:*.jpg=01;35:*.jpeg=01;35:*.mjpg=01;35:*.mjpeg=01;35:*.gif=01;35:*.bmp=01;35:*.pbm=01;35:*.pgm=01;35:*.ppm=01;35:*.tga=01;35:*.xbm=01;35:*.xpm=01;35:*.tif=01;35:*.tiff=01;35:*.png=01;35:*.svg=01;35:*.svgz=01;35:*.mng=01;35:*.pcx=01;35:*.mov=01;35:*.mpg=01;35:*.mpeg=01;35:*.m2v=01;35:*.mkv=01;35:*.webm=01;35:*.webp=01;35:*.ogm=01;35:*.mp4=01;35:*.m4v=01;35:*.mp4v=01;35:*.vob=01;35:*.qt=01;35:*.nuv=01;35:*.wmv=01;35:*.asf=01;35:*.rm=01;35:*.rmvb=01;35:*.flc=01;35:*.avi=01;35:*.fli=01;35:*.flv=01;35:*.gl=01;35:*.dl=01;35:*.xcf=01;35:*.xwd=01;35:*.yuv=01;35:*.cgm=01;35:*.emf=01;35:*.ogv=01;35:*.ogx=01;35:*.aac=00;36:*.au=00;36:*.flac=00;36:*.m4a=00;36:*.mid=00;36:*.midi=00;36:*.mka=00;36:*.mp3=00;36:*.mpc=00;36:*.ogg=00;36:*.ra=00;36:*.wav=00;36:*.oga=00;36:*.opus=00;36:*.spx=00;36:*.xspf=00;36:*~=00;90:*#=00;90:*.bak=00;90:*.crdownload=00;90:*.dpkg-dist=00;90:*.dpkg-new=00;90:*.dpkg-old=00;90:*.dpkg-tmp=00;90:*.old=00;90:*.orig=00;90:*.part=00;90:*.rej=00;90:*.rpmnew=00;90:*.rpmorig=00;90:*.rpmsave=00;90:*.swp=00;90:*.tmp=00;90:*.ucf-dist=00;90:*.ucf-new=00;90:*.ucf-old=00;90:', 'AMENT_PREFIX_PATH': '/home/selqie/buoyancy/install/water_sensors:/home/selqie/buoyancy/install/servo:/home/selqie/buoyancy/install/sensing_bringup:/home/selqie/buoyancy/install/ms5837_bar_ros:/home/selqie/buoyancy/install/buoy_control:/home/selqie/buoyancy/install/motor_interfaces:/home/selqie/buoyancy/install/led:/home/selqie/buoyancy/install/bno08x_driver:/home/selqie/buoyancy/install/battery:/opt/ros/jazzy', 'SHELL': '/bin/bash', 'LESSCLOSE': '/usr/bin/lesspipe %s %s', 'ROS_AUTOMATIC_DISCOVERY_RANGE': 'SUBNET', 'PWD': '/home/selqie/buoyancy/build/buoy_control', 'SSH_CONNECTION': '192.168.1.109 51669 192.168.1.160 22', 'XDG_DATA_DIRS': '/usr/local/share:/usr/share:/var/lib/snapd/desktop', 'PYTHONPATH': '/home/selqie/buoyancy/build/buoy_control/prefix_override:/usr/lib/python3/dist-packages/colcon_core/task/python/colcon_distutils_commands:/home/selqie/buoyancy/install/buoy_control/lib/python3.12/site-packages:/home/selqie/buoyancy/install/motor_interfaces/lib/python3.12/site-packages:/home/selqie/buoyancy/install/water_sensors/lib/python3.12/site-packages:/home/selqie/buoyancy/install/servo/lib/python3.12/site-packages:/home/selqie/buoyancy/install/ms5837_bar_ros/lib/python3.12/site-packages:/home/selqie/buoyancy/install/buoy_control/lib/python3.12/site-packages:/home/selqie/buoyancy/install/led/lib/python3.12/site-packages:/home/selqie/buoyancy/install/battery/lib/python3.12/site-packages:/opt/ros/jazzy/lib/python3.12/site-packages', 'COLCON': '1', 'CMAKE_PREFIX_PATH': '/home/selqie/buoyancy/install/motor_interfaces:/home/selqie/buoyancy/install/sensing_bringup:/home/selqie/buoyancy/install/bno08x_driver'}, 'shell': False}
[4.728900] (-) TimerEvent: {}
[4.829209] (-) TimerEvent: {}
[4.929475] (-) TimerEvent: {}
[4.998058] (servo) StdoutLine: {'line': b'running egg_info\n'}
[5.016547] (buoy_control) StdoutLine: {'line': b'running egg_info\n'}
[5.019994] (servo) StdoutLine: {'line': b'writing ../build/servo/servo.egg-info/PKG-INFO\n'}
[5.020418] (servo) StdoutLine: {'line': b'writing dependency_links to ../build/servo/servo.egg-info/dependency_links.txt\n'}
[5.022084] (servo) StdoutLine: {'line': b'writing entry points to ../build/servo/servo.egg-info/entry_points.txt\n'}
[5.023530] (servo) StdoutLine: {'line': b'writing requirements to ../build/servo/servo.egg-info/requires.txt\n'}
[5.024994] (servo) StdoutLine: {'line': b'writing top-level names to ../build/servo/servo.egg-info/top_level.txt\n'}
[5.029535] (-) TimerEvent: {}
[5.039170] (buoy_control) StdoutLine: {'line': b'writing ../build/buoy_control/buoy_control.egg-info/PKG-INFO\n'}
[5.039576] (buoy_control) StdoutLine: {'line': b'writing dependency_links to ../build/buoy_control/buoy_control.egg-info/dependency_links.txt\n'}
[5.041297] (buoy_control) StdoutLine: {'line': b'writing entry points to ../build/buoy_control/buoy_control.egg-info/entry_points.txt\n'}
[5.044948] (buoy_control) StdoutLine: {'line': b'writing requirements to ../build/buoy_control/buoy_control.egg-info/requires.txt\n'}
[5.045513] (buoy_control) StdoutLine: {'line': b'writing top-level names to ../build/buoy_control/buoy_control.egg-info/top_level.txt\n'}
[5.071897] (servo) StdoutLine: {'line': b"reading manifest file '../build/servo/servo.egg-info/SOURCES.txt'\n"}
[5.072898] (servo) StdoutLine: {'line': b"writing manifest file '../build/servo/servo.egg-info/SOURCES.txt'\n"}
[5.073132] (servo) StdoutLine: {'line': b'running build\n'}
[5.073250] (servo) StdoutLine: {'line': b'running build_py\n'}
[5.073634] (servo) StdoutLine: {'line': b'running install\n'}
[5.083012] (servo) StdoutLine: {'line': b'running install_lib\n'}
[5.092246] (buoy_control) StdoutLine: {'line': b"reading manifest file '../build/buoy_control/buoy_control.egg-info/SOURCES.txt'\n"}
[5.092650] (buoy_control) StdoutLine: {'line': b"adding license file 'LICENSE'\n"}
[5.093386] (buoy_control) StdoutLine: {'line': b"writing manifest file '../build/buoy_control/buoy_control.egg-info/SOURCES.txt'\n"}
[5.093619] (buoy_control) StdoutLine: {'line': b'running build\n'}
[5.093731] (buoy_control) StdoutLine: {'line': b'running build_py\n'}
[5.094128] (buoy_control) StdoutLine: {'line': b'running install\n'}
[5.103448] (buoy_control) StdoutLine: {'line': b'running install_lib\n'}
[5.106578] (servo) StdoutLine: {'line': b'running install_data\n'}
[5.106771] (servo) StdoutLine: {'line': b'running install_egg_info\n'}
[5.127156] (buoy_control) StdoutLine: {'line': b'running install_data\n'}
[5.127351] (buoy_control) StdoutLine: {'line': b'copying launch/timer_control.launch.py -> /home/selqie/buoyancy/install/buoy_control/share/buoy_control/launch\n'}
[5.127672] (buoy_control) StdoutLine: {'line': b'running install_egg_info\n'}
[5.129603] (-) TimerEvent: {}
[5.131159] (servo) StdoutLine: {'line': b"removing '/home/selqie/buoyancy/install/servo/lib/python3.12/site-packages/servo-0.1.0-py3.12.egg-info' (and everything under it)\n"}
[5.131703] (servo) StdoutLine: {'line': b'Copying ../build/servo/servo.egg-info to /home/selqie/buoyancy/install/servo/lib/python3.12/site-packages/servo-0.1.0-py3.12.egg-info\n'}
[5.132854] (servo) StdoutLine: {'line': b'running install_scripts\n'}
[5.152545] (buoy_control) StdoutLine: {'line': b"removing '/home/selqie/buoyancy/install/buoy_control/lib/python3.12/site-packages/buoy_control-0.0.0-py3.12.egg-info' (and everything under it)\n"}
[5.152983] (buoy_control) StdoutLine: {'line': b'Copying ../build/buoy_control/buoy_control.egg-info to /home/selqie/buoyancy/install/buoy_control/lib/python3.12/site-packages/buoy_control-0.0.0-py3.12.egg-info\n'}
[5.154133] (buoy_control) StdoutLine: {'line': b'running install_scripts\n'}
[5.229689] (-) TimerEvent: {}
[5.292705] (servo) StdoutLine: {'line': b'Installing servo_motor_node script to /home/selqie/buoyancy/install/servo/lib/servo\n'}
[5.293239] (servo) StdoutLine: {'line': b"writing list of installed files to '/home/selqie/buoyancy/build/servo/install.log'\n"}
[5.314330] (buoy_control) StdoutLine: {'line': b'Installing button_control_node script to /home/selqie/buoyancy/install/buoy_control/lib/buoy_control\n'}
[5.314750] (buoy_control) StdoutLine: {'line': b'Installing timer_control_node script to /home/selqie/buoyancy/install/buoy_control/lib/buoy_control\n'}
[5.315964] (buoy_control) StdoutLine: {'line': b"writing list of installed files to '/home/selqie/buoyancy/build/buoy_control/install.log'\n"}
[5.329832] (-) TimerEvent: {}
[5.400196] (servo) CommandEnded: {'returncode': 0}
[5.415147] (servo) JobEnded: {'identifier': 'servo', 'rc': 0}
[5.422233] (buoy_control) CommandEnded: {'returncode': 0}
[5.429900] (-) TimerEvent: {}
[5.436661] (buoy_control) JobEnded: {'identifier': 'buoy_control', 'rc': 0}
[5.437934] (-) EventReactorShutdown: {}
