[0.000000] (-) TimerEvent: {}
[0.000368] (battery) JobQueued: {'identifier': 'battery', 'dependencies': OrderedDict()}
[0.000413] (bno08x_driver) JobQueued: {'identifier': 'bno08x_driver', 'dependencies': OrderedDict()}
[0.000436] (led) JobQueued: {'identifier': 'led', 'dependencies': OrderedDict()}
[0.000455] (motor_interfaces) JobQueued: {'identifier': 'motor_interfaces', 'dependencies': OrderedDict()}
[0.000472] (ms5837_bar_ros) JobQueued: {'identifier': 'ms5837_bar_ros', 'dependencies': OrderedDict()}
[0.000489] (sensing_bringup) JobQueued: {'identifier': 'sensing_bringup', 'dependencies': OrderedDict()}
[0.000505] (water_sensors) JobQueued: {'identifier': 'water_sensors', 'dependencies': OrderedDict()}
[0.000521] (buoy_control) JobQueued: {'identifier': 'buoy_control', 'dependencies': OrderedDict({'motor_interfaces': '/home/selqie/buoyancy/install/motor_interfaces'})}
[0.000544] (servo) JobQueued: {'identifier': 'servo', 'dependencies': OrderedDict({'motor_interfaces': '/home/selqie/buoyancy/install/motor_interfaces'})}
[0.000896] (motor_interfaces) JobStarted: {'identifier': 'motor_interfaces'}
[0.008097] (battery) JobStarted: {'identifier': 'battery'}
[0.015612] (bno08x_driver) JobStarted: {'identifier': 'bno08x_driver'}
[0.020483] (led) JobStarted: {'identifier': 'led'}
[0.029518] (motor_interfaces) JobProgress: {'identifier': 'motor_interfaces', 'progress': 'cmake'}
[0.030780] (motor_interfaces) JobProgress: {'identifier': 'motor_interfaces', 'progress': 'build'}
[0.031488] (motor_interfaces) Command: {'cmd': ['/usr/bin/cmake', '--build', '/home/selqie/buoyancy/build/motor_interfaces', '--', '-j4', '-l4'], 'cwd': '/home/selqie/buoyancy/build/motor_interfaces', 'env': OrderedDict({'LESSOPEN': '| /usr/bin/lesspipe %s', 'USER': 'selqie', 'SSH_CLIENT': '192.168.1.109 51669 22', 'XDG_SESSION_TYPE': 'tty', 'SHLVL': '1', 'LD_LIBRARY_PATH': '/home/selqie/buoyancy/install/motor_interfaces/lib:/opt/ros/jazzy/lib/aarch64-linux-gnu:/opt/ros/jazzy/lib', 'HOME': '/home/selqie', 'OLDPWD': '/home/selqie', 'SSH_TTY': '/dev/pts/6', 'ROS_PYTHON_VERSION': '3', 'DBUS_SESSION_BUS_ADDRESS': 'unix:path=/run/user/1000/bus', 'COLCON_PREFIX_PATH': '/home/selqie/buoyancy/install', 'ROS_DISTRO': 'jazzy', 'LOGNAME': 'selqie', '_': '/usr/bin/colcon', 'ROS_VERSION': '2', 'XDG_SESSION_CLASS': 'user', 'TERM': 'xterm-256color', 'XDG_SESSION_ID': '1', 'PATH': '/home/selqie/.local/bin:/opt/ros/jazzy/bin:/usr/local/sbin:/usr/local/bin:/usr/sbin:/usr/bin:/sbin:/bin:/usr/games:/usr/local/games:/snap/bin', 'XDG_RUNTIME_DIR': '/run/user/1000', 'LANG': 'C.UTF-8', 'LS_COLORS': 'rs=0:di=01;34:ln=01;36:mh=00:pi=40;33:so=01;35:do=01;35:bd=40;33;01:cd=40;33;01:or=40;31;01:mi=00:su=37;41:sg=30;43:ca=00:tw=30;42:ow=34;42:st=37;44:ex=01;32:*.tar=01;31:*.tgz=01;31:*.arc=01;31:*.arj=01;31:*.taz=01;31:*.lha=01;31:*.lz4=01;31:*.lzh=01;31:*.lzma=01;31:*.tlz=01;31:*.txz=01;31:*.tzo=01;31:*.t7z=01;31:*.zip=01;31:*.z=01;31:*.dz=01;31:*.gz=01;31:*.lrz=01;31:*.lz=01;31:*.lzo=01;31:*.xz=01;31:*.zst=01;31:*.tzst=01;31:*.bz2=01;31:*.bz=01;31:*.tbz=01;31:*.tbz2=01;31:*.tz=01;31:*.deb=01;31:*.rpm=01;31:*.jar=01;31:*.war=01;31:*.ear=01;31:*.sar=01;31:*.rar=01;31:*.alz=01;31:*.ace=01;31:*.zoo=01;31:*.cpio=01;31:*.7z=01;31:*.rz=01;31:*.cab=01;31:*.wim=01;31:*.swm=01;31:*.dwm=01;31:*.esd=01;31:*.avif=01;35:*.jpg=01;35:*.jpeg=01;35:*.mjpg=01;35:*.mjpeg=01;35:*.gif=01;35:*.bmp=01;35:*.pbm=01;35:*.pgm=01;35:*.ppm=01;35:*.tga=01;35:*.xbm=01;35:*.xpm=01;35:*.tif=01;35:*.tiff=01;35:*.png=01;35:*.svg=01;35:*.svgz=01;35:*.mng=01;35:*.pcx=01;35:*.mov=01;35:*.mpg=01;35:*.mpeg=01;35:*.m2v=01;35:*.mkv=01;35:*.webm=01;35:*.webp=01;35:*.ogm=01;35:*.mp4=01;35:*.m4v=01;35:*.mp4v=01;35:*.vob=01;35:*.qt=01;35:*.nuv=01;35:*.wmv=01;35:*.asf=01;35:*.rm=01;35:*.rmvb=01;35:*.flc=01;35:*.avi=01;35:*.fli=01;35:*.flv=01;35:*.gl=01;35:*.dl=01;35:*.xcf=01;35:*.xwd=01;35:*.yuv=01;35:*.cgm=01;35:*.emf=01;35:*.ogv=01;35:*.ogx=01;35:*.aac=00;36:*.au=00;36:*.flac=00;36:*.m4a=00;36:*.mid=00;36:*.midi=00;36:*.mka=00;36:*.mp3=00;36:*.mpc=00;36:*.ogg=00;36:*.ra=00;36:*.wav=00;36:*.oga=00;36:*.opus=00;36:*.spx=00;36:*.xspf=00;36:*~=00;90:*#=00;90:*.bak=00;90:*.crdownload=00;90:*.dpkg-dist=00;90:*.dpkg-new=00;90:*.dpkg-old=00;90:*.dpkg-tmp=00;90:*.old=00;90:*.orig=00;90:*.part=00;90:*.rej=00;90:*.rpmnew=00;90:*.rpmorig=00;90:*.rpmsave=00;90:*.swp=00;90:*.tmp=00;90:*.ucf-dist=00;90:*.ucf-new=00;90:*.ucf-old=00;90:', 'AMENT_PREFIX_PATH': '/home/selqie/buoyancy/install/water_sensors:/home/selqie/buoyancy/install/servo:/home/selqie/buoyancy/install/sensing_bringup:/home/selqie/buoyancy/install/ms5837_bar_ros:/home/selqie/buoyancy/install/buoy_control:/home/selqie/buoyancy/install/motor_interfaces:/home/selqie/buoyancy/install/led:/home/selqie/buoyancy/install/bno08x_driver:/home/selqie/buoyancy/install/battery:/opt/ros/jazzy', 'SHELL': '/bin/bash', 'LESSCLOSE': '/usr/bin/lesspipe %s %s', 'ROS_AUTOMATIC_DISCOVERY_RANGE': 'SUBNET', 'PWD': '/home/selqie/buoyancy/build/motor_interfaces', 'SSH_CONNECTION': '192.168.1.109 51669 192.168.1.160 22', 'XDG_DATA_DIRS': '/usr/local/share:/usr/share:/var/lib/snapd/desktop', 'PYTHONPATH': '/home/selqie/buoyancy/install/water_sensors/lib/python3.12/site-packages:/home/selqie/buoyancy/install/servo/lib/python3.12/site-packages:/home/selqie/buoyancy/install/ms5837_bar_ros/lib/python3.12/site-packages:/home/selqie/buoyancy/install/buoy_control/lib/python3.12/site-packages:/home/selqie/buoyancy/install/motor_interfaces/lib/python3.12/site-packages:/home/selqie/buoyancy/install/led/lib/python3.12/site-packages:/home/selqie/buoyancy/install/battery/lib/python3.12/site-packages:/opt/ros/jazzy/lib/python3.12/site-packages', 'COLCON': '1', 'CMAKE_PREFIX_PATH': '/home/selqie/buoyancy/install/sensing_bringup:/home/selqie/buoyancy/install/motor_interfaces:/home/selqie/buoyancy/install/bno08x_driver:/home/selqie/buoyancy/install/water_sensors:/home/selqie/buoyancy/install/servo:/home/selqie/buoyancy/install/ms5837_bar_ros:/home/selqie/buoyancy/install/buoy_control:/home/selqie/buoyancy/install/led:/home/selqie/buoyancy/install/battery:/opt/ros/jazzy'}), 'shell': False}
[0.100116] (-) TimerEvent: {}
[0.201605] (-) TimerEvent: {}
[0.302101] (-) TimerEvent: {}
[0.403913] (-) TimerEvent: {}
[0.488126] (bno08x_driver) JobProgress: {'identifier': 'bno08x_driver', 'progress': 'cmake'}
[0.489775] (bno08x_driver) JobProgress: {'identifier': 'bno08x_driver', 'progress': 'build'}
[0.489861] (bno08x_driver) Command: {'cmd': ['/usr/bin/cmake', '--build', '/home/selqie/buoyancy/build/bno08x_driver', '--', '-j4', '-l4'], 'cwd': '/home/selqie/buoyancy/build/bno08x_driver', 'env': OrderedDict({'LESSOPEN': '| /usr/bin/lesspipe %s', 'USER': 'selqie', 'SSH_CLIENT': '192.168.1.109 51669 22', 'XDG_SESSION_TYPE': 'tty', 'SHLVL': '1', 'LD_LIBRARY_PATH': '/home/selqie/buoyancy/install/motor_interfaces/lib:/opt/ros/jazzy/lib/aarch64-linux-gnu:/opt/ros/jazzy/lib', 'HOME': '/home/selqie', 'OLDPWD': '/home/selqie', 'SSH_TTY': '/dev/pts/6', 'ROS_PYTHON_VERSION': '3', 'DBUS_SESSION_BUS_ADDRESS': 'unix:path=/run/user/1000/bus', 'COLCON_PREFIX_PATH': '/home/selqie/buoyancy/install', 'ROS_DISTRO': 'jazzy', 'LOGNAME': 'selqie', '_': '/usr/bin/colcon', 'ROS_VERSION': '2', 'XDG_SESSION_CLASS': 'user', 'TERM': 'xterm-256color', 'XDG_SESSION_ID': '1', 'PATH': '/home/selqie/.local/bin:/opt/ros/jazzy/bin:/usr/local/sbin:/usr/local/bin:/usr/sbin:/usr/bin:/sbin:/bin:/usr/games:/usr/local/games:/snap/bin', 'XDG_RUNTIME_DIR': '/run/user/1000', 'LANG': 'C.UTF-8', 'LS_COLORS': 'rs=0:di=01;34:ln=01;36:mh=00:pi=40;33:so=01;35:do=01;35:bd=40;33;01:cd=40;33;01:or=40;31;01:mi=00:su=37;41:sg=30;43:ca=00:tw=30;42:ow=34;42:st=37;44:ex=01;32:*.tar=01;31:*.tgz=01;31:*.arc=01;31:*.arj=01;31:*.taz=01;31:*.lha=01;31:*.lz4=01;31:*.lzh=01;31:*.lzma=01;31:*.tlz=01;31:*.txz=01;31:*.tzo=01;31:*.t7z=01;31:*.zip=01;31:*.z=01;31:*.dz=01;31:*.gz=01;31:*.lrz=01;31:*.lz=01;31:*.lzo=01;31:*.xz=01;31:*.zst=01;31:*.tzst=01;31:*.bz2=01;31:*.bz=01;31:*.tbz=01;31:*.tbz2=01;31:*.tz=01;31:*.deb=01;31:*.rpm=01;31:*.jar=01;31:*.war=01;31:*.ear=01;31:*.sar=01;31:*.rar=01;31:*.alz=01;31:*.ace=01;31:*.zoo=01;31:*.cpio=01;31:*.7z=01;31:*.rz=01;31:*.cab=01;31:*.wim=01;31:*.swm=01;31:*.dwm=01;31:*.esd=01;31:*.avif=01;35:*.jpg=01;35:*.jpeg=01;35:*.mjpg=01;35:*.mjpeg=01;35:*.gif=01;35:*.bmp=01;35:*.pbm=01;35:*.pgm=01;35:*.ppm=01;35:*.tga=01;35:*.xbm=01;35:*.xpm=01;35:*.tif=01;35:*.tiff=01;35:*.png=01;35:*.svg=01;35:*.svgz=01;35:*.mng=01;35:*.pcx=01;35:*.mov=01;35:*.mpg=01;35:*.mpeg=01;35:*.m2v=01;35:*.mkv=01;35:*.webm=01;35:*.webp=01;35:*.ogm=01;35:*.mp4=01;35:*.m4v=01;35:*.mp4v=01;35:*.vob=01;35:*.qt=01;35:*.nuv=01;35:*.wmv=01;35:*.asf=01;35:*.rm=01;35:*.rmvb=01;35:*.flc=01;35:*.avi=01;35:*.fli=01;35:*.flv=01;35:*.gl=01;35:*.dl=01;35:*.xcf=01;35:*.xwd=01;35:*.yuv=01;35:*.cgm=01;35:*.emf=01;35:*.ogv=01;35:*.ogx=01;35:*.aac=00;36:*.au=00;36:*.flac=00;36:*.m4a=00;36:*.mid=00;36:*.midi=00;36:*.mka=00;36:*.mp3=00;36:*.mpc=00;36:*.ogg=00;36:*.ra=00;36:*.wav=00;36:*.oga=00;36:*.opus=00;36:*.spx=00;36:*.xspf=00;36:*~=00;90:*#=00;90:*.bak=00;90:*.crdownload=00;90:*.dpkg-dist=00;90:*.dpkg-new=00;90:*.dpkg-old=00;90:*.dpkg-tmp=00;90:*.old=00;90:*.orig=00;90:*.part=00;90:*.rej=00;90:*.rpmnew=00;90:*.rpmorig=00;90:*.rpmsave=00;90:*.swp=00;90:*.tmp=00;90:*.ucf-dist=00;90:*.ucf-new=00;90:*.ucf-old=00;90:', 'AMENT_PREFIX_PATH': '/home/selqie/buoyancy/install/water_sensors:/home/selqie/buoyancy/install/servo:/home/selqie/buoyancy/install/sensing_bringup:/home/selqie/buoyancy/install/ms5837_bar_ros:/home/selqie/buoyancy/install/buoy_control:/home/selqie/buoyancy/install/motor_interfaces:/home/selqie/buoyancy/install/led:/home/selqie/buoyancy/install/bno08x_driver:/home/selqie/buoyancy/install/battery:/opt/ros/jazzy', 'SHELL': '/bin/bash', 'LESSCLOSE': '/usr/bin/lesspipe %s %s', 'ROS_AUTOMATIC_DISCOVERY_RANGE': 'SUBNET', 'PWD': '/home/selqie/buoyancy/build/bno08x_driver', 'SSH_CONNECTION': '192.168.1.109 51669 192.168.1.160 22', 'XDG_DATA_DIRS': '/usr/local/share:/usr/share:/var/lib/snapd/desktop', 'PYTHONPATH': '/home/selqie/buoyancy/install/water_sensors/lib/python3.12/site-packages:/home/selqie/buoyancy/install/servo/lib/python3.12/site-packages:/home/selqie/buoyancy/install/ms5837_bar_ros/lib/python3.12/site-packages:/home/selqie/buoyancy/install/buoy_control/lib/python3.12/site-packages:/home/selqie/buoyancy/install/motor_interfaces/lib/python3.12/site-packages:/home/selqie/buoyancy/install/led/lib/python3.12/site-packages:/home/selqie/buoyancy/install/battery/lib/python3.12/site-packages:/opt/ros/jazzy/lib/python3.12/site-packages', 'COLCON': '1', 'CMAKE_PREFIX_PATH': '/home/selqie/buoyancy/install/sensing_bringup:/home/selqie/buoyancy/install/motor_interfaces:/home/selqie/buoyancy/install/bno08x_driver:/home/selqie/buoyancy/install/water_sensors:/home/selqie/buoyancy/install/servo:/home/selqie/buoyancy/install/ms5837_bar_ros:/home/selqie/buoyancy/install/buoy_control:/home/selqie/buoyancy/install/led:/home/selqie/buoyancy/install/battery:/opt/ros/jazzy'}), 'shell': False}
[0.495243] (motor_interfaces) StdoutLine: {'line': b'[  2%] Built target motor_interfaces__rosidl_generator_type_description\n'}
[0.495558] (motor_interfaces) StdoutLine: {'line': b'[  2%] Built target ament_cmake_python_copy_motor_interfaces\n'}
[0.495712] (motor_interfaces) StdoutLine: {'line': b'[ 11%] Built target motor_interfaces__cpp\n'}
[0.495835] (motor_interfaces) StdoutLine: {'line': b'[ 20%] Built target motor_interfaces__rosidl_generator_c\n'}
[0.495942] (motor_interfaces) StdoutLine: {'line': b'[ 29%] Built target motor_interfaces__rosidl_typesupport_fastrtps_cpp\n'}
[0.496042] (motor_interfaces) StdoutLine: {'line': b'[ 38%] Built target motor_interfaces__rosidl_typesupport_cpp\n'}
[0.496137] (motor_interfaces) StdoutLine: {'line': b'[ 47%] Built target motor_interfaces__rosidl_typesupport_introspection_cpp\n'}
[0.496231] (motor_interfaces) StdoutLine: {'line': b'[ 55%] Built target motor_interfaces__rosidl_typesupport_fastrtps_c\n'}
[0.496323] (motor_interfaces) StdoutLine: {'line': b'[ 64%] Built target motor_interfaces__rosidl_typesupport_c\n'}
[0.496408] (motor_interfaces) StdoutLine: {'line': b'[ 73%] Built target motor_interfaces__rosidl_typesupport_introspection_c\n'}
[0.496523] (motor_interfaces) StdoutLine: {'line': b'[ 73%] Built target motor_interfaces\n'}
[0.496700] (motor_interfaces) StdoutLine: {'line': b'[ 76%] Built target motor_interfaces__py\n'}
[0.496802] (motor_interfaces) StdoutLine: {'line': b'[ 82%] Built target motor_interfaces__rosidl_generator_py\n'}
[0.496884] (motor_interfaces) StdoutLine: {'line': b'[ 88%] Built target motor_interfaces_s__rosidl_typesupport_fastrtps_c\n'}
[0.496966] (motor_interfaces) StdoutLine: {'line': b'[ 94%] Built target motor_interfaces_s__rosidl_typesupport_c\n'}
[0.497050] (motor_interfaces) StdoutLine: {'line': b'[100%] Built target motor_interfaces_s__rosidl_typesupport_introspection_c\n'}
[0.504033] (-) TimerEvent: {}
[0.556850] (motor_interfaces) StdoutLine: {'line': b'running egg_info\n'}
[0.594839] (motor_interfaces) StdoutLine: {'line': b'writing motor_interfaces.egg-info/PKG-INFO\n'}
[0.595136] (motor_interfaces) StdoutLine: {'line': b'writing dependency_links to motor_interfaces.egg-info/dependency_links.txt\n'}
[0.597925] (motor_interfaces) StdoutLine: {'line': b'writing top-level names to motor_interfaces.egg-info/top_level.txt\n'}
[0.600763] (bno08x_driver) StdoutLine: {'line': b'[ 27%] Built target sh2_library\n'}
[0.604159] (-) TimerEvent: {}
[0.607830] (bno08x_driver) StdoutLine: {'line': b'[ 38%] Built target gmock_main\n'}
[0.611810] (bno08x_driver) StdoutLine: {'line': b'[ 55%] Built target gmock\n'}
[0.664782] (bno08x_driver) StdoutLine: {'line': b'[ 77%] Built target bno08x_driver\n'}
[0.668326] (bno08x_driver) StdoutLine: {'line': b'[ 88%] Built target test_i2c_mock\n'}
[0.676378] (bno08x_driver) StdoutLine: {'line': b'[100%] Built target test_watchdog\n'}
[0.700300] (motor_interfaces) StdoutLine: {'line': b"reading manifest file 'motor_interfaces.egg-info/SOURCES.txt'\n"}
[0.701127] (motor_interfaces) StdoutLine: {'line': b"writing manifest file 'motor_interfaces.egg-info/SOURCES.txt'\n"}
[0.704257] (-) TimerEvent: {}
[0.775024] (motor_interfaces) StdoutLine: {'line': b'[100%] Built target ament_cmake_python_build_motor_interfaces_egg\n'}
[0.804367] (-) TimerEvent: {}
[0.904716] (-) TimerEvent: {}
[0.905497] (bno08x_driver) CommandEnded: {'returncode': 0}
[0.906383] (bno08x_driver) JobProgress: {'identifier': 'bno08x_driver', 'progress': 'install'}
[0.923211] (bno08x_driver) Command: {'cmd': ['/usr/bin/cmake', '--install', '/home/selqie/buoyancy/build/bno08x_driver'], 'cwd': '/home/selqie/buoyancy/build/bno08x_driver', 'env': OrderedDict({'LESSOPEN': '| /usr/bin/lesspipe %s', 'USER': 'selqie', 'SSH_CLIENT': '192.168.1.109 51669 22', 'XDG_SESSION_TYPE': 'tty', 'SHLVL': '1', 'LD_LIBRARY_PATH': '/home/selqie/buoyancy/install/motor_interfaces/lib:/opt/ros/jazzy/lib/aarch64-linux-gnu:/opt/ros/jazzy/lib', 'HOME': '/home/selqie', 'OLDPWD': '/home/selqie', 'SSH_TTY': '/dev/pts/6', 'ROS_PYTHON_VERSION': '3', 'DBUS_SESSION_BUS_ADDRESS': 'unix:path=/run/user/1000/bus', 'COLCON_PREFIX_PATH': '/home/selqie/buoyancy/install', 'ROS_DISTRO': 'jazzy', 'LOGNAME': 'selqie', '_': '/usr/bin/colcon', 'ROS_VERSION': '2', 'XDG_SESSION_CLASS': 'user', 'TERM': 'xterm-256color', 'XDG_SESSION_ID': '1', 'PATH': '/home/selqie/.local/bin:/opt/ros/jazzy/bin:/usr/local/sbin:/usr/local/bin:/usr/sbin:/usr/bin:/sbin:/bin:/usr/games:/usr/local/games:/snap/bin', 'XDG_RUNTIME_DIR': '/run/user/1000', 'LANG': 'C.UTF-8', 'LS_COLORS': 'rs=0:di=01;34:ln=01;36:mh=00:pi=40;33:so=01;35:do=01;35:bd=40;33;01:cd=40;33;01:or=40;31;01:mi=00:su=37;41:sg=30;43:ca=00:tw=30;42:ow=34;42:st=37;44:ex=01;32:*.tar=01;31:*.tgz=01;31:*.arc=01;31:*.arj=01;31:*.taz=01;31:*.lha=01;31:*.lz4=01;31:*.lzh=01;31:*.lzma=01;31:*.tlz=01;31:*.txz=01;31:*.tzo=01;31:*.t7z=01;31:*.zip=01;31:*.z=01;31:*.dz=01;31:*.gz=01;31:*.lrz=01;31:*.lz=01;31:*.lzo=01;31:*.xz=01;31:*.zst=01;31:*.tzst=01;31:*.bz2=01;31:*.bz=01;31:*.tbz=01;31:*.tbz2=01;31:*.tz=01;31:*.deb=01;31:*.rpm=01;31:*.jar=01;31:*.war=01;31:*.ear=01;31:*.sar=01;31:*.rar=01;31:*.alz=01;31:*.ace=01;31:*.zoo=01;31:*.cpio=01;31:*.7z=01;31:*.rz=01;31:*.cab=01;31:*.wim=01;31:*.swm=01;31:*.dwm=01;31:*.esd=01;31:*.avif=01;35:*.jpg=01;35:*.jpeg=01;35:*.mjpg=01;35:*.mjpeg=01;35:*.gif=01;35:*.bmp=01;35:*.pbm=01;35:*.pgm=01;35:*.ppm=01;35:*.tga=01;35:*.xbm=01;35:*.xpm=01;35:*.tif=01;35:*.tiff=01;35:*.png=01;35:*.svg=01;35:*.svgz=01;35:*.mng=01;35:*.pcx=01;35:*.mov=01;35:*.mpg=01;35:*.mpeg=01;35:*.m2v=01;35:*.mkv=01;35:*.webm=01;35:*.webp=01;35:*.ogm=01;35:*.mp4=01;35:*.m4v=01;35:*.mp4v=01;35:*.vob=01;35:*.qt=01;35:*.nuv=01;35:*.wmv=01;35:*.asf=01;35:*.rm=01;35:*.rmvb=01;35:*.flc=01;35:*.avi=01;35:*.fli=01;35:*.flv=01;35:*.gl=01;35:*.dl=01;35:*.xcf=01;35:*.xwd=01;35:*.yuv=01;35:*.cgm=01;35:*.emf=01;35:*.ogv=01;35:*.ogx=01;35:*.aac=00;36:*.au=00;36:*.flac=00;36:*.m4a=00;36:*.mid=00;36:*.midi=00;36:*.mka=00;36:*.mp3=00;36:*.mpc=00;36:*.ogg=00;36:*.ra=00;36:*.wav=00;36:*.oga=00;36:*.opus=00;36:*.spx=00;36:*.xspf=00;36:*~=00;90:*#=00;90:*.bak=00;90:*.crdownload=00;90:*.dpkg-dist=00;90:*.dpkg-new=00;90:*.dpkg-old=00;90:*.dpkg-tmp=00;90:*.old=00;90:*.orig=00;90:*.part=00;90:*.rej=00;90:*.rpmnew=00;90:*.rpmorig=00;90:*.rpmsave=00;90:*.swp=00;90:*.tmp=00;90:*.ucf-dist=00;90:*.ucf-new=00;90:*.ucf-old=00;90:', 'AMENT_PREFIX_PATH': '/home/selqie/buoyancy/install/water_sensors:/home/selqie/buoyancy/install/servo:/home/selqie/buoyancy/install/sensing_bringup:/home/selqie/buoyancy/install/ms5837_bar_ros:/home/selqie/buoyancy/install/buoy_control:/home/selqie/buoyancy/install/motor_interfaces:/home/selqie/buoyancy/install/led:/home/selqie/buoyancy/install/bno08x_driver:/home/selqie/buoyancy/install/battery:/opt/ros/jazzy', 'SHELL': '/bin/bash', 'LESSCLOSE': '/usr/bin/lesspipe %s %s', 'ROS_AUTOMATIC_DISCOVERY_RANGE': 'SUBNET', 'PWD': '/home/selqie/buoyancy/build/bno08x_driver', 'SSH_CONNECTION': '192.168.1.109 51669 192.168.1.160 22', 'XDG_DATA_DIRS': '/usr/local/share:/usr/share:/var/lib/snapd/desktop', 'PYTHONPATH': '/home/selqie/buoyancy/install/water_sensors/lib/python3.12/site-packages:/home/selqie/buoyancy/install/servo/lib/python3.12/site-packages:/home/selqie/buoyancy/install/ms5837_bar_ros/lib/python3.12/site-packages:/home/selqie/buoyancy/install/buoy_control/lib/python3.12/site-packages:/home/selqie/buoyancy/install/motor_interfaces/lib/python3.12/site-packages:/home/selqie/buoyancy/install/led/lib/python3.12/site-packages:/home/selqie/buoyancy/install/battery/lib/python3.12/site-packages:/opt/ros/jazzy/lib/python3.12/site-packages', 'COLCON': '1', 'CMAKE_PREFIX_PATH': '/home/selqie/buoyancy/install/sensing_bringup:/home/selqie/buoyancy/install/motor_interfaces:/home/selqie/buoyancy/install/bno08x_driver:/home/selqie/buoyancy/install/water_sensors:/home/selqie/buoyancy/install/servo:/home/selqie/buoyancy/install/ms5837_bar_ros:/home/selqie/buoyancy/install/buoy_control:/home/selqie/buoyancy/install/led:/home/selqie/buoyancy/install/battery:/opt/ros/jazzy'}), 'shell': False}
[0.925164] (motor_interfaces) CommandEnded: {'returncode': 0}
[0.925970] (motor_interfaces) JobProgress: {'identifier': 'motor_interfaces', 'progress': 'install'}
[0.926296] (motor_interfaces) Command: {'cmd': ['/usr/bin/cmake', '--install', '/home/selqie/buoyancy/build/motor_interfaces'], 'cwd': '/home/selqie/buoyancy/build/motor_interfaces', 'env': OrderedDict({'LESSOPEN': '| /usr/bin/lesspipe %s', 'USER': 'selqie', 'SSH_CLIENT': '192.168.1.109 51669 22', 'XDG_SESSION_TYPE': 'tty', 'SHLVL': '1', 'LD_LIBRARY_PATH': '/home/selqie/buoyancy/install/motor_interfaces/lib:/opt/ros/jazzy/lib/aarch64-linux-gnu:/opt/ros/jazzy/lib', 'HOME': '/home/selqie', 'OLDPWD': '/home/selqie', 'SSH_TTY': '/dev/pts/6', 'ROS_PYTHON_VERSION': '3', 'DBUS_SESSION_BUS_ADDRESS': 'unix:path=/run/user/1000/bus', 'COLCON_PREFIX_PATH': '/home/selqie/buoyancy/install', 'ROS_DISTRO': 'jazzy', 'LOGNAME': 'selqie', '_': '/usr/bin/colcon', 'ROS_VERSION': '2', 'XDG_SESSION_CLASS': 'user', 'TERM': 'xterm-256color', 'XDG_SESSION_ID': '1', 'PATH': '/home/selqie/.local/bin:/opt/ros/jazzy/bin:/usr/local/sbin:/usr/local/bin:/usr/sbin:/usr/bin:/sbin:/bin:/usr/games:/usr/local/games:/snap/bin', 'XDG_RUNTIME_DIR': '/run/user/1000', 'LANG': 'C.UTF-8', 'LS_COLORS': 'rs=0:di=01;34:ln=01;36:mh=00:pi=40;33:so=01;35:do=01;35:bd=40;33;01:cd=40;33;01:or=40;31;01:mi=00:su=37;41:sg=30;43:ca=00:tw=30;42:ow=34;42:st=37;44:ex=01;32:*.tar=01;31:*.tgz=01;31:*.arc=01;31:*.arj=01;31:*.taz=01;31:*.lha=01;31:*.lz4=01;31:*.lzh=01;31:*.lzma=01;31:*.tlz=01;31:*.txz=01;31:*.tzo=01;31:*.t7z=01;31:*.zip=01;31:*.z=01;31:*.dz=01;31:*.gz=01;31:*.lrz=01;31:*.lz=01;31:*.lzo=01;31:*.xz=01;31:*.zst=01;31:*.tzst=01;31:*.bz2=01;31:*.bz=01;31:*.tbz=01;31:*.tbz2=01;31:*.tz=01;31:*.deb=01;31:*.rpm=01;31:*.jar=01;31:*.war=01;31:*.ear=01;31:*.sar=01;31:*.rar=01;31:*.alz=01;31:*.ace=01;31:*.zoo=01;31:*.cpio=01;31:*.7z=01;31:*.rz=01;31:*.cab=01;31:*.wim=01;31:*.swm=01;31:*.dwm=01;31:*.esd=01;31:*.avif=01;35:*.jpg=01;35:*.jpeg=01;35:*.mjpg=01;35:*.mjpeg=01;35:*.gif=01;35:*.bmp=01;35:*.pbm=01;35:*.pgm=01;35:*.ppm=01;35:*.tga=01;35:*.xbm=01;35:*.xpm=01;35:*.tif=01;35:*.tiff=01;35:*.png=01;35:*.svg=01;35:*.svgz=01;35:*.mng=01;35:*.pcx=01;35:*.mov=01;35:*.mpg=01;35:*.mpeg=01;35:*.m2v=01;35:*.mkv=01;35:*.webm=01;35:*.webp=01;35:*.ogm=01;35:*.mp4=01;35:*.m4v=01;35:*.mp4v=01;35:*.vob=01;35:*.qt=01;35:*.nuv=01;35:*.wmv=01;35:*.asf=01;35:*.rm=01;35:*.rmvb=01;35:*.flc=01;35:*.avi=01;35:*.fli=01;35:*.flv=01;35:*.gl=01;35:*.dl=01;35:*.xcf=01;35:*.xwd=01;35:*.yuv=01;35:*.cgm=01;35:*.emf=01;35:*.ogv=01;35:*.ogx=01;35:*.aac=00;36:*.au=00;36:*.flac=00;36:*.m4a=00;36:*.mid=00;36:*.midi=00;36:*.mka=00;36:*.mp3=00;36:*.mpc=00;36:*.ogg=00;36:*.ra=00;36:*.wav=00;36:*.oga=00;36:*.opus=00;36:*.spx=00;36:*.xspf=00;36:*~=00;90:*#=00;90:*.bak=00;90:*.crdownload=00;90:*.dpkg-dist=00;90:*.dpkg-new=00;90:*.dpkg-old=00;90:*.dpkg-tmp=00;90:*.old=00;90:*.orig=00;90:*.part=00;90:*.rej=00;90:*.rpmnew=00;90:*.rpmorig=00;90:*.rpmsave=00;90:*.swp=00;90:*.tmp=00;90:*.ucf-dist=00;90:*.ucf-new=00;90:*.ucf-old=00;90:', 'AMENT_PREFIX_PATH': '/home/selqie/buoyancy/install/water_sensors:/home/selqie/buoyancy/install/servo:/home/selqie/buoyancy/install/sensing_bringup:/home/selqie/buoyancy/install/ms5837_bar_ros:/home/selqie/buoyancy/install/buoy_control:/home/selqie/buoyancy/install/motor_interfaces:/home/selqie/buoyancy/install/led:/home/selqie/buoyancy/install/bno08x_driver:/home/selqie/buoyancy/install/battery:/opt/ros/jazzy', 'SHELL': '/bin/bash', 'LESSCLOSE': '/usr/bin/lesspipe %s %s', 'ROS_AUTOMATIC_DISCOVERY_RANGE': 'SUBNET', 'PWD': '/home/selqie/buoyancy/build/motor_interfaces', 'SSH_CONNECTION': '192.168.1.109 51669 192.168.1.160 22', 'XDG_DATA_DIRS': '/usr/local/share:/usr/share:/var/lib/snapd/desktop', 'PYTHONPATH': '/home/selqie/buoyancy/install/water_sensors/lib/python3.12/site-packages:/home/selqie/buoyancy/install/servo/lib/python3.12/site-packages:/home/selqie/buoyancy/install/ms5837_bar_ros/lib/python3.12/site-packages:/home/selqie/buoyancy/install/buoy_control/lib/python3.12/site-packages:/home/selqie/buoyancy/install/motor_interfaces/lib/python3.12/site-packages:/home/selqie/buoyancy/install/led/lib/python3.12/site-packages:/home/selqie/buoyancy/install/battery/lib/python3.12/site-packages:/opt/ros/jazzy/lib/python3.12/site-packages', 'COLCON': '1', 'CMAKE_PREFIX_PATH': '/home/selqie/buoyancy/install/sensing_bringup:/home/selqie/buoyancy/install/motor_interfaces:/home/selqie/buoyancy/install/bno08x_driver:/home/selqie/buoyancy/install/water_sensors:/home/selqie/buoyancy/install/servo:/home/selqie/buoyancy/install/ms5837_bar_ros:/home/selqie/buoyancy/install/buoy_control:/home/selqie/buoyancy/install/led:/home/selqie/buoyancy/install/battery:/opt/ros/jazzy'}), 'shell': False}
[0.942015] (bno08x_driver) StdoutLine: {'line': b'-- Install configuration: ""\n'}
[0.942531] (bno08x_driver) StdoutLine: {'line': b'-- Up-to-date: /home/selqie/buoyancy/install/bno08x_driver/lib/bno08x_driver/bno08x_driver\n'}
[0.943220] (bno08x_driver) StdoutLine: {'line': b'-- Up-to-date: /home/selqie/buoyancy/install/bno08x_driver/share/bno08x_driver/config\n'}
[0.943346] (bno08x_driver) StdoutLine: {'line': b'-- Up-to-date: /home/selqie/buoyancy/install/bno08x_driver/share/bno08x_driver/config/bno085_i2c.yaml\n'}
[0.943463] (bno08x_driver) StdoutLine: {'line': b'-- Up-to-date: /home/selqie/buoyancy/install/bno08x_driver/share/bno08x_driver/launch\n'}
[0.943561] (bno08x_driver) StdoutLine: {'line': b'-- Up-to-date: /home/selqie/buoyancy/install/bno08x_driver/share/bno08x_driver/launch/bno085_i2c.launch.py\n'}
[0.943716] (bno08x_driver) StdoutLine: {'line': b'-- Up-to-date: /home/selqie/buoyancy/install/bno08x_driver/share/ament_index/resource_index/package_run_dependencies/bno08x_driver\n'}
[0.943813] (bno08x_driver) StdoutLine: {'line': b'-- Up-to-date: /home/selqie/buoyancy/install/bno08x_driver/share/ament_index/resource_index/parent_prefix_path/bno08x_driver\n'}
[0.943900] (bno08x_driver) StdoutLine: {'line': b'-- Up-to-date: /home/selqie/buoyancy/install/bno08x_driver/share/bno08x_driver/environment/ament_prefix_path.sh\n'}
[0.943983] (bno08x_driver) StdoutLine: {'line': b'-- Up-to-date: /home/selqie/buoyancy/install/bno08x_driver/share/bno08x_driver/environment/ament_prefix_path.dsv\n'}
[0.944066] (bno08x_driver) StdoutLine: {'line': b'-- Up-to-date: /home/selqie/buoyancy/install/bno08x_driver/share/bno08x_driver/environment/path.sh\n'}
[0.944146] (bno08x_driver) StdoutLine: {'line': b'-- Up-to-date: /home/selqie/buoyancy/install/bno08x_driver/share/bno08x_driver/environment/path.dsv\n'}
[0.945767] (bno08x_driver) StdoutLine: {'line': b'-- Up-to-date: /home/selqie/buoyancy/install/bno08x_driver/share/bno08x_driver/local_setup.bash\n'}
[0.946064] (bno08x_driver) StdoutLine: {'line': b'-- Up-to-date: /home/selqie/buoyancy/install/bno08x_driver/share/bno08x_driver/local_setup.sh\n'}
[0.946188] (bno08x_driver) StdoutLine: {'line': b'-- Up-to-date: /home/selqie/buoyancy/install/bno08x_driver/share/bno08x_driver/local_setup.zsh\n'}
[0.946322] (bno08x_driver) StdoutLine: {'line': b'-- Up-to-date: /home/selqie/buoyancy/install/bno08x_driver/share/bno08x_driver/local_setup.dsv\n'}
[0.946512] (bno08x_driver) StdoutLine: {'line': b'-- Installing: /home/selqie/buoyancy/install/bno08x_driver/share/bno08x_driver/package.dsv\n'}
[0.947589] (bno08x_driver) StdoutLine: {'line': b'-- Up-to-date: /home/selqie/buoyancy/install/bno08x_driver/share/ament_index/resource_index/packages/bno08x_driver\n'}
[0.947950] (bno08x_driver) StdoutLine: {'line': b'-- Up-to-date: /home/selqie/buoyancy/install/bno08x_driver/share/bno08x_driver/cmake/bno08x_driverConfig.cmake\n'}
[0.948089] (bno08x_driver) StdoutLine: {'line': b'-- Up-to-date: /home/selqie/buoyancy/install/bno08x_driver/share/bno08x_driver/cmake/bno08x_driverConfig-version.cmake\n'}
[0.948226] (bno08x_driver) StdoutLine: {'line': b'-- Up-to-date: /home/selqie/buoyancy/install/bno08x_driver/share/bno08x_driver/package.xml\n'}
[0.948365] (motor_interfaces) StdoutLine: {'line': b'-- Install configuration: ""\n'}
[0.948534] (motor_interfaces) StdoutLine: {'line': b'-- Up-to-date: /home/selqie/buoyancy/install/motor_interfaces/share/ament_index/resource_index/rosidl_interfaces/motor_interfaces\n'}
[0.948686] (motor_interfaces) StdoutLine: {'line': b'-- Up-to-date: /home/selqie/buoyancy/install/motor_interfaces/share/motor_interfaces/msg/MotorState.json\n'}
[0.948832] (motor_interfaces) StdoutLine: {'line': b'-- Up-to-date: /home/selqie/buoyancy/install/motor_interfaces/include/motor_interfaces/motor_interfaces\n'}
[0.948965] (motor_interfaces) StdoutLine: {'line': b'-- Up-to-date: /home/selqie/buoyancy/install/motor_interfaces/include/motor_interfaces/motor_interfaces/msg\n'}
[0.949078] (motor_interfaces) StdoutLine: {'line': b'-- Up-to-date: /home/selqie/buoyancy/install/motor_interfaces/include/motor_interfaces/motor_interfaces/msg/motor_state.h\n'}
[0.949210] (motor_interfaces) StdoutLine: {'line': b'-- Up-to-date: /home/selqie/buoyancy/install/motor_interfaces/include/motor_interfaces/motor_interfaces/msg/detail\n'}
[0.949367] (motor_interfaces) StdoutLine: {'line': b'-- Up-to-date: /home/selqie/buoyancy/install/motor_interfaces/include/motor_interfaces/motor_interfaces/msg/detail/motor_state__functions.c\n'}
[0.949502] (motor_interfaces) StdoutLine: {'line': b'-- Installing: /home/selqie/buoyancy/install/motor_interfaces/include/motor_interfaces/motor_interfaces/msg/detail/motor_state__type_support.c\n'}
[0.949662] (motor_interfaces) StdoutLine: {'line': b'-- Up-to-date: /home/selqie/buoyancy/install/motor_interfaces/include/motor_interfaces/motor_interfaces/msg/detail/motor_state__description.c\n'}
[0.950111] (motor_interfaces) StdoutLine: {'line': b'-- Up-to-date: /home/selqie/buoyancy/install/motor_interfaces/include/motor_interfaces/motor_interfaces/msg/detail/motor_state__struct.h\n'}
[0.950248] (motor_interfaces) StdoutLine: {'line': b'-- Up-to-date: /home/selqie/buoyancy/install/motor_interfaces/include/motor_interfaces/motor_interfaces/msg/detail/motor_state__type_support.h\n'}
[0.950354] (motor_interfaces) StdoutLine: {'line': b'-- Up-to-date: /home/selqie/buoyancy/install/motor_interfaces/include/motor_interfaces/motor_interfaces/msg/detail/motor_state__functions.h\n'}
[0.950479] (motor_interfaces) StdoutLine: {'line': b'-- Up-to-date: /home/selqie/buoyancy/install/motor_interfaces/include/motor_interfaces/motor_interfaces/msg/rosidl_generator_c__visibility_control.h\n'}
[0.950593] (motor_interfaces) StdoutLine: {'line': b'-- Up-to-date: /home/selqie/buoyancy/install/motor_interfaces/share/motor_interfaces/environment/library_path.sh\n'}
[0.951105] (motor_interfaces) StdoutLine: {'line': b'-- Up-to-date: /home/selqie/buoyancy/install/motor_interfaces/share/motor_interfaces/environment/library_path.dsv\n'}
[0.951397] (motor_interfaces) StdoutLine: {'line': b'-- Up-to-date: /home/selqie/buoyancy/install/motor_interfaces/lib/libmotor_interfaces__rosidl_generator_c.so\n'}
[0.951526] (motor_interfaces) StdoutLine: {'line': b'-- Up-to-date: /home/selqie/buoyancy/install/motor_interfaces/include/motor_interfaces/motor_interfaces\n'}
[0.951935] (motor_interfaces) StdoutLine: {'line': b'-- Up-to-date: /home/selqie/buoyancy/install/motor_interfaces/include/motor_interfaces/motor_interfaces/msg\n'}
[0.952420] (motor_interfaces) StdoutLine: {'line': b'-- Up-to-date: /home/selqie/buoyancy/install/motor_interfaces/include/motor_interfaces/motor_interfaces/msg/rosidl_typesupport_fastrtps_c__visibility_control.h\n'}
[0.952527] (motor_interfaces) StdoutLine: {'line': b'-- Up-to-date: /home/selqie/buoyancy/install/motor_interfaces/include/motor_interfaces/motor_interfaces/msg/detail\n'}
[0.953203] (motor_interfaces) StdoutLine: {'line': b'-- Up-to-date: /home/selqie/buoyancy/install/motor_interfaces/include/motor_interfaces/motor_interfaces/msg/detail/motor_state__rosidl_typesupport_fastrtps_c.h\n'}
[0.953360] (motor_interfaces) StdoutLine: {'line': b'-- Up-to-date: /home/selqie/buoyancy/install/motor_interfaces/lib/libmotor_interfaces__rosidl_typesupport_fastrtps_c.so\n'}
[0.957990] (motor_interfaces) StdoutLine: {'line': b'-- Up-to-date: /home/selqie/buoyancy/install/motor_interfaces/include/motor_interfaces/motor_interfaces\n'}
[0.958174] (motor_interfaces) StdoutLine: {'line': b'-- Up-to-date: /home/selqie/buoyancy/install/motor_interfaces/include/motor_interfaces/motor_interfaces/msg\n'}
[0.958319] (motor_interfaces) StdoutLine: {'line': b'-- Up-to-date: /home/selqie/buoyancy/install/motor_interfaces/include/motor_interfaces/motor_interfaces/msg/detail\n'}
[0.958461] (motor_interfaces) StdoutLine: {'line': b'-- Installing: /home/selqie/buoyancy/install/motor_interfaces/include/motor_interfaces/motor_interfaces/msg/detail/motor_state__type_support.c\n'}
[0.958582] (motor_interfaces) StdoutLine: {'line': b'-- Up-to-date: /home/selqie/buoyancy/install/motor_interfaces/include/motor_interfaces/motor_interfaces/msg/detail/motor_state__rosidl_typesupport_introspection_c.h\n'}
[0.958767] (motor_interfaces) StdoutLine: {'line': b'-- Up-to-date: /home/selqie/buoyancy/install/motor_interfaces/include/motor_interfaces/motor_interfaces/msg/rosidl_typesupport_introspection_c__visibility_control.h\n'}
[0.958883] (motor_interfaces) StdoutLine: {'line': b'-- Up-to-date: /home/selqie/buoyancy/install/motor_interfaces/lib/libmotor_interfaces__rosidl_typesupport_introspection_c.so\n'}
[0.958974] (motor_interfaces) StdoutLine: {'line': b'-- Up-to-date: /home/selqie/buoyancy/install/motor_interfaces/lib/libmotor_interfaces__rosidl_typesupport_c.so\n'}
[0.959066] (motor_interfaces) StdoutLine: {'line': b'-- Up-to-date: /home/selqie/buoyancy/install/motor_interfaces/include/motor_interfaces/motor_interfaces\n'}
[0.959247] (motor_interfaces) StdoutLine: {'line': b'-- Up-to-date: /home/selqie/buoyancy/install/motor_interfaces/include/motor_interfaces/motor_interfaces/msg\n'}
[0.959360] (motor_interfaces) StdoutLine: {'line': b'-- Up-to-date: /home/selqie/buoyancy/install/motor_interfaces/include/motor_interfaces/motor_interfaces/msg/detail\n'}
[0.959452] (motor_interfaces) StdoutLine: {'line': b'-- Up-to-date: /home/selqie/buoyancy/install/motor_interfaces/include/motor_interfaces/motor_interfaces/msg/detail/motor_state__traits.hpp\n'}
[0.959542] (motor_interfaces) StdoutLine: {'line': b'-- Up-to-date: /home/selqie/buoyancy/install/motor_interfaces/include/motor_interfaces/motor_interfaces/msg/detail/motor_state__type_support.hpp\n'}
[0.959653] (motor_interfaces) StdoutLine: {'line': b'-- Up-to-date: /home/selqie/buoyancy/install/motor_interfaces/include/motor_interfaces/motor_interfaces/msg/detail/motor_state__builder.hpp\n'}
[0.959783] (motor_interfaces) StdoutLine: {'line': b'-- Up-to-date: /home/selqie/buoyancy/install/motor_interfaces/include/motor_interfaces/motor_interfaces/msg/detail/motor_state__struct.hpp\n'}
[0.959879] (motor_interfaces) StdoutLine: {'line': b'-- Up-to-date: /home/selqie/buoyancy/install/motor_interfaces/include/motor_interfaces/motor_interfaces/msg/motor_state.hpp\n'}
[0.959973] (motor_interfaces) StdoutLine: {'line': b'-- Up-to-date: /home/selqie/buoyancy/install/motor_interfaces/include/motor_interfaces/motor_interfaces/msg/rosidl_generator_cpp__visibility_control.hpp\n'}
[0.960078] (motor_interfaces) StdoutLine: {'line': b'-- Up-to-date: /home/selqie/buoyancy/install/motor_interfaces/include/motor_interfaces/motor_interfaces\n'}
[0.960184] (motor_interfaces) StdoutLine: {'line': b'-- Up-to-date: /home/selqie/buoyancy/install/motor_interfaces/include/motor_interfaces/motor_interfaces/msg\n'}
[0.960305] (motor_interfaces) StdoutLine: {'line': b'-- Up-to-date: /home/selqie/buoyancy/install/motor_interfaces/include/motor_interfaces/motor_interfaces/msg/detail\n'}
[0.960421] (motor_interfaces) StdoutLine: {'line': b'-- Up-to-date: /home/selqie/buoyancy/install/motor_interfaces/include/motor_interfaces/motor_interfaces/msg/detail/motor_state__rosidl_typesupport_fastrtps_cpp.hpp\n'}
[0.960530] (motor_interfaces) StdoutLine: {'line': b'-- Up-to-date: /home/selqie/buoyancy/install/motor_interfaces/include/motor_interfaces/motor_interfaces/msg/detail/dds_fastrtps\n'}
[0.960626] (motor_interfaces) StdoutLine: {'line': b'-- Up-to-date: /home/selqie/buoyancy/install/motor_interfaces/include/motor_interfaces/motor_interfaces/msg/rosidl_typesupport_fastrtps_cpp__visibility_control.h\n'}
[0.963920] (motor_interfaces) StdoutLine: {'line': b'-- Up-to-date: /home/selqie/buoyancy/install/motor_interfaces/lib/libmotor_interfaces__rosidl_typesupport_fastrtps_cpp.so\n'}
[0.964043] (bno08x_driver) CommandEnded: {'returncode': 0}
[0.964442] (motor_interfaces) StdoutLine: {'line': b'-- Up-to-date: /home/selqie/buoyancy/install/motor_interfaces/include/motor_interfaces/motor_interfaces\n'}
[0.964561] (motor_interfaces) StdoutLine: {'line': b'-- Up-to-date: /home/selqie/buoyancy/install/motor_interfaces/include/motor_interfaces/motor_interfaces/msg\n'}
[0.964709] (motor_interfaces) StdoutLine: {'line': b'-- Up-to-date: /home/selqie/buoyancy/install/motor_interfaces/include/motor_interfaces/motor_interfaces/msg/detail\n'}
[0.964815] (motor_interfaces) StdoutLine: {'line': b'-- Up-to-date: /home/selqie/buoyancy/install/motor_interfaces/include/motor_interfaces/motor_interfaces/msg/detail/motor_state__rosidl_typesupport_introspection_cpp.hpp\n'}
[0.964904] (motor_interfaces) StdoutLine: {'line': b'-- Up-to-date: /home/selqie/buoyancy/install/motor_interfaces/include/motor_interfaces/motor_interfaces/msg/detail/motor_state__type_support.cpp\n'}
[0.965006] (motor_interfaces) StdoutLine: {'line': b'-- Up-to-date: /home/selqie/buoyancy/install/motor_interfaces/lib/libmotor_interfaces__rosidl_typesupport_introspection_cpp.so\n'}
[0.965121] (motor_interfaces) StdoutLine: {'line': b'-- Up-to-date: /home/selqie/buoyancy/install/motor_interfaces/lib/libmotor_interfaces__rosidl_typesupport_cpp.so\n'}
[0.965235] (motor_interfaces) StdoutLine: {'line': b'-- Up-to-date: /home/selqie/buoyancy/install/motor_interfaces/share/motor_interfaces/environment/pythonpath.sh\n'}
[0.965345] (motor_interfaces) StdoutLine: {'line': b'-- Up-to-date: /home/selqie/buoyancy/install/motor_interfaces/share/motor_interfaces/environment/pythonpath.dsv\n'}
[0.965440] (motor_interfaces) StdoutLine: {'line': b'-- Up-to-date: /home/selqie/buoyancy/install/motor_interfaces/lib/python3.12/site-packages/motor_interfaces-0.0.0-py3.12.egg-info\n'}
[0.965538] (motor_interfaces) StdoutLine: {'line': b'-- Installing: /home/selqie/buoyancy/install/motor_interfaces/lib/python3.12/site-packages/motor_interfaces-0.0.0-py3.12.egg-info/dependency_links.txt\n'}
[0.965667] (motor_interfaces) StdoutLine: {'line': b'-- Installing: /home/selqie/buoyancy/install/motor_interfaces/lib/python3.12/site-packages/motor_interfaces-0.0.0-py3.12.egg-info/PKG-INFO\n'}
[0.965793] (motor_interfaces) StdoutLine: {'line': b'-- Installing: /home/selqie/buoyancy/install/motor_interfaces/lib/python3.12/site-packages/motor_interfaces-0.0.0-py3.12.egg-info/top_level.txt\n'}
[0.965889] (motor_interfaces) StdoutLine: {'line': b'-- Installing: /home/selqie/buoyancy/install/motor_interfaces/lib/python3.12/site-packages/motor_interfaces-0.0.0-py3.12.egg-info/SOURCES.txt\n'}
[0.965983] (motor_interfaces) StdoutLine: {'line': b'-- Up-to-date: /home/selqie/buoyancy/install/motor_interfaces/lib/python3.12/site-packages/motor_interfaces\n'}
[0.966067] (motor_interfaces) StdoutLine: {'line': b'-- Up-to-date: /home/selqie/buoyancy/install/motor_interfaces/lib/python3.12/site-packages/motor_interfaces/_motor_interfaces_s.ep.rosidl_typesupport_introspection_c.c\n'}
[0.966161] (motor_interfaces) StdoutLine: {'line': b'-- Up-to-date: /home/selqie/buoyancy/install/motor_interfaces/lib/python3.12/site-packages/motor_interfaces/motor_interfaces_s__rosidl_typesupport_fastrtps_c.so\n'}
[0.966253] (motor_interfaces) StdoutLine: {'line': b'-- Up-to-date: /home/selqie/buoyancy/install/motor_interfaces/lib/python3.12/site-packages/motor_interfaces/msg\n'}
[0.966336] (motor_interfaces) StdoutLine: {'line': b'-- Up-to-date: /home/selqie/buoyancy/install/motor_interfaces/lib/python3.12/site-packages/motor_interfaces/msg/_motor_state.py\n'}
[0.966421] (motor_interfaces) StdoutLine: {'line': b'-- Up-to-date: /home/selqie/buoyancy/install/motor_interfaces/lib/python3.12/site-packages/motor_interfaces/msg/_motor_state_s.c\n'}
[0.966505] (motor_interfaces) StdoutLine: {'line': b'-- Up-to-date: /home/selqie/buoyancy/install/motor_interfaces/lib/python3.12/site-packages/motor_interfaces/msg/__init__.py\n'}
[0.966587] (motor_interfaces) StdoutLine: {'line': b'-- Up-to-date: /home/selqie/buoyancy/install/motor_interfaces/lib/python3.12/site-packages/motor_interfaces/motor_interfaces_s__rosidl_typesupport_introspection_c.so\n'}
[0.969683] (motor_interfaces) StdoutLine: {'line': b'-- Up-to-date: /home/selqie/buoyancy/install/motor_interfaces/lib/python3.12/site-packages/motor_interfaces/__init__.py\n'}
[0.969858] (motor_interfaces) StdoutLine: {'line': b'-- Up-to-date: /home/selqie/buoyancy/install/motor_interfaces/lib/python3.12/site-packages/motor_interfaces/motor_interfaces_s__rosidl_typesupport_c.so\n'}
[0.969965] (motor_interfaces) StdoutLine: {'line': b'-- Up-to-date: /home/selqie/buoyancy/install/motor_interfaces/lib/python3.12/site-packages/motor_interfaces/_motor_interfaces_s.ep.rosidl_typesupport_fastrtps_c.c\n'}
[0.970069] (motor_interfaces) StdoutLine: {'line': b'-- Up-to-date: /home/selqie/buoyancy/install/motor_interfaces/lib/python3.12/site-packages/motor_interfaces/_motor_interfaces_s.ep.rosidl_typesupport_c.c\n'}
[1.000865] (bno08x_driver) JobEnded: {'identifier': 'bno08x_driver', 'rc': 0}
[1.005339] (-) TimerEvent: {}
[1.005649] (ms5837_bar_ros) JobStarted: {'identifier': 'ms5837_bar_ros'}
[1.034178] (motor_interfaces) StdoutLine: {'line': b"Listing '/home/selqie/buoyancy/install/motor_interfaces/lib/python3.12/site-packages/motor_interfaces'...\n"}
[1.034558] (motor_interfaces) StdoutLine: {'line': b"Listing '/home/selqie/buoyancy/install/motor_interfaces/lib/python3.12/site-packages/motor_interfaces/msg'...\n"}
[1.060221] (motor_interfaces) StdoutLine: {'line': b'-- Up-to-date: /home/selqie/buoyancy/install/motor_interfaces/lib/python3.12/site-packages/motor_interfaces/motor_interfaces_s__rosidl_typesupport_fastrtps_c.so\n'}
[1.061642] (motor_interfaces) StdoutLine: {'line': b'-- Up-to-date: /home/selqie/buoyancy/install/motor_interfaces/lib/python3.12/site-packages/motor_interfaces/motor_interfaces_s__rosidl_typesupport_introspection_c.so\n'}
[1.062975] (motor_interfaces) StdoutLine: {'line': b'-- Up-to-date: /home/selqie/buoyancy/install/motor_interfaces/lib/python3.12/site-packages/motor_interfaces/motor_interfaces_s__rosidl_typesupport_c.so\n'}
[1.064100] (motor_interfaces) StdoutLine: {'line': b'-- Up-to-date: /home/selqie/buoyancy/install/motor_interfaces/lib/libmotor_interfaces__rosidl_generator_py.so\n'}
[1.064957] (motor_interfaces) StdoutLine: {'line': b'-- Up-to-date: /home/selqie/buoyancy/install/motor_interfaces/share/motor_interfaces/msg/MotorState.idl\n'}
[1.065515] (motor_interfaces) StdoutLine: {'line': b'-- Up-to-date: /home/selqie/buoyancy/install/motor_interfaces/share/motor_interfaces/msg/MotorState.msg\n'}
[1.065976] (motor_interfaces) StdoutLine: {'line': b'-- Up-to-date: /home/selqie/buoyancy/install/motor_interfaces/share/ament_index/resource_index/package_run_dependencies/motor_interfaces\n'}
[1.066392] (motor_interfaces) StdoutLine: {'line': b'-- Up-to-date: /home/selqie/buoyancy/install/motor_interfaces/share/ament_index/resource_index/parent_prefix_path/motor_interfaces\n'}
[1.066761] (motor_interfaces) StdoutLine: {'line': b'-- Up-to-date: /home/selqie/buoyancy/install/motor_interfaces/share/motor_interfaces/environment/ament_prefix_path.sh\n'}
[1.067154] (motor_interfaces) StdoutLine: {'line': b'-- Up-to-date: /home/selqie/buoyancy/install/motor_interfaces/share/motor_interfaces/environment/ament_prefix_path.dsv\n'}
[1.067540] (motor_interfaces) StdoutLine: {'line': b'-- Up-to-date: /home/selqie/buoyancy/install/motor_interfaces/share/motor_interfaces/environment/path.sh\n'}
[1.068263] (motor_interfaces) StdoutLine: {'line': b'-- Up-to-date: /home/selqie/buoyancy/install/motor_interfaces/share/motor_interfaces/environment/path.dsv\n'}
[1.068443] (motor_interfaces) StdoutLine: {'line': b'-- Up-to-date: /home/selqie/buoyancy/install/motor_interfaces/share/motor_interfaces/local_setup.bash\n'}
[1.068538] (motor_interfaces) StdoutLine: {'line': b'-- Up-to-date: /home/selqie/buoyancy/install/motor_interfaces/share/motor_interfaces/local_setup.sh\n'}
[1.069450] (motor_interfaces) StdoutLine: {'line': b'-- Up-to-date: /home/selqie/buoyancy/install/motor_interfaces/share/motor_interfaces/local_setup.zsh\n'}
[1.069688] (motor_interfaces) StdoutLine: {'line': b'-- Up-to-date: /home/selqie/buoyancy/install/motor_interfaces/share/motor_interfaces/local_setup.dsv\n'}
[1.069818] (motor_interfaces) StdoutLine: {'line': b'-- Installing: /home/selqie/buoyancy/install/motor_interfaces/share/motor_interfaces/package.dsv\n'}
[1.070384] (motor_interfaces) StdoutLine: {'line': b'-- Up-to-date: /home/selqie/buoyancy/install/motor_interfaces/share/ament_index/resource_index/packages/motor_interfaces\n'}
[1.070566] (motor_interfaces) StdoutLine: {'line': b'-- Up-to-date: /home/selqie/buoyancy/install/motor_interfaces/share/motor_interfaces/cmake/export_motor_interfaces__rosidl_generator_cExport.cmake\n'}
[1.071114] (motor_interfaces) StdoutLine: {'line': b'-- Up-to-date: /home/selqie/buoyancy/install/motor_interfaces/share/motor_interfaces/cmake/export_motor_interfaces__rosidl_generator_cExport-noconfig.cmake\n'}
[1.072306] (motor_interfaces) StdoutLine: {'line': b'-- Up-to-date: /home/selqie/buoyancy/install/motor_interfaces/share/motor_interfaces/cmake/export_motor_interfaces__rosidl_typesupport_fastrtps_cExport.cmake\n'}
[1.072717] (motor_interfaces) StdoutLine: {'line': b'-- Up-to-date: /home/selqie/buoyancy/install/motor_interfaces/share/motor_interfaces/cmake/export_motor_interfaces__rosidl_typesupport_fastrtps_cExport-noconfig.cmake\n'}
[1.074327] (motor_interfaces) StdoutLine: {'line': b'-- Up-to-date: /home/selqie/buoyancy/install/motor_interfaces/share/motor_interfaces/cmake/motor_interfaces__rosidl_typesupport_introspection_cExport.cmake\n'}
[1.074727] (motor_interfaces) StdoutLine: {'line': b'-- Up-to-date: /home/selqie/buoyancy/install/motor_interfaces/share/motor_interfaces/cmake/motor_interfaces__rosidl_typesupport_introspection_cExport-noconfig.cmake\n'}
[1.074934] (motor_interfaces) StdoutLine: {'line': b'-- Up-to-date: /home/selqie/buoyancy/install/motor_interfaces/share/motor_interfaces/cmake/motor_interfaces__rosidl_typesupport_cExport.cmake\n'}
[1.076103] (motor_interfaces) StdoutLine: {'line': b'-- Up-to-date: /home/selqie/buoyancy/install/motor_interfaces/share/motor_interfaces/cmake/motor_interfaces__rosidl_typesupport_cExport-noconfig.cmake\n'}
[1.076358] (motor_interfaces) StdoutLine: {'line': b'-- Up-to-date: /home/selqie/buoyancy/install/motor_interfaces/share/motor_interfaces/cmake/export_motor_interfaces__rosidl_generator_cppExport.cmake\n'}
[1.076468] (motor_interfaces) StdoutLine: {'line': b'-- Up-to-date: /home/selqie/buoyancy/install/motor_interfaces/share/motor_interfaces/cmake/export_motor_interfaces__rosidl_typesupport_fastrtps_cppExport.cmake\n'}
[1.077206] (motor_interfaces) StdoutLine: {'line': b'-- Up-to-date: /home/selqie/buoyancy/install/motor_interfaces/share/motor_interfaces/cmake/export_motor_interfaces__rosidl_typesupport_fastrtps_cppExport-noconfig.cmake\n'}
[1.077437] (motor_interfaces) StdoutLine: {'line': b'-- Up-to-date: /home/selqie/buoyancy/install/motor_interfaces/share/motor_interfaces/cmake/motor_interfaces__rosidl_typesupport_introspection_cppExport.cmake\n'}
[1.077862] (motor_interfaces) StdoutLine: {'line': b'-- Up-to-date: /home/selqie/buoyancy/install/motor_interfaces/share/motor_interfaces/cmake/motor_interfaces__rosidl_typesupport_introspection_cppExport-noconfig.cmake\n'}
[1.078441] (motor_interfaces) StdoutLine: {'line': b'-- Up-to-date: /home/selqie/buoyancy/install/motor_interfaces/share/motor_interfaces/cmake/motor_interfaces__rosidl_typesupport_cppExport.cmake\n'}
[1.078812] (motor_interfaces) StdoutLine: {'line': b'-- Up-to-date: /home/selqie/buoyancy/install/motor_interfaces/share/motor_interfaces/cmake/motor_interfaces__rosidl_typesupport_cppExport-noconfig.cmake\n'}
[1.079244] (motor_interfaces) StdoutLine: {'line': b'-- Up-to-date: /home/selqie/buoyancy/install/motor_interfaces/share/motor_interfaces/cmake/export_motor_interfaces__rosidl_generator_pyExport.cmake\n'}
[1.079658] (motor_interfaces) StdoutLine: {'line': b'-- Up-to-date: /home/selqie/buoyancy/install/motor_interfaces/share/motor_interfaces/cmake/export_motor_interfaces__rosidl_generator_pyExport-noconfig.cmake\n'}
[1.080133] (motor_interfaces) StdoutLine: {'line': b'-- Up-to-date: /home/selqie/buoyancy/install/motor_interfaces/share/motor_interfaces/cmake/rosidl_cmake-extras.cmake\n'}
[1.080592] (motor_interfaces) StdoutLine: {'line': b'-- Up-to-date: /home/selqie/buoyancy/install/motor_interfaces/share/motor_interfaces/cmake/ament_cmake_export_include_directories-extras.cmake\n'}
[1.081251] (motor_interfaces) StdoutLine: {'line': b'-- Up-to-date: /home/selqie/buoyancy/install/motor_interfaces/share/motor_interfaces/cmake/ament_cmake_export_libraries-extras.cmake\n'}
[1.081474] (motor_interfaces) StdoutLine: {'line': b'-- Up-to-date: /home/selqie/buoyancy/install/motor_interfaces/share/motor_interfaces/cmake/ament_cmake_export_targets-extras.cmake\n'}
[1.082127] (motor_interfaces) StdoutLine: {'line': b'-- Up-to-date: /home/selqie/buoyancy/install/motor_interfaces/share/motor_interfaces/cmake/rosidl_cmake_export_typesupport_targets-extras.cmake\n'}
[1.082321] (motor_interfaces) StdoutLine: {'line': b'-- Up-to-date: /home/selqie/buoyancy/install/motor_interfaces/share/motor_interfaces/cmake/ament_cmake_export_dependencies-extras.cmake\n'}
[1.082408] (motor_interfaces) StdoutLine: {'line': b'-- Up-to-date: /home/selqie/buoyancy/install/motor_interfaces/share/motor_interfaces/cmake/rosidl_cmake_export_typesupport_libraries-extras.cmake\n'}
[1.083731] (motor_interfaces) StdoutLine: {'line': b'-- Up-to-date: /home/selqie/buoyancy/install/motor_interfaces/share/motor_interfaces/cmake/motor_interfacesConfig.cmake\n'}
[1.084027] (motor_interfaces) StdoutLine: {'line': b'-- Up-to-date: /home/selqie/buoyancy/install/motor_interfaces/share/motor_interfaces/cmake/motor_interfacesConfig-version.cmake\n'}
[1.084156] (motor_interfaces) StdoutLine: {'line': b'-- Up-to-date: /home/selqie/buoyancy/install/motor_interfaces/share/motor_interfaces/package.xml\n'}
[1.105467] (-) TimerEvent: {}
[1.206001] (-) TimerEvent: {}
[1.306372] (-) TimerEvent: {}
[1.397704] (motor_interfaces) CommandEnded: {'returncode': 0}
[1.406465] (-) TimerEvent: {}
[1.442170] (motor_interfaces) JobEnded: {'identifier': 'motor_interfaces', 'rc': 0}
[1.443650] (sensing_bringup) JobStarted: {'identifier': 'sensing_bringup'}
[1.455081] (sensing_bringup) JobProgress: {'identifier': 'sensing_bringup', 'progress': 'cmake'}
[1.457788] (sensing_bringup) JobProgress: {'identifier': 'sensing_bringup', 'progress': 'build'}
[1.457922] (sensing_bringup) Command: {'cmd': ['/usr/bin/cmake', '--build', '/home/selqie/buoyancy/build/sensing_bringup', '--', '-j4', '-l4'], 'cwd': '/home/selqie/buoyancy/build/sensing_bringup', 'env': OrderedDict({'LESSOPEN': '| /usr/bin/lesspipe %s', 'USER': 'selqie', 'SSH_CLIENT': '192.168.1.109 51669 22', 'XDG_SESSION_TYPE': 'tty', 'SHLVL': '1', 'LD_LIBRARY_PATH': '/home/selqie/buoyancy/install/motor_interfaces/lib:/opt/ros/jazzy/lib/aarch64-linux-gnu:/opt/ros/jazzy/lib', 'HOME': '/home/selqie', 'OLDPWD': '/home/selqie', 'SSH_TTY': '/dev/pts/6', 'ROS_PYTHON_VERSION': '3', 'DBUS_SESSION_BUS_ADDRESS': 'unix:path=/run/user/1000/bus', 'COLCON_PREFIX_PATH': '/home/selqie/buoyancy/install', 'ROS_DISTRO': 'jazzy', 'LOGNAME': 'selqie', '_': '/usr/bin/colcon', 'ROS_VERSION': '2', 'XDG_SESSION_CLASS': 'user', 'TERM': 'xterm-256color', 'XDG_SESSION_ID': '1', 'PATH': '/home/selqie/.local/bin:/opt/ros/jazzy/bin:/usr/local/sbin:/usr/local/bin:/usr/sbin:/usr/bin:/sbin:/bin:/usr/games:/usr/local/games:/snap/bin', 'XDG_RUNTIME_DIR': '/run/user/1000', 'LANG': 'C.UTF-8', 'LS_COLORS': 'rs=0:di=01;34:ln=01;36:mh=00:pi=40;33:so=01;35:do=01;35:bd=40;33;01:cd=40;33;01:or=40;31;01:mi=00:su=37;41:sg=30;43:ca=00:tw=30;42:ow=34;42:st=37;44:ex=01;32:*.tar=01;31:*.tgz=01;31:*.arc=01;31:*.arj=01;31:*.taz=01;31:*.lha=01;31:*.lz4=01;31:*.lzh=01;31:*.lzma=01;31:*.tlz=01;31:*.txz=01;31:*.tzo=01;31:*.t7z=01;31:*.zip=01;31:*.z=01;31:*.dz=01;31:*.gz=01;31:*.lrz=01;31:*.lz=01;31:*.lzo=01;31:*.xz=01;31:*.zst=01;31:*.tzst=01;31:*.bz2=01;31:*.bz=01;31:*.tbz=01;31:*.tbz2=01;31:*.tz=01;31:*.deb=01;31:*.rpm=01;31:*.jar=01;31:*.war=01;31:*.ear=01;31:*.sar=01;31:*.rar=01;31:*.alz=01;31:*.ace=01;31:*.zoo=01;31:*.cpio=01;31:*.7z=01;31:*.rz=01;31:*.cab=01;31:*.wim=01;31:*.swm=01;31:*.dwm=01;31:*.esd=01;31:*.avif=01;35:*.jpg=01;35:*.jpeg=01;35:*.mjpg=01;35:*.mjpeg=01;35:*.gif=01;35:*.bmp=01;35:*.pbm=01;35:*.pgm=01;35:*.ppm=01;35:*.tga=01;35:*.xbm=01;35:*.xpm=01;35:*.tif=01;35:*.tiff=01;35:*.png=01;35:*.svg=01;35:*.svgz=01;35:*.mng=01;35:*.pcx=01;35:*.mov=01;35:*.mpg=01;35:*.mpeg=01;35:*.m2v=01;35:*.mkv=01;35:*.webm=01;35:*.webp=01;35:*.ogm=01;35:*.mp4=01;35:*.m4v=01;35:*.mp4v=01;35:*.vob=01;35:*.qt=01;35:*.nuv=01;35:*.wmv=01;35:*.asf=01;35:*.rm=01;35:*.rmvb=01;35:*.flc=01;35:*.avi=01;35:*.fli=01;35:*.flv=01;35:*.gl=01;35:*.dl=01;35:*.xcf=01;35:*.xwd=01;35:*.yuv=01;35:*.cgm=01;35:*.emf=01;35:*.ogv=01;35:*.ogx=01;35:*.aac=00;36:*.au=00;36:*.flac=00;36:*.m4a=00;36:*.mid=00;36:*.midi=00;36:*.mka=00;36:*.mp3=00;36:*.mpc=00;36:*.ogg=00;36:*.ra=00;36:*.wav=00;36:*.oga=00;36:*.opus=00;36:*.spx=00;36:*.xspf=00;36:*~=00;90:*#=00;90:*.bak=00;90:*.crdownload=00;90:*.dpkg-dist=00;90:*.dpkg-new=00;90:*.dpkg-old=00;90:*.dpkg-tmp=00;90:*.old=00;90:*.orig=00;90:*.part=00;90:*.rej=00;90:*.rpmnew=00;90:*.rpmorig=00;90:*.rpmsave=00;90:*.swp=00;90:*.tmp=00;90:*.ucf-dist=00;90:*.ucf-new=00;90:*.ucf-old=00;90:', 'AMENT_PREFIX_PATH': '/home/selqie/buoyancy/install/water_sensors:/home/selqie/buoyancy/install/servo:/home/selqie/buoyancy/install/sensing_bringup:/home/selqie/buoyancy/install/ms5837_bar_ros:/home/selqie/buoyancy/install/buoy_control:/home/selqie/buoyancy/install/motor_interfaces:/home/selqie/buoyancy/install/led:/home/selqie/buoyancy/install/bno08x_driver:/home/selqie/buoyancy/install/battery:/opt/ros/jazzy', 'SHELL': '/bin/bash', 'LESSCLOSE': '/usr/bin/lesspipe %s %s', 'ROS_AUTOMATIC_DISCOVERY_RANGE': 'SUBNET', 'PWD': '/home/selqie/buoyancy/build/sensing_bringup', 'SSH_CONNECTION': '192.168.1.109 51669 192.168.1.160 22', 'XDG_DATA_DIRS': '/usr/local/share:/usr/share:/var/lib/snapd/desktop', 'PYTHONPATH': '/home/selqie/buoyancy/install/water_sensors/lib/python3.12/site-packages:/home/selqie/buoyancy/install/servo/lib/python3.12/site-packages:/home/selqie/buoyancy/install/ms5837_bar_ros/lib/python3.12/site-packages:/home/selqie/buoyancy/install/buoy_control/lib/python3.12/site-packages:/home/selqie/buoyancy/install/motor_interfaces/lib/python3.12/site-packages:/home/selqie/buoyancy/install/led/lib/python3.12/site-packages:/home/selqie/buoyancy/install/battery/lib/python3.12/site-packages:/opt/ros/jazzy/lib/python3.12/site-packages', 'COLCON': '1', 'CMAKE_PREFIX_PATH': '/home/selqie/buoyancy/install/sensing_bringup:/home/selqie/buoyancy/install/motor_interfaces:/home/selqie/buoyancy/install/bno08x_driver:/home/selqie/buoyancy/install/water_sensors:/home/selqie/buoyancy/install/servo:/home/selqie/buoyancy/install/ms5837_bar_ros:/home/selqie/buoyancy/install/buoy_control:/home/selqie/buoyancy/install/led:/home/selqie/buoyancy/install/battery:/opt/ros/jazzy'}), 'shell': False}
[1.506975] (-) TimerEvent: {}
[1.547516] (sensing_bringup) CommandEnded: {'returncode': 0}
[1.548167] (sensing_bringup) JobProgress: {'identifier': 'sensing_bringup', 'progress': 'install'}
[1.548220] (sensing_bringup) Command: {'cmd': ['/usr/bin/cmake', '--install', '/home/selqie/buoyancy/build/sensing_bringup'], 'cwd': '/home/selqie/buoyancy/build/sensing_bringup', 'env': OrderedDict({'LESSOPEN': '| /usr/bin/lesspipe %s', 'USER': 'selqie', 'SSH_CLIENT': '192.168.1.109 51669 22', 'XDG_SESSION_TYPE': 'tty', 'SHLVL': '1', 'LD_LIBRARY_PATH': '/home/selqie/buoyancy/install/motor_interfaces/lib:/opt/ros/jazzy/lib/aarch64-linux-gnu:/opt/ros/jazzy/lib', 'HOME': '/home/selqie', 'OLDPWD': '/home/selqie', 'SSH_TTY': '/dev/pts/6', 'ROS_PYTHON_VERSION': '3', 'DBUS_SESSION_BUS_ADDRESS': 'unix:path=/run/user/1000/bus', 'COLCON_PREFIX_PATH': '/home/selqie/buoyancy/install', 'ROS_DISTRO': 'jazzy', 'LOGNAME': 'selqie', '_': '/usr/bin/colcon', 'ROS_VERSION': '2', 'XDG_SESSION_CLASS': 'user', 'TERM': 'xterm-256color', 'XDG_SESSION_ID': '1', 'PATH': '/home/selqie/.local/bin:/opt/ros/jazzy/bin:/usr/local/sbin:/usr/local/bin:/usr/sbin:/usr/bin:/sbin:/bin:/usr/games:/usr/local/games:/snap/bin', 'XDG_RUNTIME_DIR': '/run/user/1000', 'LANG': 'C.UTF-8', 'LS_COLORS': 'rs=0:di=01;34:ln=01;36:mh=00:pi=40;33:so=01;35:do=01;35:bd=40;33;01:cd=40;33;01:or=40;31;01:mi=00:su=37;41:sg=30;43:ca=00:tw=30;42:ow=34;42:st=37;44:ex=01;32:*.tar=01;31:*.tgz=01;31:*.arc=01;31:*.arj=01;31:*.taz=01;31:*.lha=01;31:*.lz4=01;31:*.lzh=01;31:*.lzma=01;31:*.tlz=01;31:*.txz=01;31:*.tzo=01;31:*.t7z=01;31:*.zip=01;31:*.z=01;31:*.dz=01;31:*.gz=01;31:*.lrz=01;31:*.lz=01;31:*.lzo=01;31:*.xz=01;31:*.zst=01;31:*.tzst=01;31:*.bz2=01;31:*.bz=01;31:*.tbz=01;31:*.tbz2=01;31:*.tz=01;31:*.deb=01;31:*.rpm=01;31:*.jar=01;31:*.war=01;31:*.ear=01;31:*.sar=01;31:*.rar=01;31:*.alz=01;31:*.ace=01;31:*.zoo=01;31:*.cpio=01;31:*.7z=01;31:*.rz=01;31:*.cab=01;31:*.wim=01;31:*.swm=01;31:*.dwm=01;31:*.esd=01;31:*.avif=01;35:*.jpg=01;35:*.jpeg=01;35:*.mjpg=01;35:*.mjpeg=01;35:*.gif=01;35:*.bmp=01;35:*.pbm=01;35:*.pgm=01;35:*.ppm=01;35:*.tga=01;35:*.xbm=01;35:*.xpm=01;35:*.tif=01;35:*.tiff=01;35:*.png=01;35:*.svg=01;35:*.svgz=01;35:*.mng=01;35:*.pcx=01;35:*.mov=01;35:*.mpg=01;35:*.mpeg=01;35:*.m2v=01;35:*.mkv=01;35:*.webm=01;35:*.webp=01;35:*.ogm=01;35:*.mp4=01;35:*.m4v=01;35:*.mp4v=01;35:*.vob=01;35:*.qt=01;35:*.nuv=01;35:*.wmv=01;35:*.asf=01;35:*.rm=01;35:*.rmvb=01;35:*.flc=01;35:*.avi=01;35:*.fli=01;35:*.flv=01;35:*.gl=01;35:*.dl=01;35:*.xcf=01;35:*.xwd=01;35:*.yuv=01;35:*.cgm=01;35:*.emf=01;35:*.ogv=01;35:*.ogx=01;35:*.aac=00;36:*.au=00;36:*.flac=00;36:*.m4a=00;36:*.mid=00;36:*.midi=00;36:*.mka=00;36:*.mp3=00;36:*.mpc=00;36:*.ogg=00;36:*.ra=00;36:*.wav=00;36:*.oga=00;36:*.opus=00;36:*.spx=00;36:*.xspf=00;36:*~=00;90:*#=00;90:*.bak=00;90:*.crdownload=00;90:*.dpkg-dist=00;90:*.dpkg-new=00;90:*.dpkg-old=00;90:*.dpkg-tmp=00;90:*.old=00;90:*.orig=00;90:*.part=00;90:*.rej=00;90:*.rpmnew=00;90:*.rpmorig=00;90:*.rpmsave=00;90:*.swp=00;90:*.tmp=00;90:*.ucf-dist=00;90:*.ucf-new=00;90:*.ucf-old=00;90:', 'AMENT_PREFIX_PATH': '/home/selqie/buoyancy/install/water_sensors:/home/selqie/buoyancy/install/servo:/home/selqie/buoyancy/install/sensing_bringup:/home/selqie/buoyancy/install/ms5837_bar_ros:/home/selqie/buoyancy/install/buoy_control:/home/selqie/buoyancy/install/motor_interfaces:/home/selqie/buoyancy/install/led:/home/selqie/buoyancy/install/bno08x_driver:/home/selqie/buoyancy/install/battery:/opt/ros/jazzy', 'SHELL': '/bin/bash', 'LESSCLOSE': '/usr/bin/lesspipe %s %s', 'ROS_AUTOMATIC_DISCOVERY_RANGE': 'SUBNET', 'PWD': '/home/selqie/buoyancy/build/sensing_bringup', 'SSH_CONNECTION': '192.168.1.109 51669 192.168.1.160 22', 'XDG_DATA_DIRS': '/usr/local/share:/usr/share:/var/lib/snapd/desktop', 'PYTHONPATH': '/home/selqie/buoyancy/install/water_sensors/lib/python3.12/site-packages:/home/selqie/buoyancy/install/servo/lib/python3.12/site-packages:/home/selqie/buoyancy/install/ms5837_bar_ros/lib/python3.12/site-packages:/home/selqie/buoyancy/install/buoy_control/lib/python3.12/site-packages:/home/selqie/buoyancy/install/motor_interfaces/lib/python3.12/site-packages:/home/selqie/buoyancy/install/led/lib/python3.12/site-packages:/home/selqie/buoyancy/install/battery/lib/python3.12/site-packages:/opt/ros/jazzy/lib/python3.12/site-packages', 'COLCON': '1', 'CMAKE_PREFIX_PATH': '/home/selqie/buoyancy/install/sensing_bringup:/home/selqie/buoyancy/install/motor_interfaces:/home/selqie/buoyancy/install/bno08x_driver:/home/selqie/buoyancy/install/water_sensors:/home/selqie/buoyancy/install/servo:/home/selqie/buoyancy/install/ms5837_bar_ros:/home/selqie/buoyancy/install/buoy_control:/home/selqie/buoyancy/install/led:/home/selqie/buoyancy/install/battery:/opt/ros/jazzy'}), 'shell': False}
[1.565012] (sensing_bringup) StdoutLine: {'line': b'-- Install configuration: ""\n'}
[1.565450] (sensing_bringup) StdoutLine: {'line': b'-- Up-to-date: /home/selqie/buoyancy/install/sensing_bringup/share/sensing_bringup/launch\n'}
[1.565562] (sensing_bringup) StdoutLine: {'line': b'-- Up-to-date: /home/selqie/buoyancy/install/sensing_bringup/share/sensing_bringup/launch/bar30.launch.py\n'}
[1.565673] (sensing_bringup) StdoutLine: {'line': b'-- Up-to-date: /home/selqie/buoyancy/install/sensing_bringup/share/sensing_bringup/launch/imu.launch.py\n'}
[1.565773] (sensing_bringup) StdoutLine: {'line': b'-- Up-to-date: /home/selqie/buoyancy/install/sensing_bringup/share/ament_index/resource_index/package_run_dependencies/sensing_bringup\n'}
[1.565854] (sensing_bringup) StdoutLine: {'line': b'-- Up-to-date: /home/selqie/buoyancy/install/sensing_bringup/share/ament_index/resource_index/parent_prefix_path/sensing_bringup\n'}
[1.565933] (sensing_bringup) StdoutLine: {'line': b'-- Up-to-date: /home/selqie/buoyancy/install/sensing_bringup/share/sensing_bringup/environment/ament_prefix_path.sh\n'}
[1.566012] (sensing_bringup) StdoutLine: {'line': b'-- Up-to-date: /home/selqie/buoyancy/install/sensing_bringup/share/sensing_bringup/environment/ament_prefix_path.dsv\n'}
[1.566088] (sensing_bringup) StdoutLine: {'line': b'-- Up-to-date: /home/selqie/buoyancy/install/sensing_bringup/share/sensing_bringup/environment/path.sh\n'}
[1.567456] (sensing_bringup) StdoutLine: {'line': b'-- Up-to-date: /home/selqie/buoyancy/install/sensing_bringup/share/sensing_bringup/environment/path.dsv\n'}
[1.568749] (sensing_bringup) StdoutLine: {'line': b'-- Up-to-date: /home/selqie/buoyancy/install/sensing_bringup/share/sensing_bringup/local_setup.bash\n'}
[1.568974] (sensing_bringup) StdoutLine: {'line': b'-- Up-to-date: /home/selqie/buoyancy/install/sensing_bringup/share/sensing_bringup/local_setup.sh\n'}
[1.569060] (sensing_bringup) StdoutLine: {'line': b'-- Up-to-date: /home/selqie/buoyancy/install/sensing_bringup/share/sensing_bringup/local_setup.zsh\n'}
[1.569138] (sensing_bringup) StdoutLine: {'line': b'-- Up-to-date: /home/selqie/buoyancy/install/sensing_bringup/share/sensing_bringup/local_setup.dsv\n'}
[1.569216] (sensing_bringup) StdoutLine: {'line': b'-- Installing: /home/selqie/buoyancy/install/sensing_bringup/share/sensing_bringup/package.dsv\n'}
[1.569293] (sensing_bringup) StdoutLine: {'line': b'-- Up-to-date: /home/selqie/buoyancy/install/sensing_bringup/share/ament_index/resource_index/packages/sensing_bringup\n'}
[1.569372] (sensing_bringup) StdoutLine: {'line': b'-- Up-to-date: /home/selqie/buoyancy/install/sensing_bringup/share/sensing_bringup/cmake/sensing_bringupConfig.cmake\n'}
[1.569446] (sensing_bringup) StdoutLine: {'line': b'-- Up-to-date: /home/selqie/buoyancy/install/sensing_bringup/share/sensing_bringup/cmake/sensing_bringupConfig-version.cmake\n'}
[1.569523] (sensing_bringup) StdoutLine: {'line': b'-- Up-to-date: /home/selqie/buoyancy/install/sensing_bringup/share/sensing_bringup/package.xml\n'}
[1.574750] (sensing_bringup) CommandEnded: {'returncode': 0}
[1.595337] (sensing_bringup) JobEnded: {'identifier': 'sensing_bringup', 'rc': 0}
[1.596648] (water_sensors) JobStarted: {'identifier': 'water_sensors'}
[1.607085] (-) TimerEvent: {}
[1.707617] (-) TimerEvent: {}
[1.809827] (-) TimerEvent: {}
[1.910411] (-) TimerEvent: {}
[2.010954] (-) TimerEvent: {}
[2.067762] (battery) Command: {'cmd': ['/usr/bin/python3', '-W', 'ignore:setup.py install is deprecated', '-W', 'ignore:easy_install command is deprecated', 'setup.py', 'egg_info', '--egg-base', '../build/battery', 'build', '--build-base', '/home/selqie/buoyancy/build/battery/build', 'install', '--record', '/home/selqie/buoyancy/build/battery/install.log', '--single-version-externally-managed', 'install_data'], 'cwd': '/home/selqie/buoyancy/battery', 'env': {'LESSOPEN': '| /usr/bin/lesspipe %s', 'USER': 'selqie', 'SSH_CLIENT': '192.168.1.109 51669 22', 'XDG_SESSION_TYPE': 'tty', 'SHLVL': '1', 'LD_LIBRARY_PATH': '/home/selqie/buoyancy/install/motor_interfaces/lib:/opt/ros/jazzy/lib/aarch64-linux-gnu:/opt/ros/jazzy/lib', 'HOME': '/home/selqie', 'OLDPWD': '/home/selqie', 'SSH_TTY': '/dev/pts/6', 'ROS_PYTHON_VERSION': '3', 'DBUS_SESSION_BUS_ADDRESS': 'unix:path=/run/user/1000/bus', 'COLCON_PREFIX_PATH': '/home/selqie/buoyancy/install', 'ROS_DISTRO': 'jazzy', 'LOGNAME': 'selqie', '_': '/usr/bin/colcon', 'ROS_VERSION': '2', 'XDG_SESSION_CLASS': 'user', 'TERM': 'xterm-256color', 'XDG_SESSION_ID': '1', 'PATH': '/home/selqie/.local/bin:/opt/ros/jazzy/bin:/usr/local/sbin:/usr/local/bin:/usr/sbin:/usr/bin:/sbin:/bin:/usr/games:/usr/local/games:/snap/bin', 'XDG_RUNTIME_DIR': '/run/user/1000', 'LANG': 'C.UTF-8', 'LS_COLORS': 'rs=0:di=01;34:ln=01;36:mh=00:pi=40;33:so=01;35:do=01;35:bd=40;33;01:cd=40;33;01:or=40;31;01:mi=00:su=37;41:sg=30;43:ca=00:tw=30;42:ow=34;42:st=37;44:ex=01;32:*.tar=01;31:*.tgz=01;31:*.arc=01;31:*.arj=01;31:*.taz=01;31:*.lha=01;31:*.lz4=01;31:*.lzh=01;31:*.lzma=01;31:*.tlz=01;31:*.txz=01;31:*.tzo=01;31:*.t7z=01;31:*.zip=01;31:*.z=01;31:*.dz=01;31:*.gz=01;31:*.lrz=01;31:*.lz=01;31:*.lzo=01;31:*.xz=01;31:*.zst=01;31:*.tzst=01;31:*.bz2=01;31:*.bz=01;31:*.tbz=01;31:*.tbz2=01;31:*.tz=01;31:*.deb=01;31:*.rpm=01;31:*.jar=01;31:*.war=01;31:*.ear=01;31:*.sar=01;31:*.rar=01;31:*.alz=01;31:*.ace=01;31:*.zoo=01;31:*.cpio=01;31:*.7z=01;31:*.rz=01;31:*.cab=01;31:*.wim=01;31:*.swm=01;31:*.dwm=01;31:*.esd=01;31:*.avif=01;35:*.jpg=01;35:*.jpeg=01;35:*.mjpg=01;35:*.mjpeg=01;35:*.gif=01;35:*.bmp=01;35:*.pbm=01;35:*.pgm=01;35:*.ppm=01;35:*.tga=01;35:*.xbm=01;35:*.xpm=01;35:*.tif=01;35:*.tiff=01;35:*.png=01;35:*.svg=01;35:*.svgz=01;35:*.mng=01;35:*.pcx=01;35:*.mov=01;35:*.mpg=01;35:*.mpeg=01;35:*.m2v=01;35:*.mkv=01;35:*.webm=01;35:*.webp=01;35:*.ogm=01;35:*.mp4=01;35:*.m4v=01;35:*.mp4v=01;35:*.vob=01;35:*.qt=01;35:*.nuv=01;35:*.wmv=01;35:*.asf=01;35:*.rm=01;35:*.rmvb=01;35:*.flc=01;35:*.avi=01;35:*.fli=01;35:*.flv=01;35:*.gl=01;35:*.dl=01;35:*.xcf=01;35:*.xwd=01;35:*.yuv=01;35:*.cgm=01;35:*.emf=01;35:*.ogv=01;35:*.ogx=01;35:*.aac=00;36:*.au=00;36:*.flac=00;36:*.m4a=00;36:*.mid=00;36:*.midi=00;36:*.mka=00;36:*.mp3=00;36:*.mpc=00;36:*.ogg=00;36:*.ra=00;36:*.wav=00;36:*.oga=00;36:*.opus=00;36:*.spx=00;36:*.xspf=00;36:*~=00;90:*#=00;90:*.bak=00;90:*.crdownload=00;90:*.dpkg-dist=00;90:*.dpkg-new=00;90:*.dpkg-old=00;90:*.dpkg-tmp=00;90:*.old=00;90:*.orig=00;90:*.part=00;90:*.rej=00;90:*.rpmnew=00;90:*.rpmorig=00;90:*.rpmsave=00;90:*.swp=00;90:*.tmp=00;90:*.ucf-dist=00;90:*.ucf-new=00;90:*.ucf-old=00;90:', 'AMENT_PREFIX_PATH': '/home/selqie/buoyancy/install/water_sensors:/home/selqie/buoyancy/install/servo:/home/selqie/buoyancy/install/sensing_bringup:/home/selqie/buoyancy/install/ms5837_bar_ros:/home/selqie/buoyancy/install/buoy_control:/home/selqie/buoyancy/install/motor_interfaces:/home/selqie/buoyancy/install/led:/home/selqie/buoyancy/install/bno08x_driver:/home/selqie/buoyancy/install/battery:/opt/ros/jazzy', 'SHELL': '/bin/bash', 'LESSCLOSE': '/usr/bin/lesspipe %s %s', 'ROS_AUTOMATIC_DISCOVERY_RANGE': 'SUBNET', 'PWD': '/home/selqie/buoyancy/build/battery', 'SSH_CONNECTION': '192.168.1.109 51669 192.168.1.160 22', 'XDG_DATA_DIRS': '/usr/local/share:/usr/share:/var/lib/snapd/desktop', 'PYTHONPATH': '/home/selqie/buoyancy/build/battery/prefix_override:/usr/lib/python3/dist-packages/colcon_core/task/python/colcon_distutils_commands:/home/selqie/buoyancy/install/battery/lib/python3.12/site-packages:/home/selqie/buoyancy/install/water_sensors/lib/python3.12/site-packages:/home/selqie/buoyancy/install/servo/lib/python3.12/site-packages:/home/selqie/buoyancy/install/ms5837_bar_ros/lib/python3.12/site-packages:/home/selqie/buoyancy/install/buoy_control/lib/python3.12/site-packages:/home/selqie/buoyancy/install/motor_interfaces/lib/python3.12/site-packages:/home/selqie/buoyancy/install/led/lib/python3.12/site-packages:/home/selqie/buoyancy/install/battery/lib/python3.12/site-packages:/opt/ros/jazzy/lib/python3.12/site-packages', 'COLCON': '1', 'CMAKE_PREFIX_PATH': '/home/selqie/buoyancy/install/sensing_bringup:/home/selqie/buoyancy/install/motor_interfaces:/home/selqie/buoyancy/install/bno08x_driver'}, 'shell': False}
[2.072975] (led) Command: {'cmd': ['/usr/bin/python3', '-W', 'ignore:setup.py install is deprecated', '-W', 'ignore:easy_install command is deprecated', 'setup.py', 'egg_info', '--egg-base', '../build/led', 'build', '--build-base', '/home/selqie/buoyancy/build/led/build', 'install', '--record', '/home/selqie/buoyancy/build/led/install.log', '--single-version-externally-managed', 'install_data'], 'cwd': '/home/selqie/buoyancy/led', 'env': {'LESSOPEN': '| /usr/bin/lesspipe %s', 'USER': 'selqie', 'SSH_CLIENT': '192.168.1.109 51669 22', 'XDG_SESSION_TYPE': 'tty', 'SHLVL': '1', 'LD_LIBRARY_PATH': '/home/selqie/buoyancy/install/motor_interfaces/lib:/opt/ros/jazzy/lib/aarch64-linux-gnu:/opt/ros/jazzy/lib', 'HOME': '/home/selqie', 'OLDPWD': '/home/selqie', 'SSH_TTY': '/dev/pts/6', 'ROS_PYTHON_VERSION': '3', 'DBUS_SESSION_BUS_ADDRESS': 'unix:path=/run/user/1000/bus', 'COLCON_PREFIX_PATH': '/home/selqie/buoyancy/install', 'ROS_DISTRO': 'jazzy', 'LOGNAME': 'selqie', '_': '/usr/bin/colcon', 'ROS_VERSION': '2', 'XDG_SESSION_CLASS': 'user', 'TERM': 'xterm-256color', 'XDG_SESSION_ID': '1', 'PATH': '/home/selqie/.local/bin:/opt/ros/jazzy/bin:/usr/local/sbin:/usr/local/bin:/usr/sbin:/usr/bin:/sbin:/bin:/usr/games:/usr/local/games:/snap/bin', 'XDG_RUNTIME_DIR': '/run/user/1000', 'LANG': 'C.UTF-8', 'LS_COLORS': 'rs=0:di=01;34:ln=01;36:mh=00:pi=40;33:so=01;35:do=01;35:bd=40;33;01:cd=40;33;01:or=40;31;01:mi=00:su=37;41:sg=30;43:ca=00:tw=30;42:ow=34;42:st=37;44:ex=01;32:*.tar=01;31:*.tgz=01;31:*.arc=01;31:*.arj=01;31:*.taz=01;31:*.lha=01;31:*.lz4=01;31:*.lzh=01;31:*.lzma=01;31:*.tlz=01;31:*.txz=01;31:*.tzo=01;31:*.t7z=01;31:*.zip=01;31:*.z=01;31:*.dz=01;31:*.gz=01;31:*.lrz=01;31:*.lz=01;31:*.lzo=01;31:*.xz=01;31:*.zst=01;31:*.tzst=01;31:*.bz2=01;31:*.bz=01;31:*.tbz=01;31:*.tbz2=01;31:*.tz=01;31:*.deb=01;31:*.rpm=01;31:*.jar=01;31:*.war=01;31:*.ear=01;31:*.sar=01;31:*.rar=01;31:*.alz=01;31:*.ace=01;31:*.zoo=01;31:*.cpio=01;31:*.7z=01;31:*.rz=01;31:*.cab=01;31:*.wim=01;31:*.swm=01;31:*.dwm=01;31:*.esd=01;31:*.avif=01;35:*.jpg=01;35:*.jpeg=01;35:*.mjpg=01;35:*.mjpeg=01;35:*.gif=01;35:*.bmp=01;35:*.pbm=01;35:*.pgm=01;35:*.ppm=01;35:*.tga=01;35:*.xbm=01;35:*.xpm=01;35:*.tif=01;35:*.tiff=01;35:*.png=01;35:*.svg=01;35:*.svgz=01;35:*.mng=01;35:*.pcx=01;35:*.mov=01;35:*.mpg=01;35:*.mpeg=01;35:*.m2v=01;35:*.mkv=01;35:*.webm=01;35:*.webp=01;35:*.ogm=01;35:*.mp4=01;35:*.m4v=01;35:*.mp4v=01;35:*.vob=01;35:*.qt=01;35:*.nuv=01;35:*.wmv=01;35:*.asf=01;35:*.rm=01;35:*.rmvb=01;35:*.flc=01;35:*.avi=01;35:*.fli=01;35:*.flv=01;35:*.gl=01;35:*.dl=01;35:*.xcf=01;35:*.xwd=01;35:*.yuv=01;35:*.cgm=01;35:*.emf=01;35:*.ogv=01;35:*.ogx=01;35:*.aac=00;36:*.au=00;36:*.flac=00;36:*.m4a=00;36:*.mid=00;36:*.midi=00;36:*.mka=00;36:*.mp3=00;36:*.mpc=00;36:*.ogg=00;36:*.ra=00;36:*.wav=00;36:*.oga=00;36:*.opus=00;36:*.spx=00;36:*.xspf=00;36:*~=00;90:*#=00;90:*.bak=00;90:*.crdownload=00;90:*.dpkg-dist=00;90:*.dpkg-new=00;90:*.dpkg-old=00;90:*.dpkg-tmp=00;90:*.old=00;90:*.orig=00;90:*.part=00;90:*.rej=00;90:*.rpmnew=00;90:*.rpmorig=00;90:*.rpmsave=00;90:*.swp=00;90:*.tmp=00;90:*.ucf-dist=00;90:*.ucf-new=00;90:*.ucf-old=00;90:', 'AMENT_PREFIX_PATH': '/home/selqie/buoyancy/install/water_sensors:/home/selqie/buoyancy/install/servo:/home/selqie/buoyancy/install/sensing_bringup:/home/selqie/buoyancy/install/ms5837_bar_ros:/home/selqie/buoyancy/install/buoy_control:/home/selqie/buoyancy/install/motor_interfaces:/home/selqie/buoyancy/install/led:/home/selqie/buoyancy/install/bno08x_driver:/home/selqie/buoyancy/install/battery:/opt/ros/jazzy', 'SHELL': '/bin/bash', 'LESSCLOSE': '/usr/bin/lesspipe %s %s', 'ROS_AUTOMATIC_DISCOVERY_RANGE': 'SUBNET', 'PWD': '/home/selqie/buoyancy/build/led', 'SSH_CONNECTION': '192.168.1.109 51669 192.168.1.160 22', 'XDG_DATA_DIRS': '/usr/local/share:/usr/share:/var/lib/snapd/desktop', 'PYTHONPATH': '/home/selqie/buoyancy/build/led/prefix_override:/usr/lib/python3/dist-packages/colcon_core/task/python/colcon_distutils_commands:/home/selqie/buoyancy/install/led/lib/python3.12/site-packages:/home/selqie/buoyancy/install/water_sensors/lib/python3.12/site-packages:/home/selqie/buoyancy/install/servo/lib/python3.12/site-packages:/home/selqie/buoyancy/install/ms5837_bar_ros/lib/python3.12/site-packages:/home/selqie/buoyancy/install/buoy_control/lib/python3.12/site-packages:/home/selqie/buoyancy/install/motor_interfaces/lib/python3.12/site-packages:/home/selqie/buoyancy/install/led/lib/python3.12/site-packages:/home/selqie/buoyancy/install/battery/lib/python3.12/site-packages:/opt/ros/jazzy/lib/python3.12/site-packages', 'COLCON': '1', 'CMAKE_PREFIX_PATH': '/home/selqie/buoyancy/install/sensing_bringup:/home/selqie/buoyancy/install/motor_interfaces:/home/selqie/buoyancy/install/bno08x_driver'}, 'shell': False}
[2.113735] (-) TimerEvent: {}
[2.214240] (-) TimerEvent: {}
[2.314654] (-) TimerEvent: {}
[2.415028] (-) TimerEvent: {}
[2.515588] (-) TimerEvent: {}
[2.516651] (battery) StdoutLine: {'line': b'running egg_info\n'}
[2.517059] (led) StdoutLine: {'line': b'running egg_info\n'}
[2.545587] (led) StdoutLine: {'line': b'writing ../build/led/led.egg-info/PKG-INFO\n'}
[2.545987] (battery) StdoutLine: {'line': b'writing ../build/battery/battery.egg-info/PKG-INFO\n'}
[2.546711] (led) StdoutLine: {'line': b'writing dependency_links to ../build/led/led.egg-info/dependency_links.txt\n'}
[2.547228] (battery) StdoutLine: {'line': b'writing dependency_links to ../build/battery/battery.egg-info/dependency_links.txt\n'}
[2.549999] (led) StdoutLine: {'line': b'writing entry points to ../build/led/led.egg-info/entry_points.txt\n'}
[2.550137] (led) StdoutLine: {'line': b'writing requirements to ../build/led/led.egg-info/requires.txt\n'}
[2.550223] (led) StdoutLine: {'line': b'writing top-level names to ../build/led/led.egg-info/top_level.txt\n'}
[2.550328] (battery) StdoutLine: {'line': b'writing entry points to ../build/battery/battery.egg-info/entry_points.txt\n'}
[2.550424] (battery) StdoutLine: {'line': b'writing requirements to ../build/battery/battery.egg-info/requires.txt\n'}
[2.550529] (battery) StdoutLine: {'line': b'writing top-level names to ../build/battery/battery.egg-info/top_level.txt\n'}
[2.553611] (ms5837_bar_ros) Command: {'cmd': ['/usr/bin/python3', '-W', 'ignore:setup.py install is deprecated', '-W', 'ignore:easy_install command is deprecated', 'setup.py', 'egg_info', '--egg-base', '../../build/ms5837_bar_ros', 'build', '--build-base', '/home/selqie/buoyancy/build/ms5837_bar_ros/build', 'install', '--record', '/home/selqie/buoyancy/build/ms5837_bar_ros/install.log', '--single-version-externally-managed', 'install_data'], 'cwd': '/home/selqie/buoyancy/sensing/ms5837_bar_ros', 'env': {'LESSOPEN': '| /usr/bin/lesspipe %s', 'USER': 'selqie', 'SSH_CLIENT': '192.168.1.109 51669 22', 'XDG_SESSION_TYPE': 'tty', 'SHLVL': '1', 'LD_LIBRARY_PATH': '/home/selqie/buoyancy/install/motor_interfaces/lib:/opt/ros/jazzy/lib/aarch64-linux-gnu:/opt/ros/jazzy/lib', 'HOME': '/home/selqie', 'OLDPWD': '/home/selqie', 'SSH_TTY': '/dev/pts/6', 'ROS_PYTHON_VERSION': '3', 'DBUS_SESSION_BUS_ADDRESS': 'unix:path=/run/user/1000/bus', 'COLCON_PREFIX_PATH': '/home/selqie/buoyancy/install', 'ROS_DISTRO': 'jazzy', 'LOGNAME': 'selqie', '_': '/usr/bin/colcon', 'ROS_VERSION': '2', 'XDG_SESSION_CLASS': 'user', 'TERM': 'xterm-256color', 'XDG_SESSION_ID': '1', 'PATH': '/home/selqie/.local/bin:/opt/ros/jazzy/bin:/usr/local/sbin:/usr/local/bin:/usr/sbin:/usr/bin:/sbin:/bin:/usr/games:/usr/local/games:/snap/bin', 'XDG_RUNTIME_DIR': '/run/user/1000', 'LANG': 'C.UTF-8', 'LS_COLORS': 'rs=0:di=01;34:ln=01;36:mh=00:pi=40;33:so=01;35:do=01;35:bd=40;33;01:cd=40;33;01:or=40;31;01:mi=00:su=37;41:sg=30;43:ca=00:tw=30;42:ow=34;42:st=37;44:ex=01;32:*.tar=01;31:*.tgz=01;31:*.arc=01;31:*.arj=01;31:*.taz=01;31:*.lha=01;31:*.lz4=01;31:*.lzh=01;31:*.lzma=01;31:*.tlz=01;31:*.txz=01;31:*.tzo=01;31:*.t7z=01;31:*.zip=01;31:*.z=01;31:*.dz=01;31:*.gz=01;31:*.lrz=01;31:*.lz=01;31:*.lzo=01;31:*.xz=01;31:*.zst=01;31:*.tzst=01;31:*.bz2=01;31:*.bz=01;31:*.tbz=01;31:*.tbz2=01;31:*.tz=01;31:*.deb=01;31:*.rpm=01;31:*.jar=01;31:*.war=01;31:*.ear=01;31:*.sar=01;31:*.rar=01;31:*.alz=01;31:*.ace=01;31:*.zoo=01;31:*.cpio=01;31:*.7z=01;31:*.rz=01;31:*.cab=01;31:*.wim=01;31:*.swm=01;31:*.dwm=01;31:*.esd=01;31:*.avif=01;35:*.jpg=01;35:*.jpeg=01;35:*.mjpg=01;35:*.mjpeg=01;35:*.gif=01;35:*.bmp=01;35:*.pbm=01;35:*.pgm=01;35:*.ppm=01;35:*.tga=01;35:*.xbm=01;35:*.xpm=01;35:*.tif=01;35:*.tiff=01;35:*.png=01;35:*.svg=01;35:*.svgz=01;35:*.mng=01;35:*.pcx=01;35:*.mov=01;35:*.mpg=01;35:*.mpeg=01;35:*.m2v=01;35:*.mkv=01;35:*.webm=01;35:*.webp=01;35:*.ogm=01;35:*.mp4=01;35:*.m4v=01;35:*.mp4v=01;35:*.vob=01;35:*.qt=01;35:*.nuv=01;35:*.wmv=01;35:*.asf=01;35:*.rm=01;35:*.rmvb=01;35:*.flc=01;35:*.avi=01;35:*.fli=01;35:*.flv=01;35:*.gl=01;35:*.dl=01;35:*.xcf=01;35:*.xwd=01;35:*.yuv=01;35:*.cgm=01;35:*.emf=01;35:*.ogv=01;35:*.ogx=01;35:*.aac=00;36:*.au=00;36:*.flac=00;36:*.m4a=00;36:*.mid=00;36:*.midi=00;36:*.mka=00;36:*.mp3=00;36:*.mpc=00;36:*.ogg=00;36:*.ra=00;36:*.wav=00;36:*.oga=00;36:*.opus=00;36:*.spx=00;36:*.xspf=00;36:*~=00;90:*#=00;90:*.bak=00;90:*.crdownload=00;90:*.dpkg-dist=00;90:*.dpkg-new=00;90:*.dpkg-old=00;90:*.dpkg-tmp=00;90:*.old=00;90:*.orig=00;90:*.part=00;90:*.rej=00;90:*.rpmnew=00;90:*.rpmorig=00;90:*.rpmsave=00;90:*.swp=00;90:*.tmp=00;90:*.ucf-dist=00;90:*.ucf-new=00;90:*.ucf-old=00;90:', 'AMENT_PREFIX_PATH': '/home/selqie/buoyancy/install/water_sensors:/home/selqie/buoyancy/install/servo:/home/selqie/buoyancy/install/sensing_bringup:/home/selqie/buoyancy/install/ms5837_bar_ros:/home/selqie/buoyancy/install/buoy_control:/home/selqie/buoyancy/install/motor_interfaces:/home/selqie/buoyancy/install/led:/home/selqie/buoyancy/install/bno08x_driver:/home/selqie/buoyancy/install/battery:/opt/ros/jazzy', 'SHELL': '/bin/bash', 'LESSCLOSE': '/usr/bin/lesspipe %s %s', 'ROS_AUTOMATIC_DISCOVERY_RANGE': 'SUBNET', 'PWD': '/home/selqie/buoyancy/build/ms5837_bar_ros', 'SSH_CONNECTION': '192.168.1.109 51669 192.168.1.160 22', 'XDG_DATA_DIRS': '/usr/local/share:/usr/share:/var/lib/snapd/desktop', 'PYTHONPATH': '/home/selqie/buoyancy/build/ms5837_bar_ros/prefix_override:/usr/lib/python3/dist-packages/colcon_core/task/python/colcon_distutils_commands:/home/selqie/buoyancy/install/ms5837_bar_ros/lib/python3.12/site-packages:/home/selqie/buoyancy/install/water_sensors/lib/python3.12/site-packages:/home/selqie/buoyancy/install/servo/lib/python3.12/site-packages:/home/selqie/buoyancy/install/ms5837_bar_ros/lib/python3.12/site-packages:/home/selqie/buoyancy/install/buoy_control/lib/python3.12/site-packages:/home/selqie/buoyancy/install/motor_interfaces/lib/python3.12/site-packages:/home/selqie/buoyancy/install/led/lib/python3.12/site-packages:/home/selqie/buoyancy/install/battery/lib/python3.12/site-packages:/opt/ros/jazzy/lib/python3.12/site-packages', 'COLCON': '1', 'CMAKE_PREFIX_PATH': '/home/selqie/buoyancy/install/sensing_bringup:/home/selqie/buoyancy/install/motor_interfaces:/home/selqie/buoyancy/install/bno08x_driver'}, 'shell': False}
[2.602401] (led) StdoutLine: {'line': b"reading manifest file '../build/led/led.egg-info/SOURCES.txt'\n"}
[2.602704] (battery) StdoutLine: {'line': b"reading manifest file '../build/battery/battery.egg-info/SOURCES.txt'\n"}
[2.602832] (led) StdoutLine: {'line': b"writing manifest file '../build/led/led.egg-info/SOURCES.txt'\n"}
[2.602933] (led) StdoutLine: {'line': b'running build\n'}
[2.603047] (led) StdoutLine: {'line': b'running build_py\n'}
[2.603182] (battery) StdoutLine: {'line': b"writing manifest file '../build/battery/battery.egg-info/SOURCES.txt'\n"}
[2.603665] (led) StdoutLine: {'line': b'running install\n'}
[2.603898] (battery) StdoutLine: {'line': b'running build\n'}
[2.604004] (battery) StdoutLine: {'line': b'running build_py\n'}
[2.604689] (battery) StdoutLine: {'line': b'running install\n'}
[2.615939] (battery) StdoutLine: {'line': b'running install_lib\n'}
[2.616258] (-) TimerEvent: {}
[2.618798] (led) StdoutLine: {'line': b'running install_lib\n'}
[2.646456] (battery) StdoutLine: {'line': b'running install_data\n'}
[2.647723] (battery) StdoutLine: {'line': b'running install_egg_info\n'}
[2.648243] (led) StdoutLine: {'line': b'running install_data\n'}
[2.649694] (led) StdoutLine: {'line': b'running install_egg_info\n'}
[2.676803] (battery) StdoutLine: {'line': b"removing '/home/selqie/buoyancy/install/battery/lib/python3.12/site-packages/battery-0.0.0-py3.12.egg-info' (and everything under it)\n"}
[2.678976] (battery) StdoutLine: {'line': b'Copying ../build/battery/battery.egg-info to /home/selqie/buoyancy/install/battery/lib/python3.12/site-packages/battery-0.0.0-py3.12.egg-info\n'}
[2.679226] (battery) StdoutLine: {'line': b'running install_scripts\n'}
[2.679708] (led) StdoutLine: {'line': b"removing '/home/selqie/buoyancy/install/led/lib/python3.12/site-packages/led-0.0.4-py3.12.egg-info' (and everything under it)\n"}
[2.680611] (led) StdoutLine: {'line': b'Copying ../build/led/led.egg-info to /home/selqie/buoyancy/install/led/lib/python3.12/site-packages/led-0.0.4-py3.12.egg-info\n'}
[2.682456] (led) StdoutLine: {'line': b'running install_scripts\n'}
[2.716447] (-) TimerEvent: {}
[2.819947] (-) TimerEvent: {}
[2.861502] (battery) StdoutLine: {'line': b'Installing tinybms_voltage_uart script to /home/selqie/buoyancy/install/battery/lib/battery\n'}
[2.862112] (battery) StdoutLine: {'line': b"writing list of installed files to '/home/selqie/buoyancy/build/battery/install.log'\n"}
[2.866053] (led) StdoutLine: {'line': b'Installing led_node script to /home/selqie/buoyancy/install/led/lib/led\n'}
[2.867444] (led) StdoutLine: {'line': b'Installing led_tester script to /home/selqie/buoyancy/install/led/lib/led\n'}
[2.869594] (led) StdoutLine: {'line': b'Installing rainbow_fade script to /home/selqie/buoyancy/install/led/lib/led\n'}
[2.870540] (led) StdoutLine: {'line': b'Installing ws2812b-set script to /home/selqie/buoyancy/install/led/lib/led\n'}
[2.872925] (led) StdoutLine: {'line': b"writing list of installed files to '/home/selqie/buoyancy/build/led/install.log'\n"}
[2.922749] (-) TimerEvent: {}
[3.019745] (battery) CommandEnded: {'returncode': 0}
[3.024736] (-) TimerEvent: {}
[3.038766] (battery) JobEnded: {'identifier': 'battery', 'rc': 0}
[3.040177] (buoy_control) JobStarted: {'identifier': 'buoy_control'}
[3.049536] (ms5837_bar_ros) StdoutLine: {'line': b'running egg_info\n'}
[3.051786] (led) CommandEnded: {'returncode': 0}
[3.068140] (led) JobEnded: {'identifier': 'led', 'rc': 0}
[3.071968] (servo) JobStarted: {'identifier': 'servo'}
[3.084103] (ms5837_bar_ros) StdoutLine: {'line': b'writing ../../build/ms5837_bar_ros/ms5837_bar_ros.egg-info/PKG-INFO\n'}
[3.084476] (ms5837_bar_ros) StdoutLine: {'line': b'writing dependency_links to ../../build/ms5837_bar_ros/ms5837_bar_ros.egg-info/dependency_links.txt\n'}
[3.084728] (ms5837_bar_ros) StdoutLine: {'line': b'writing entry points to ../../build/ms5837_bar_ros/ms5837_bar_ros.egg-info/entry_points.txt\n'}
[3.085480] (ms5837_bar_ros) StdoutLine: {'line': b'writing requirements to ../../build/ms5837_bar_ros/ms5837_bar_ros.egg-info/requires.txt\n'}
[3.086470] (ms5837_bar_ros) StdoutLine: {'line': b'writing top-level names to ../../build/ms5837_bar_ros/ms5837_bar_ros.egg-info/top_level.txt\n'}
[3.124944] (-) TimerEvent: {}
[3.147116] (ms5837_bar_ros) StdoutLine: {'line': b"reading manifest file '../../build/ms5837_bar_ros/ms5837_bar_ros.egg-info/SOURCES.txt'\n"}
[3.147520] (ms5837_bar_ros) StdoutLine: {'line': b"adding license file 'LICENSE'\n"}
[3.148462] (ms5837_bar_ros) StdoutLine: {'line': b"writing manifest file '../../build/ms5837_bar_ros/ms5837_bar_ros.egg-info/SOURCES.txt'\n"}
[3.148740] (ms5837_bar_ros) StdoutLine: {'line': b'running build\n'}
[3.148872] (ms5837_bar_ros) StdoutLine: {'line': b'running build_py\n'}
[3.149371] (ms5837_bar_ros) StdoutLine: {'line': b'running install\n'}
[3.159322] (ms5837_bar_ros) StdoutLine: {'line': b'running install_lib\n'}
[3.184208] (ms5837_bar_ros) StdoutLine: {'line': b'running install_data\n'}
[3.184574] (ms5837_bar_ros) StdoutLine: {'line': b'running install_egg_info\n'}
[3.210669] (ms5837_bar_ros) StdoutLine: {'line': b"removing '/home/selqie/buoyancy/install/ms5837_bar_ros/lib/python3.12/site-packages/ms5837_bar_ros-0.0.0-py3.12.egg-info' (and everything under it)\n"}
[3.211177] (ms5837_bar_ros) StdoutLine: {'line': b'Copying ../../build/ms5837_bar_ros/ms5837_bar_ros.egg-info to /home/selqie/buoyancy/install/ms5837_bar_ros/lib/python3.12/site-packages/ms5837_bar_ros-0.0.0-py3.12.egg-info\n'}
[3.212490] (ms5837_bar_ros) StdoutLine: {'line': b'running install_scripts\n'}
[3.224984] (-) TimerEvent: {}
[3.325396] (-) TimerEvent: {}
[3.375819] (ms5837_bar_ros) StdoutLine: {'line': b'Installing bar02_node script to /home/selqie/buoyancy/install/ms5837_bar_ros/lib/ms5837_bar_ros\n'}
[3.376180] (ms5837_bar_ros) StdoutLine: {'line': b'Installing bar30_node script to /home/selqie/buoyancy/install/ms5837_bar_ros/lib/ms5837_bar_ros\n'}
[3.377759] (ms5837_bar_ros) StdoutLine: {'line': b"writing list of installed files to '/home/selqie/buoyancy/build/ms5837_bar_ros/install.log'\n"}
[3.425514] (-) TimerEvent: {}
[3.429753] (water_sensors) Command: {'cmd': ['/usr/bin/python3', '-W', 'ignore:setup.py install is deprecated', '-W', 'ignore:easy_install command is deprecated', 'setup.py', 'egg_info', '--egg-base', '../build/water_sensors', 'build', '--build-base', '/home/selqie/buoyancy/build/water_sensors/build', 'install', '--record', '/home/selqie/buoyancy/build/water_sensors/install.log', '--single-version-externally-managed', 'install_data'], 'cwd': '/home/selqie/buoyancy/water_sensors', 'env': {'LESSOPEN': '| /usr/bin/lesspipe %s', 'USER': 'selqie', 'SSH_CLIENT': '192.168.1.109 51669 22', 'XDG_SESSION_TYPE': 'tty', 'SHLVL': '1', 'LD_LIBRARY_PATH': '/home/selqie/buoyancy/install/motor_interfaces/lib:/opt/ros/jazzy/lib/aarch64-linux-gnu:/opt/ros/jazzy/lib', 'HOME': '/home/selqie', 'OLDPWD': '/home/selqie', 'SSH_TTY': '/dev/pts/6', 'ROS_PYTHON_VERSION': '3', 'DBUS_SESSION_BUS_ADDRESS': 'unix:path=/run/user/1000/bus', 'COLCON_PREFIX_PATH': '/home/selqie/buoyancy/install', 'ROS_DISTRO': 'jazzy', 'LOGNAME': 'selqie', '_': '/usr/bin/colcon', 'ROS_VERSION': '2', 'XDG_SESSION_CLASS': 'user', 'TERM': 'xterm-256color', 'XDG_SESSION_ID': '1', 'PATH': '/home/selqie/.local/bin:/opt/ros/jazzy/bin:/usr/local/sbin:/usr/local/bin:/usr/sbin:/usr/bin:/sbin:/bin:/usr/games:/usr/local/games:/snap/bin', 'XDG_RUNTIME_DIR': '/run/user/1000', 'LANG': 'C.UTF-8', 'LS_COLORS': 'rs=0:di=01;34:ln=01;36:mh=00:pi=40;33:so=01;35:do=01;35:bd=40;33;01:cd=40;33;01:or=40;31;01:mi=00:su=37;41:sg=30;43:ca=00:tw=30;42:ow=34;42:st=37;44:ex=01;32:*.tar=01;31:*.tgz=01;31:*.arc=01;31:*.arj=01;31:*.taz=01;31:*.lha=01;31:*.lz4=01;31:*.lzh=01;31:*.lzma=01;31:*.tlz=01;31:*.txz=01;31:*.tzo=01;31:*.t7z=01;31:*.zip=01;31:*.z=01;31:*.dz=01;31:*.gz=01;31:*.lrz=01;31:*.lz=01;31:*.lzo=01;31:*.xz=01;31:*.zst=01;31:*.tzst=01;31:*.bz2=01;31:*.bz=01;31:*.tbz=01;31:*.tbz2=01;31:*.tz=01;31:*.deb=01;31:*.rpm=01;31:*.jar=01;31:*.war=01;31:*.ear=01;31:*.sar=01;31:*.rar=01;31:*.alz=01;31:*.ace=01;31:*.zoo=01;31:*.cpio=01;31:*.7z=01;31:*.rz=01;31:*.cab=01;31:*.wim=01;31:*.swm=01;31:*.dwm=01;31:*.esd=01;31:*.avif=01;35:*.jpg=01;35:*.jpeg=01;35:*.mjpg=01;35:*.mjpeg=01;35:*.gif=01;35:*.bmp=01;35:*.pbm=01;35:*.pgm=01;35:*.ppm=01;35:*.tga=01;35:*.xbm=01;35:*.xpm=01;35:*.tif=01;35:*.tiff=01;35:*.png=01;35:*.svg=01;35:*.svgz=01;35:*.mng=01;35:*.pcx=01;35:*.mov=01;35:*.mpg=01;35:*.mpeg=01;35:*.m2v=01;35:*.mkv=01;35:*.webm=01;35:*.webp=01;35:*.ogm=01;35:*.mp4=01;35:*.m4v=01;35:*.mp4v=01;35:*.vob=01;35:*.qt=01;35:*.nuv=01;35:*.wmv=01;35:*.asf=01;35:*.rm=01;35:*.rmvb=01;35:*.flc=01;35:*.avi=01;35:*.fli=01;35:*.flv=01;35:*.gl=01;35:*.dl=01;35:*.xcf=01;35:*.xwd=01;35:*.yuv=01;35:*.cgm=01;35:*.emf=01;35:*.ogv=01;35:*.ogx=01;35:*.aac=00;36:*.au=00;36:*.flac=00;36:*.m4a=00;36:*.mid=00;36:*.midi=00;36:*.mka=00;36:*.mp3=00;36:*.mpc=00;36:*.ogg=00;36:*.ra=00;36:*.wav=00;36:*.oga=00;36:*.opus=00;36:*.spx=00;36:*.xspf=00;36:*~=00;90:*#=00;90:*.bak=00;90:*.crdownload=00;90:*.dpkg-dist=00;90:*.dpkg-new=00;90:*.dpkg-old=00;90:*.dpkg-tmp=00;90:*.old=00;90:*.orig=00;90:*.part=00;90:*.rej=00;90:*.rpmnew=00;90:*.rpmorig=00;90:*.rpmsave=00;90:*.swp=00;90:*.tmp=00;90:*.ucf-dist=00;90:*.ucf-new=00;90:*.ucf-old=00;90:', 'AMENT_PREFIX_PATH': '/home/selqie/buoyancy/install/water_sensors:/home/selqie/buoyancy/install/servo:/home/selqie/buoyancy/install/sensing_bringup:/home/selqie/buoyancy/install/ms5837_bar_ros:/home/selqie/buoyancy/install/buoy_control:/home/selqie/buoyancy/install/motor_interfaces:/home/selqie/buoyancy/install/led:/home/selqie/buoyancy/install/bno08x_driver:/home/selqie/buoyancy/install/battery:/opt/ros/jazzy', 'SHELL': '/bin/bash', 'LESSCLOSE': '/usr/bin/lesspipe %s %s', 'ROS_AUTOMATIC_DISCOVERY_RANGE': 'SUBNET', 'PWD': '/home/selqie/buoyancy/build/water_sensors', 'SSH_CONNECTION': '192.168.1.109 51669 192.168.1.160 22', 'XDG_DATA_DIRS': '/usr/local/share:/usr/share:/var/lib/snapd/desktop', 'PYTHONPATH': '/home/selqie/buoyancy/build/water_sensors/prefix_override:/usr/lib/python3/dist-packages/colcon_core/task/python/colcon_distutils_commands:/home/selqie/buoyancy/install/water_sensors/lib/python3.12/site-packages:/home/selqie/buoyancy/install/water_sensors/lib/python3.12/site-packages:/home/selqie/buoyancy/install/servo/lib/python3.12/site-packages:/home/selqie/buoyancy/install/ms5837_bar_ros/lib/python3.12/site-packages:/home/selqie/buoyancy/install/buoy_control/lib/python3.12/site-packages:/home/selqie/buoyancy/install/motor_interfaces/lib/python3.12/site-packages:/home/selqie/buoyancy/install/led/lib/python3.12/site-packages:/home/selqie/buoyancy/install/battery/lib/python3.12/site-packages:/opt/ros/jazzy/lib/python3.12/site-packages', 'COLCON': '1', 'CMAKE_PREFIX_PATH': '/home/selqie/buoyancy/install/sensing_bringup:/home/selqie/buoyancy/install/motor_interfaces:/home/selqie/buoyancy/install/bno08x_driver'}, 'shell': False}
[3.525665] (-) TimerEvent: {}
[3.625990] (-) TimerEvent: {}
[3.726335] (-) TimerEvent: {}
[3.780763] (ms5837_bar_ros) CommandEnded: {'returncode': 0}
[3.795796] (ms5837_bar_ros) JobEnded: {'identifier': 'ms5837_bar_ros', 'rc': 0}
[3.809463] (water_sensors) StdoutLine: {'line': b'running egg_info\n'}
[3.826424] (-) TimerEvent: {}
[3.834734] (water_sensors) StdoutLine: {'line': b'writing ../build/water_sensors/water_sensors.egg-info/PKG-INFO\n'}
[3.835832] (water_sensors) StdoutLine: {'line': b'writing dependency_links to ../build/water_sensors/water_sensors.egg-info/dependency_links.txt\n'}
[3.836643] (water_sensors) StdoutLine: {'line': b'writing entry points to ../build/water_sensors/water_sensors.egg-info/entry_points.txt\n'}
[3.837250] (water_sensors) StdoutLine: {'line': b'writing requirements to ../build/water_sensors/water_sensors.egg-info/requires.txt\n'}
[3.837961] (water_sensors) StdoutLine: {'line': b'writing top-level names to ../build/water_sensors/water_sensors.egg-info/top_level.txt\n'}
[3.890056] (water_sensors) StdoutLine: {'line': b"reading manifest file '../build/water_sensors/water_sensors.egg-info/SOURCES.txt'\n"}
[3.891328] (water_sensors) StdoutLine: {'line': b"writing manifest file '../build/water_sensors/water_sensors.egg-info/SOURCES.txt'\n"}
[3.891653] (water_sensors) StdoutLine: {'line': b'running build\n'}
[3.891868] (water_sensors) StdoutLine: {'line': b'running build_py\n'}
[3.892356] (water_sensors) StdoutLine: {'line': b'running install\n'}
[3.902843] (water_sensors) StdoutLine: {'line': b'running install_lib\n'}
[3.926521] (-) TimerEvent: {}
[3.929013] (water_sensors) StdoutLine: {'line': b'running install_data\n'}
[3.929344] (water_sensors) StdoutLine: {'line': b'running install_egg_info\n'}
[3.956271] (water_sensors) StdoutLine: {'line': b"removing '/home/selqie/buoyancy/install/water_sensors/lib/python3.12/site-packages/water_sensors-0.1.0-py3.12.egg-info' (and everything under it)\n"}
[3.956808] (water_sensors) StdoutLine: {'line': b'Copying ../build/water_sensors/water_sensors.egg-info to /home/selqie/buoyancy/install/water_sensors/lib/python3.12/site-packages/water_sensors-0.1.0-py3.12.egg-info\n'}
[3.958207] (water_sensors) StdoutLine: {'line': b'running install_scripts\n'}
[4.026611] (-) TimerEvent: {}
[4.122972] (water_sensors) StdoutLine: {'line': b'Installing humidity_sensor_node script to /home/selqie/buoyancy/install/water_sensors/lib/water_sensors\n'}
[4.123370] (water_sensors) StdoutLine: {'line': b'Installing leak_sensor_node script to /home/selqie/buoyancy/install/water_sensors/lib/water_sensors\n'}
[4.125021] (water_sensors) StdoutLine: {'line': b"writing list of installed files to '/home/selqie/buoyancy/build/water_sensors/install.log'\n"}
[4.126720] (-) TimerEvent: {}
[4.225942] (water_sensors) CommandEnded: {'returncode': 0}
[4.226810] (-) TimerEvent: {}
[4.239852] (water_sensors) JobEnded: {'identifier': 'water_sensors', 'rc': 0}
[4.326910] (-) TimerEvent: {}
[4.427189] (-) TimerEvent: {}
[4.527570] (-) TimerEvent: {}
[4.628037] (-) TimerEvent: {}
[4.658658] (buoy_control) Command: {'cmd': ['/usr/bin/python3', '-W', 'ignore:setup.py install is deprecated', '-W', 'ignore:easy_install command is deprecated', 'setup.py', 'egg_info', '--egg-base', '../build/buoy_control', 'build', '--build-base', '/home/selqie/buoyancy/build/buoy_control/build', 'install', '--record', '/home/selqie/buoyancy/build/buoy_control/install.log', '--single-version-externally-managed', 'install_data'], 'cwd': '/home/selqie/buoyancy/buoy_control', 'env': {'LESSOPEN': '| /usr/bin/lesspipe %s', 'USER': 'selqie', 'SSH_CLIENT': '192.168.1.109 51669 22', 'XDG_SESSION_TYPE': 'tty', 'SHLVL': '1', 'LD_LIBRARY_PATH': '/home/selqie/buoyancy/install/motor_interfaces/lib:/opt/ros/jazzy/lib/aarch64-linux-gnu:/opt/ros/jazzy/lib', 'HOME': '/home/selqie', 'OLDPWD': '/home/selqie', 'SSH_TTY': '/dev/pts/6', 'ROS_PYTHON_VERSION': '3', 'DBUS_SESSION_BUS_ADDRESS': 'unix:path=/run/user/1000/bus', 'COLCON_PREFIX_PATH': '/home/selqie/buoyancy/install', 'ROS_DISTRO': 'jazzy', 'LOGNAME': 'selqie', '_': '/usr/bin/colcon', 'ROS_VERSION': '2', 'XDG_SESSION_CLASS': 'user', 'TERM': 'xterm-256color', 'XDG_SESSION_ID': '1', 'PATH': '/home/selqie/.local/bin:/opt/ros/jazzy/bin:/usr/local/sbin:/usr/local/bin:/usr/sbin:/usr/bin:/sbin:/bin:/usr/games:/usr/local/games:/snap/bin', 'XDG_RUNTIME_DIR': '/run/user/1000', 'LANG': 'C.UTF-8', 'LS_COLORS': 'rs=0:di=01;34:ln=01;36:mh=00:pi=40;33:so=01;35:do=01;35:bd=40;33;01:cd=40;33;01:or=40;31;01:mi=00:su=37;41:sg=30;43:ca=00:tw=30;42:ow=34;42:st=37;44:ex=01;32:*.tar=01;31:*.tgz=01;31:*.arc=01;31:*.arj=01;31:*.taz=01;31:*.lha=01;31:*.lz4=01;31:*.lzh=01;31:*.lzma=01;31:*.tlz=01;31:*.txz=01;31:*.tzo=01;31:*.t7z=01;31:*.zip=01;31:*.z=01;31:*.dz=01;31:*.gz=01;31:*.lrz=01;31:*.lz=01;31:*.lzo=01;31:*.xz=01;31:*.zst=01;31:*.tzst=01;31:*.bz2=01;31:*.bz=01;31:*.tbz=01;31:*.tbz2=01;31:*.tz=01;31:*.deb=01;31:*.rpm=01;31:*.jar=01;31:*.war=01;31:*.ear=01;31:*.sar=01;31:*.rar=01;31:*.alz=01;31:*.ace=01;31:*.zoo=01;31:*.cpio=01;31:*.7z=01;31:*.rz=01;31:*.cab=01;31:*.wim=01;31:*.swm=01;31:*.dwm=01;31:*.esd=01;31:*.avif=01;35:*.jpg=01;35:*.jpeg=01;35:*.mjpg=01;35:*.mjpeg=01;35:*.gif=01;35:*.bmp=01;35:*.pbm=01;35:*.pgm=01;35:*.ppm=01;35:*.tga=01;35:*.xbm=01;35:*.xpm=01;35:*.tif=01;35:*.tiff=01;35:*.png=01;35:*.svg=01;35:*.svgz=01;35:*.mng=01;35:*.pcx=01;35:*.mov=01;35:*.mpg=01;35:*.mpeg=01;35:*.m2v=01;35:*.mkv=01;35:*.webm=01;35:*.webp=01;35:*.ogm=01;35:*.mp4=01;35:*.m4v=01;35:*.mp4v=01;35:*.vob=01;35:*.qt=01;35:*.nuv=01;35:*.wmv=01;35:*.asf=01;35:*.rm=01;35:*.rmvb=01;35:*.flc=01;35:*.avi=01;35:*.fli=01;35:*.flv=01;35:*.gl=01;35:*.dl=01;35:*.xcf=01;35:*.xwd=01;35:*.yuv=01;35:*.cgm=01;35:*.emf=01;35:*.ogv=01;35:*.ogx=01;35:*.aac=00;36:*.au=00;36:*.flac=00;36:*.m4a=00;36:*.mid=00;36:*.midi=00;36:*.mka=00;36:*.mp3=00;36:*.mpc=00;36:*.ogg=00;36:*.ra=00;36:*.wav=00;36:*.oga=00;36:*.opus=00;36:*.spx=00;36:*.xspf=00;36:*~=00;90:*#=00;90:*.bak=00;90:*.crdownload=00;90:*.dpkg-dist=00;90:*.dpkg-new=00;90:*.dpkg-old=00;90:*.dpkg-tmp=00;90:*.old=00;90:*.orig=00;90:*.part=00;90:*.rej=00;90:*.rpmnew=00;90:*.rpmorig=00;90:*.rpmsave=00;90:*.swp=00;90:*.tmp=00;90:*.ucf-dist=00;90:*.ucf-new=00;90:*.ucf-old=00;90:', 'AMENT_PREFIX_PATH': '/home/selqie/buoyancy/install/water_sensors:/home/selqie/buoyancy/install/servo:/home/selqie/buoyancy/install/sensing_bringup:/home/selqie/buoyancy/install/ms5837_bar_ros:/home/selqie/buoyancy/install/buoy_control:/home/selqie/buoyancy/install/motor_interfaces:/home/selqie/buoyancy/install/led:/home/selqie/buoyancy/install/bno08x_driver:/home/selqie/buoyancy/install/battery:/opt/ros/jazzy', 'SHELL': '/bin/bash', 'LESSCLOSE': '/usr/bin/lesspipe %s %s', 'ROS_AUTOMATIC_DISCOVERY_RANGE': 'SUBNET', 'PWD': '/home/selqie/buoyancy/build/buoy_control', 'SSH_CONNECTION': '192.168.1.109 51669 192.168.1.160 22', 'XDG_DATA_DIRS': '/usr/local/share:/usr/share:/var/lib/snapd/desktop', 'PYTHONPATH': '/home/selqie/buoyancy/build/buoy_control/prefix_override:/usr/lib/python3/dist-packages/colcon_core/task/python/colcon_distutils_commands:/home/selqie/buoyancy/install/buoy_control/lib/python3.12/site-packages:/home/selqie/buoyancy/install/motor_interfaces/lib/python3.12/site-packages:/home/selqie/buoyancy/install/water_sensors/lib/python3.12/site-packages:/home/selqie/buoyancy/install/servo/lib/python3.12/site-packages:/home/selqie/buoyancy/install/ms5837_bar_ros/lib/python3.12/site-packages:/home/selqie/buoyancy/install/buoy_control/lib/python3.12/site-packages:/home/selqie/buoyancy/install/led/lib/python3.12/site-packages:/home/selqie/buoyancy/install/battery/lib/python3.12/site-packages:/opt/ros/jazzy/lib/python3.12/site-packages', 'COLCON': '1', 'CMAKE_PREFIX_PATH': '/home/selqie/buoyancy/install/motor_interfaces:/home/selqie/buoyancy/install/sensing_bringup:/home/selqie/buoyancy/install/bno08x_driver'}, 'shell': False}
[4.685877] (servo) Command: {'cmd': ['/usr/bin/python3', '-W', 'ignore:setup.py install is deprecated', '-W', 'ignore:easy_install command is deprecated', 'setup.py', 'egg_info', '--egg-base', '../build/servo', 'build', '--build-base', '/home/selqie/buoyancy/build/servo/build', 'install', '--record', '/home/selqie/buoyancy/build/servo/install.log', '--single-version-externally-managed', 'install_data'], 'cwd': '/home/selqie/buoyancy/servo', 'env': {'LESSOPEN': '| /usr/bin/lesspipe %s', 'USER': 'selqie', 'SSH_CLIENT': '192.168.1.109 51669 22', 'XDG_SESSION_TYPE': 'tty', 'SHLVL': '1', 'LD_LIBRARY_PATH': '/home/selqie/buoyancy/install/motor_interfaces/lib:/opt/ros/jazzy/lib/aarch64-linux-gnu:/opt/ros/jazzy/lib', 'HOME': '/home/selqie', 'OLDPWD': '/home/selqie', 'SSH_TTY': '/dev/pts/6', 'ROS_PYTHON_VERSION': '3', 'DBUS_SESSION_BUS_ADDRESS': 'unix:path=/run/user/1000/bus', 'COLCON_PREFIX_PATH': '/home/selqie/buoyancy/install', 'ROS_DISTRO': 'jazzy', 'LOGNAME': 'selqie', '_': '/usr/bin/colcon', 'ROS_VERSION': '2', 'XDG_SESSION_CLASS': 'user', 'TERM': 'xterm-256color', 'XDG_SESSION_ID': '1', 'PATH': '/home/selqie/.local/bin:/opt/ros/jazzy/bin:/usr/local/sbin:/usr/local/bin:/usr/sbin:/usr/bin:/sbin:/bin:/usr/games:/usr/local/games:/snap/bin', 'XDG_RUNTIME_DIR': '/run/user/1000', 'LANG': 'C.UTF-8', 'LS_COLORS': 'rs=0:di=01;34:ln=01;36:mh=00:pi=40;33:so=01;35:do=01;35:bd=40;33;01:cd=40;33;01:or=40;31;01:mi=00:su=37;41:sg=30;43:ca=00:tw=30;42:ow=34;42:st=37;44:ex=01;32:*.tar=01;31:*.tgz=01;31:*.arc=01;31:*.arj=01;31:*.taz=01;31:*.lha=01;31:*.lz4=01;31:*.lzh=01;31:*.lzma=01;31:*.tlz=01;31:*.txz=01;31:*.tzo=01;31:*.t7z=01;31:*.zip=01;31:*.z=01;31:*.dz=01;31:*.gz=01;31:*.lrz=01;31:*.lz=01;31:*.lzo=01;31:*.xz=01;31:*.zst=01;31:*.tzst=01;31:*.bz2=01;31:*.bz=01;31:*.tbz=01;31:*.tbz2=01;31:*.tz=01;31:*.deb=01;31:*.rpm=01;31:*.jar=01;31:*.war=01;31:*.ear=01;31:*.sar=01;31:*.rar=01;31:*.alz=01;31:*.ace=01;31:*.zoo=01;31:*.cpio=01;31:*.7z=01;31:*.rz=01;31:*.cab=01;31:*.wim=01;31:*.swm=01;31:*.dwm=01;31:*.esd=01;31:*.avif=01;35:*.jpg=01;35:*.jpeg=01;35:*.mjpg=01;35:*.mjpeg=01;35:*.gif=01;35:*.bmp=01;35:*.pbm=01;35:*.pgm=01;35:*.ppm=01;35:*.tga=01;35:*.xbm=01;35:*.xpm=01;35:*.tif=01;35:*.tiff=01;35:*.png=01;35:*.svg=01;35:*.svgz=01;35:*.mng=01;35:*.pcx=01;35:*.mov=01;35:*.mpg=01;35:*.mpeg=01;35:*.m2v=01;35:*.mkv=01;35:*.webm=01;35:*.webp=01;35:*.ogm=01;35:*.mp4=01;35:*.m4v=01;35:*.mp4v=01;35:*.vob=01;35:*.qt=01;35:*.nuv=01;35:*.wmv=01;35:*.asf=01;35:*.rm=01;35:*.rmvb=01;35:*.flc=01;35:*.avi=01;35:*.fli=01;35:*.flv=01;35:*.gl=01;35:*.dl=01;35:*.xcf=01;35:*.xwd=01;35:*.yuv=01;35:*.cgm=01;35:*.emf=01;35:*.ogv=01;35:*.ogx=01;35:*.aac=00;36:*.au=00;36:*.flac=00;36:*.m4a=00;36:*.mid=00;36:*.midi=00;36:*.mka=00;36:*.mp3=00;36:*.mpc=00;36:*.ogg=00;36:*.ra=00;36:*.wav=00;36:*.oga=00;36:*.opus=00;36:*.spx=00;36:*.xspf=00;36:*~=00;90:*#=00;90:*.bak=00;90:*.crdownload=00;90:*.dpkg-dist=00;90:*.dpkg-new=00;90:*.dpkg-old=00;90:*.dpkg-tmp=00;90:*.old=00;90:*.orig=00;90:*.part=00;90:*.rej=00;90:*.rpmnew=00;90:*.rpmorig=00;90:*.rpmsave=00;90:*.swp=00;90:*.tmp=00;90:*.ucf-dist=00;90:*.ucf-new=00;90:*.ucf-old=00;90:', 'AMENT_PREFIX_PATH': '/home/selqie/buoyancy/install/water_sensors:/home/selqie/buoyancy/install/servo:/home/selqie/buoyancy/install/sensing_bringup:/home/selqie/buoyancy/install/ms5837_bar_ros:/home/selqie/buoyancy/install/buoy_control:/home/selqie/buoyancy/install/motor_interfaces:/home/selqie/buoyancy/install/led:/home/selqie/buoyancy/install/bno08x_driver:/home/selqie/buoyancy/install/battery:/opt/ros/jazzy', 'SHELL': '/bin/bash', 'LESSCLOSE': '/usr/bin/lesspipe %s %s', 'ROS_AUTOMATIC_DISCOVERY_RANGE': 'SUBNET', 'PWD': '/home/selqie/buoyancy/build/servo', 'SSH_CONNECTION': '192.168.1.109 51669 192.168.1.160 22', 'XDG_DATA_DIRS': '/usr/local/share:/usr/share:/var/lib/snapd/desktop', 'PYTHONPATH': '/home/selqie/buoyancy/build/servo/prefix_override:/usr/lib/python3/dist-packages/colcon_core/task/python/colcon_distutils_commands:/home/selqie/buoyancy/install/servo/lib/python3.12/site-packages:/home/selqie/buoyancy/install/motor_interfaces/lib/python3.12/site-packages:/home/selqie/buoyancy/install/water_sensors/lib/python3.12/site-packages:/home/selqie/buoyancy/install/servo/lib/python3.12/site-packages:/home/selqie/buoyancy/install/ms5837_bar_ros/lib/python3.12/site-packages:/home/selqie/buoyancy/install/buoy_control/lib/python3.12/site-packages:/home/selqie/buoyancy/install/led/lib/python3.12/site-packages:/home/selqie/buoyancy/install/battery/lib/python3.12/site-packages:/opt/ros/jazzy/lib/python3.12/site-packages', 'COLCON': '1', 'CMAKE_PREFIX_PATH': '/home/selqie/buoyancy/install/motor_interfaces:/home/selqie/buoyancy/install/sensing_bringup:/home/selqie/buoyancy/install/bno08x_driver'}, 'shell': False}
[4.728134] (-) TimerEvent: {}
[4.828473] (-) TimerEvent: {}
[4.928890] (-) TimerEvent: {}
[5.010668] (buoy_control) StdoutLine: {'line': b'running egg_info\n'}
[5.028973] (-) TimerEvent: {}
[5.032827] (buoy_control) StdoutLine: {'line': b'writing ../build/buoy_control/buoy_control.egg-info/PKG-INFO\n'}
[5.033271] (buoy_control) StdoutLine: {'line': b'writing dependency_links to ../build/buoy_control/buoy_control.egg-info/dependency_links.txt\n'}
[5.034679] (buoy_control) StdoutLine: {'line': b'writing entry points to ../build/buoy_control/buoy_control.egg-info/entry_points.txt\n'}
[5.036046] (buoy_control) StdoutLine: {'line': b'writing requirements to ../build/buoy_control/buoy_control.egg-info/requires.txt\n'}
[5.036333] (servo) StdoutLine: {'line': b'running egg_info\n'}
[5.037482] (buoy_control) StdoutLine: {'line': b'writing top-level names to ../build/buoy_control/buoy_control.egg-info/top_level.txt\n'}
[5.058674] (servo) StdoutLine: {'line': b'writing ../build/servo/servo.egg-info/PKG-INFO\n'}
[5.059075] (servo) StdoutLine: {'line': b'writing dependency_links to ../build/servo/servo.egg-info/dependency_links.txt\n'}
[5.060745] (servo) StdoutLine: {'line': b'writing entry points to ../build/servo/servo.egg-info/entry_points.txt\n'}
[5.062211] (servo) StdoutLine: {'line': b'writing requirements to ../build/servo/servo.egg-info/requires.txt\n'}
[5.063703] (servo) StdoutLine: {'line': b'writing top-level names to ../build/servo/servo.egg-info/top_level.txt\n'}
[5.084237] (buoy_control) StdoutLine: {'line': b"reading manifest file '../build/buoy_control/buoy_control.egg-info/SOURCES.txt'\n"}
[5.084626] (buoy_control) StdoutLine: {'line': b"adding license file 'LICENSE'\n"}
[5.085408] (buoy_control) StdoutLine: {'line': b"writing manifest file '../build/buoy_control/buoy_control.egg-info/SOURCES.txt'\n"}
[5.085645] (buoy_control) StdoutLine: {'line': b'running build\n'}
[5.085765] (buoy_control) StdoutLine: {'line': b'running build_py\n'}
[5.086169] (buoy_control) StdoutLine: {'line': b'running install\n'}
[5.095590] (buoy_control) StdoutLine: {'line': b'running install_lib\n'}
[5.113039] (servo) StdoutLine: {'line': b"reading manifest file '../build/servo/servo.egg-info/SOURCES.txt'\n"}
[5.114017] (servo) StdoutLine: {'line': b"writing manifest file '../build/servo/servo.egg-info/SOURCES.txt'\n"}
[5.114248] (servo) StdoutLine: {'line': b'running build\n'}
[5.114368] (servo) StdoutLine: {'line': b'running build_py\n'}
[5.114708] (servo) StdoutLine: {'line': b'running install\n'}
[5.119121] (buoy_control) StdoutLine: {'line': b'running install_data\n'}
[5.119315] (buoy_control) StdoutLine: {'line': b'copying launch/timer_control.launch.py -> /home/selqie/buoyancy/install/buoy_control/share/buoy_control/launch\n'}
[5.119643] (buoy_control) StdoutLine: {'line': b'running install_egg_info\n'}
[5.124243] (servo) StdoutLine: {'line': b'running install_lib\n'}
[5.129035] (-) TimerEvent: {}
[5.144067] (buoy_control) StdoutLine: {'line': b"removing '/home/selqie/buoyancy/install/buoy_control/lib/python3.12/site-packages/buoy_control-0.0.0-py3.12.egg-info' (and everything under it)\n"}
[5.144524] (buoy_control) StdoutLine: {'line': b'Copying ../build/buoy_control/buoy_control.egg-info to /home/selqie/buoyancy/install/buoy_control/lib/python3.12/site-packages/buoy_control-0.0.0-py3.12.egg-info\n'}
[5.145742] (buoy_control) StdoutLine: {'line': b'running install_scripts\n'}
[5.147929] (servo) StdoutLine: {'line': b'running install_data\n'}
[5.148106] (servo) StdoutLine: {'line': b'running install_egg_info\n'}
[5.172862] (servo) StdoutLine: {'line': b"removing '/home/selqie/buoyancy/install/servo/lib/python3.12/site-packages/servo-0.1.0-py3.12.egg-info' (and everything under it)\n"}
[5.173352] (servo) StdoutLine: {'line': b'Copying ../build/servo/servo.egg-info to /home/selqie/buoyancy/install/servo/lib/python3.12/site-packages/servo-0.1.0-py3.12.egg-info\n'}
[5.174535] (servo) StdoutLine: {'line': b'running install_scripts\n'}
[5.229121] (-) TimerEvent: {}
[5.305605] (buoy_control) StdoutLine: {'line': b'Installing button_control_node script to /home/selqie/buoyancy/install/buoy_control/lib/buoy_control\n'}
[5.305966] (buoy_control) StdoutLine: {'line': b'Installing timer_control_node script to /home/selqie/buoyancy/install/buoy_control/lib/buoy_control\n'}
[5.307087] (buoy_control) StdoutLine: {'line': b"writing list of installed files to '/home/selqie/buoyancy/build/buoy_control/install.log'\n"}
[5.329225] (-) TimerEvent: {}
[5.338534] (servo) StdoutLine: {'line': b'Installing servo_motor_node script to /home/selqie/buoyancy/install/servo/lib/servo\n'}
[5.339302] (servo) StdoutLine: {'line': b"writing list of installed files to '/home/selqie/buoyancy/build/servo/install.log'\n"}
[5.412555] (buoy_control) CommandEnded: {'returncode': 0}
[5.427162] (buoy_control) JobEnded: {'identifier': 'buoy_control', 'rc': 0}
[5.429301] (-) TimerEvent: {}
[5.444491] (servo) CommandEnded: {'returncode': 0}
[5.460625] (servo) JobEnded: {'identifier': 'servo', 'rc': 0}
[5.461774] (-) EventReactorShutdown: {}
