[0.000000] (-) TimerEvent: {}
[0.000336] (battery) JobQueued: {'identifier': 'battery', 'dependencies': OrderedDict()}
[0.000376] (bno08x_driver) JobQueued: {'identifier': 'bno08x_driver', 'dependencies': OrderedDict()}
[0.000399] (led) JobQueued: {'identifier': 'led', 'dependencies': OrderedDict()}
[0.000418] (motor_interfaces) JobQueued: {'identifier': 'motor_interfaces', 'dependencies': OrderedDict()}
[0.000435] (ms5837_bar_ros) JobQueued: {'identifier': 'ms5837_bar_ros', 'dependencies': OrderedDict()}
[0.000453] (sensing_bringup) JobQueued: {'identifier': 'sensing_bringup', 'dependencies': OrderedDict()}
[0.000469] (water_sensors) JobQueued: {'identifier': 'water_sensors', 'dependencies': OrderedDict()}
[0.000485] (buoy_control) JobQueued: {'identifier': 'buoy_control', 'dependencies': OrderedDict({'motor_interfaces': '/home/selqie/buoyancy/install/motor_interfaces'})}
[0.000508] (servo) JobQueued: {'identifier': 'servo', 'dependencies': OrderedDict({'motor_interfaces': '/home/selqie/buoyancy/install/motor_interfaces'})}
[0.000808] (motor_interfaces) JobStarted: {'identifier': 'motor_interfaces'}
[0.013960] (battery) JobStarted: {'identifier': 'battery'}
[0.026396] (bno08x_driver) JobStarted: {'identifier': 'bno08x_driver'}
[0.032455] (led) JobStarted: {'identifier': 'led'}
[0.042773] (motor_interfaces) JobProgress: {'identifier': 'motor_interfaces', 'progress': 'cmake'}
[0.045822] (motor_interfaces) JobProgress: {'identifier': 'motor_interfaces', 'progress': 'build'}
[0.046738] (motor_interfaces) Command: {'cmd': ['/usr/bin/cmake', '--build', '/home/selqie/buoyancy/build/motor_interfaces', '--', '-j4', '-l4'], 'cwd': '/home/selqie/buoyancy/build/motor_interfaces', 'env': OrderedDict({'LESSOPEN': '| /usr/bin/lesspipe %s', 'USER': 'selqie', 'SSH_CLIENT': '192.168.1.109 51669 22', 'XDG_SESSION_TYPE': 'tty', 'SHLVL': '1', 'LD_LIBRARY_PATH': '/home/selqie/buoyancy/install/motor_interfaces/lib:/opt/ros/jazzy/lib/aarch64-linux-gnu:/opt/ros/jazzy/lib', 'HOME': '/home/selqie', 'OLDPWD': '/home/selqie', 'SSH_TTY': '/dev/pts/6', 'ROS_PYTHON_VERSION': '3', 'DBUS_SESSION_BUS_ADDRESS': 'unix:path=/run/user/1000/bus', 'COLCON_PREFIX_PATH': '/home/selqie/buoyancy/install', 'ROS_DISTRO': 'jazzy', 'LOGNAME': 'selqie', '_': '/usr/bin/colcon', 'ROS_VERSION': '2', 'XDG_SESSION_CLASS': 'user', 'TERM': 'xterm-256color', 'XDG_SESSION_ID': '1', 'PATH': '/home/selqie/.local/bin:/opt/ros/jazzy/bin:/usr/local/sbin:/usr/local/bin:/usr/sbin:/usr/bin:/sbin:/bin:/usr/games:/usr/local/games:/snap/bin', 'XDG_RUNTIME_DIR': '/run/user/1000', 'LANG': 'C.UTF-8', 'LS_COLORS': 'rs=0:di=01;34:ln=01;36:mh=00:pi=40;33:so=01;35:do=01;35:bd=40;33;01:cd=40;33;01:or=40;31;01:mi=00:su=37;41:sg=30;43:ca=00:tw=30;42:ow=34;42:st=37;44:ex=01;32:*.tar=01;31:*.tgz=01;31:*.arc=01;31:*.arj=01;31:*.taz=01;31:*.lha=01;31:*.lz4=01;31:*.lzh=01;31:*.lzma=01;31:*.tlz=01;31:*.txz=01;31:*.tzo=01;31:*.t7z=01;31:*.zip=01;31:*.z=01;31:*.dz=01;31:*.gz=01;31:*.lrz=01;31:*.lz=01;31:*.lzo=01;31:*.xz=01;31:*.zst=01;31:*.tzst=01;31:*.bz2=01;31:*.bz=01;31:*.tbz=01;31:*.tbz2=01;31:*.tz=01;31:*.deb=01;31:*.rpm=01;31:*.jar=01;31:*.war=01;31:*.ear=01;31:*.sar=01;31:*.rar=01;31:*.alz=01;31:*.ace=01;31:*.zoo=01;31:*.cpio=01;31:*.7z=01;31:*.rz=01;31:*.cab=01;31:*.wim=01;31:*.swm=01;31:*.dwm=01;31:*.esd=01;31:*.avif=01;35:*.jpg=01;35:*.jpeg=01;35:*.mjpg=01;35:*.mjpeg=01;35:*.gif=01;35:*.bmp=01;35:*.pbm=01;35:*.pgm=01;35:*.ppm=01;35:*.tga=01;35:*.xbm=01;35:*.xpm=01;35:*.tif=01;35:*.tiff=01;35:*.png=01;35:*.svg=01;35:*.svgz=01;35:*.mng=01;35:*.pcx=01;35:*.mov=01;35:*.mpg=01;35:*.mpeg=01;35:*.m2v=01;35:*.mkv=01;35:*.webm=01;35:*.webp=01;35:*.ogm=01;35:*.mp4=01;35:*.m4v=01;35:*.mp4v=01;35:*.vob=01;35:*.qt=01;35:*.nuv=01;35:*.wmv=01;35:*.asf=01;35:*.rm=01;35:*.rmvb=01;35:*.flc=01;35:*.avi=01;35:*.fli=01;35:*.flv=01;35:*.gl=01;35:*.dl=01;35:*.xcf=01;35:*.xwd=01;35:*.yuv=01;35:*.cgm=01;35:*.emf=01;35:*.ogv=01;35:*.ogx=01;35:*.aac=00;36:*.au=00;36:*.flac=00;36:*.m4a=00;36:*.mid=00;36:*.midi=00;36:*.mka=00;36:*.mp3=00;36:*.mpc=00;36:*.ogg=00;36:*.ra=00;36:*.wav=00;36:*.oga=00;36:*.opus=00;36:*.spx=00;36:*.xspf=00;36:*~=00;90:*#=00;90:*.bak=00;90:*.crdownload=00;90:*.dpkg-dist=00;90:*.dpkg-new=00;90:*.dpkg-old=00;90:*.dpkg-tmp=00;90:*.old=00;90:*.orig=00;90:*.part=00;90:*.rej=00;90:*.rpmnew=00;90:*.rpmorig=00;90:*.rpmsave=00;90:*.swp=00;90:*.tmp=00;90:*.ucf-dist=00;90:*.ucf-new=00;90:*.ucf-old=00;90:', 'AMENT_PREFIX_PATH': '/home/selqie/buoyancy/install/water_sensors:/home/selqie/buoyancy/install/servo:/home/selqie/buoyancy/install/sensing_bringup:/home/selqie/buoyancy/install/ms5837_bar_ros:/home/selqie/buoyancy/install/buoy_control:/home/selqie/buoyancy/install/motor_interfaces:/home/selqie/buoyancy/install/led:/home/selqie/buoyancy/install/bno08x_driver:/home/selqie/buoyancy/install/battery:/opt/ros/jazzy', 'SHELL': '/bin/bash', 'LESSCLOSE': '/usr/bin/lesspipe %s %s', 'ROS_AUTOMATIC_DISCOVERY_RANGE': 'SUBNET', 'PWD': '/home/selqie/buoyancy/build/motor_interfaces', 'SSH_CONNECTION': '192.168.1.109 51669 192.168.1.160 22', 'XDG_DATA_DIRS': '/usr/local/share:/usr/share:/var/lib/snapd/desktop', 'PYTHONPATH': '/home/selqie/buoyancy/install/water_sensors/lib/python3.12/site-packages:/home/selqie/buoyancy/install/servo/lib/python3.12/site-packages:/home/selqie/buoyancy/install/ms5837_bar_ros/lib/python3.12/site-packages:/home/selqie/buoyancy/install/buoy_control/lib/python3.12/site-packages:/home/selqie/buoyancy/install/motor_interfaces/lib/python3.12/site-packages:/home/selqie/buoyancy/install/led/lib/python3.12/site-packages:/home/selqie/buoyancy/install/battery/lib/python3.12/site-packages:/opt/ros/jazzy/lib/python3.12/site-packages', 'COLCON': '1', 'CMAKE_PREFIX_PATH': '/home/selqie/buoyancy/install/sensing_bringup:/home/selqie/buoyancy/install/motor_interfaces:/home/selqie/buoyancy/install/bno08x_driver:/home/selqie/buoyancy/install/water_sensors:/home/selqie/buoyancy/install/servo:/home/selqie/buoyancy/install/ms5837_bar_ros:/home/selqie/buoyancy/install/buoy_control:/home/selqie/buoyancy/install/led:/home/selqie/buoyancy/install/battery:/opt/ros/jazzy'}), 'shell': False}
[0.099608] (-) TimerEvent: {}
[0.200039] (-) TimerEvent: {}
[0.301236] (-) TimerEvent: {}
[0.401738] (-) TimerEvent: {}
[0.432530] (bno08x_driver) JobProgress: {'identifier': 'bno08x_driver', 'progress': 'cmake'}
[0.438874] (bno08x_driver) JobProgress: {'identifier': 'bno08x_driver', 'progress': 'build'}
[0.439469] (bno08x_driver) Command: {'cmd': ['/usr/bin/cmake', '--build', '/home/selqie/buoyancy/build/bno08x_driver', '--', '-j4', '-l4'], 'cwd': '/home/selqie/buoyancy/build/bno08x_driver', 'env': OrderedDict({'LESSOPEN': '| /usr/bin/lesspipe %s', 'USER': 'selqie', 'SSH_CLIENT': '192.168.1.109 51669 22', 'XDG_SESSION_TYPE': 'tty', 'SHLVL': '1', 'LD_LIBRARY_PATH': '/home/selqie/buoyancy/install/motor_interfaces/lib:/opt/ros/jazzy/lib/aarch64-linux-gnu:/opt/ros/jazzy/lib', 'HOME': '/home/selqie', 'OLDPWD': '/home/selqie', 'SSH_TTY': '/dev/pts/6', 'ROS_PYTHON_VERSION': '3', 'DBUS_SESSION_BUS_ADDRESS': 'unix:path=/run/user/1000/bus', 'COLCON_PREFIX_PATH': '/home/selqie/buoyancy/install', 'ROS_DISTRO': 'jazzy', 'LOGNAME': 'selqie', '_': '/usr/bin/colcon', 'ROS_VERSION': '2', 'XDG_SESSION_CLASS': 'user', 'TERM': 'xterm-256color', 'XDG_SESSION_ID': '1', 'PATH': '/home/selqie/.local/bin:/opt/ros/jazzy/bin:/usr/local/sbin:/usr/local/bin:/usr/sbin:/usr/bin:/sbin:/bin:/usr/games:/usr/local/games:/snap/bin', 'XDG_RUNTIME_DIR': '/run/user/1000', 'LANG': 'C.UTF-8', 'LS_COLORS': 'rs=0:di=01;34:ln=01;36:mh=00:pi=40;33:so=01;35:do=01;35:bd=40;33;01:cd=40;33;01:or=40;31;01:mi=00:su=37;41:sg=30;43:ca=00:tw=30;42:ow=34;42:st=37;44:ex=01;32:*.tar=01;31:*.tgz=01;31:*.arc=01;31:*.arj=01;31:*.taz=01;31:*.lha=01;31:*.lz4=01;31:*.lzh=01;31:*.lzma=01;31:*.tlz=01;31:*.txz=01;31:*.tzo=01;31:*.t7z=01;31:*.zip=01;31:*.z=01;31:*.dz=01;31:*.gz=01;31:*.lrz=01;31:*.lz=01;31:*.lzo=01;31:*.xz=01;31:*.zst=01;31:*.tzst=01;31:*.bz2=01;31:*.bz=01;31:*.tbz=01;31:*.tbz2=01;31:*.tz=01;31:*.deb=01;31:*.rpm=01;31:*.jar=01;31:*.war=01;31:*.ear=01;31:*.sar=01;31:*.rar=01;31:*.alz=01;31:*.ace=01;31:*.zoo=01;31:*.cpio=01;31:*.7z=01;31:*.rz=01;31:*.cab=01;31:*.wim=01;31:*.swm=01;31:*.dwm=01;31:*.esd=01;31:*.avif=01;35:*.jpg=01;35:*.jpeg=01;35:*.mjpg=01;35:*.mjpeg=01;35:*.gif=01;35:*.bmp=01;35:*.pbm=01;35:*.pgm=01;35:*.ppm=01;35:*.tga=01;35:*.xbm=01;35:*.xpm=01;35:*.tif=01;35:*.tiff=01;35:*.png=01;35:*.svg=01;35:*.svgz=01;35:*.mng=01;35:*.pcx=01;35:*.mov=01;35:*.mpg=01;35:*.mpeg=01;35:*.m2v=01;35:*.mkv=01;35:*.webm=01;35:*.webp=01;35:*.ogm=01;35:*.mp4=01;35:*.m4v=01;35:*.mp4v=01;35:*.vob=01;35:*.qt=01;35:*.nuv=01;35:*.wmv=01;35:*.asf=01;35:*.rm=01;35:*.rmvb=01;35:*.flc=01;35:*.avi=01;35:*.fli=01;35:*.flv=01;35:*.gl=01;35:*.dl=01;35:*.xcf=01;35:*.xwd=01;35:*.yuv=01;35:*.cgm=01;35:*.emf=01;35:*.ogv=01;35:*.ogx=01;35:*.aac=00;36:*.au=00;36:*.flac=00;36:*.m4a=00;36:*.mid=00;36:*.midi=00;36:*.mka=00;36:*.mp3=00;36:*.mpc=00;36:*.ogg=00;36:*.ra=00;36:*.wav=00;36:*.oga=00;36:*.opus=00;36:*.spx=00;36:*.xspf=00;36:*~=00;90:*#=00;90:*.bak=00;90:*.crdownload=00;90:*.dpkg-dist=00;90:*.dpkg-new=00;90:*.dpkg-old=00;90:*.dpkg-tmp=00;90:*.old=00;90:*.orig=00;90:*.part=00;90:*.rej=00;90:*.rpmnew=00;90:*.rpmorig=00;90:*.rpmsave=00;90:*.swp=00;90:*.tmp=00;90:*.ucf-dist=00;90:*.ucf-new=00;90:*.ucf-old=00;90:', 'AMENT_PREFIX_PATH': '/home/selqie/buoyancy/install/water_sensors:/home/selqie/buoyancy/install/servo:/home/selqie/buoyancy/install/sensing_bringup:/home/selqie/buoyancy/install/ms5837_bar_ros:/home/selqie/buoyancy/install/buoy_control:/home/selqie/buoyancy/install/motor_interfaces:/home/selqie/buoyancy/install/led:/home/selqie/buoyancy/install/bno08x_driver:/home/selqie/buoyancy/install/battery:/opt/ros/jazzy', 'SHELL': '/bin/bash', 'LESSCLOSE': '/usr/bin/lesspipe %s %s', 'ROS_AUTOMATIC_DISCOVERY_RANGE': 'SUBNET', 'PWD': '/home/selqie/buoyancy/build/bno08x_driver', 'SSH_CONNECTION': '192.168.1.109 51669 192.168.1.160 22', 'XDG_DATA_DIRS': '/usr/local/share:/usr/share:/var/lib/snapd/desktop', 'PYTHONPATH': '/home/selqie/buoyancy/install/water_sensors/lib/python3.12/site-packages:/home/selqie/buoyancy/install/servo/lib/python3.12/site-packages:/home/selqie/buoyancy/install/ms5837_bar_ros/lib/python3.12/site-packages:/home/selqie/buoyancy/install/buoy_control/lib/python3.12/site-packages:/home/selqie/buoyancy/install/motor_interfaces/lib/python3.12/site-packages:/home/selqie/buoyancy/install/led/lib/python3.12/site-packages:/home/selqie/buoyancy/install/battery/lib/python3.12/site-packages:/opt/ros/jazzy/lib/python3.12/site-packages', 'COLCON': '1', 'CMAKE_PREFIX_PATH': '/home/selqie/buoyancy/install/sensing_bringup:/home/selqie/buoyancy/install/motor_interfaces:/home/selqie/buoyancy/install/bno08x_driver:/home/selqie/buoyancy/install/water_sensors:/home/selqie/buoyancy/install/servo:/home/selqie/buoyancy/install/ms5837_bar_ros:/home/selqie/buoyancy/install/buoy_control:/home/selqie/buoyancy/install/led:/home/selqie/buoyancy/install/battery:/opt/ros/jazzy'}), 'shell': False}
[0.447929] (motor_interfaces) StdoutLine: {'line': b'[  2%] Built target motor_interfaces__rosidl_generator_type_description\n'}
[0.449601] (motor_interfaces) StdoutLine: {'line': b'[  2%] Built target ament_cmake_python_copy_motor_interfaces\n'}
[0.450067] (motor_interfaces) StdoutLine: {'line': b'[  5%] Built target motor_interfaces__cpp\n'}
[0.451078] (motor_interfaces) StdoutLine: {'line': b'[ 20%] Built target motor_interfaces__rosidl_generator_c\n'}
[0.503180] (-) TimerEvent: {}
[0.505149] (motor_interfaces) StdoutLine: {'line': b'[ 29%] Built target motor_interfaces__rosidl_typesupport_introspection_cpp\n'}
[0.508534] (motor_interfaces) StdoutLine: {'line': b'[ 38%] Built target motor_interfaces__rosidl_typesupport_cpp\n'}
[0.512350] (motor_interfaces) StdoutLine: {'line': b'[ 47%] Built target motor_interfaces__rosidl_typesupport_fastrtps_cpp\n'}
[0.594816] (motor_interfaces) StdoutLine: {'line': b'[ 55%] Built target motor_interfaces__rosidl_typesupport_c\n'}
[0.601636] (motor_interfaces) StdoutLine: {'line': b'[ 64%] Built target motor_interfaces__rosidl_typesupport_introspection_c\n'}
[0.603282] (-) TimerEvent: {}
[0.624455] (motor_interfaces) StdoutLine: {'line': b'[ 73%] Built target motor_interfaces__rosidl_typesupport_fastrtps_c\n'}
[0.666211] (bno08x_driver) StdoutLine: {'line': b'[ 27%] Built target sh2_library\n'}
[0.690231] (bno08x_driver) StdoutLine: {'line': b'[ 50%] Built target gmock_main\n'}
[0.695139] (bno08x_driver) StdoutLine: {'line': b'[ 55%] Built target gmock\n'}
[0.701981] (motor_interfaces) StdoutLine: {'line': b'[ 73%] Built target motor_interfaces\n'}
[0.703384] (-) TimerEvent: {}
[0.784068] (bno08x_driver) StdoutLine: {'line': b'[ 66%] Built target test_i2c_mock\n'}
[0.787295] (motor_interfaces) StdoutLine: {'line': b'[ 76%] Built target motor_interfaces__py\n'}
[0.791984] (bno08x_driver) StdoutLine: {'line': b'[ 77%] Built target test_watchdog\n'}
[0.806114] (-) TimerEvent: {}
[0.815966] (bno08x_driver) StdoutLine: {'line': b'[100%] Built target bno08x_driver\n'}
[0.817350] (motor_interfaces) StdoutLine: {'line': b'running egg_info\n'}
[0.842730] (motor_interfaces) StdoutLine: {'line': b'[ 82%] Built target motor_interfaces__rosidl_generator_py\n'}
[0.848259] (motor_interfaces) StdoutLine: {'line': b'writing motor_interfaces.egg-info/PKG-INFO\n'}
[0.848588] (motor_interfaces) StdoutLine: {'line': b'writing dependency_links to motor_interfaces.egg-info/dependency_links.txt\n'}
[0.848729] (motor_interfaces) StdoutLine: {'line': b'writing top-level names to motor_interfaces.egg-info/top_level.txt\n'}
[0.906225] (-) TimerEvent: {}
[0.926285] (motor_interfaces) StdoutLine: {'line': b'[ 88%] Built target motor_interfaces_s__rosidl_typesupport_introspection_c\n'}
[0.929627] (motor_interfaces) StdoutLine: {'line': b'[ 94%] Built target motor_interfaces_s__rosidl_typesupport_c\n'}
[0.930837] (motor_interfaces) StdoutLine: {'line': b'[100%] Built target motor_interfaces_s__rosidl_typesupport_fastrtps_c\n'}
[0.957924] (motor_interfaces) StdoutLine: {'line': b"reading manifest file 'motor_interfaces.egg-info/SOURCES.txt'\n"}
[0.963102] (motor_interfaces) StdoutLine: {'line': b"writing manifest file 'motor_interfaces.egg-info/SOURCES.txt'\n"}
[0.968637] (bno08x_driver) CommandEnded: {'returncode': 0}
[0.971952] (bno08x_driver) JobProgress: {'identifier': 'bno08x_driver', 'progress': 'install'}
[0.995164] (bno08x_driver) Command: {'cmd': ['/usr/bin/cmake', '--install', '/home/selqie/buoyancy/build/bno08x_driver'], 'cwd': '/home/selqie/buoyancy/build/bno08x_driver', 'env': OrderedDict({'LESSOPEN': '| /usr/bin/lesspipe %s', 'USER': 'selqie', 'SSH_CLIENT': '192.168.1.109 51669 22', 'XDG_SESSION_TYPE': 'tty', 'SHLVL': '1', 'LD_LIBRARY_PATH': '/home/selqie/buoyancy/install/motor_interfaces/lib:/opt/ros/jazzy/lib/aarch64-linux-gnu:/opt/ros/jazzy/lib', 'HOME': '/home/selqie', 'OLDPWD': '/home/selqie', 'SSH_TTY': '/dev/pts/6', 'ROS_PYTHON_VERSION': '3', 'DBUS_SESSION_BUS_ADDRESS': 'unix:path=/run/user/1000/bus', 'COLCON_PREFIX_PATH': '/home/selqie/buoyancy/install', 'ROS_DISTRO': 'jazzy', 'LOGNAME': 'selqie', '_': '/usr/bin/colcon', 'ROS_VERSION': '2', 'XDG_SESSION_CLASS': 'user', 'TERM': 'xterm-256color', 'XDG_SESSION_ID': '1', 'PATH': '/home/selqie/.local/bin:/opt/ros/jazzy/bin:/usr/local/sbin:/usr/local/bin:/usr/sbin:/usr/bin:/sbin:/bin:/usr/games:/usr/local/games:/snap/bin', 'XDG_RUNTIME_DIR': '/run/user/1000', 'LANG': 'C.UTF-8', 'LS_COLORS': 'rs=0:di=01;34:ln=01;36:mh=00:pi=40;33:so=01;35:do=01;35:bd=40;33;01:cd=40;33;01:or=40;31;01:mi=00:su=37;41:sg=30;43:ca=00:tw=30;42:ow=34;42:st=37;44:ex=01;32:*.tar=01;31:*.tgz=01;31:*.arc=01;31:*.arj=01;31:*.taz=01;31:*.lha=01;31:*.lz4=01;31:*.lzh=01;31:*.lzma=01;31:*.tlz=01;31:*.txz=01;31:*.tzo=01;31:*.t7z=01;31:*.zip=01;31:*.z=01;31:*.dz=01;31:*.gz=01;31:*.lrz=01;31:*.lz=01;31:*.lzo=01;31:*.xz=01;31:*.zst=01;31:*.tzst=01;31:*.bz2=01;31:*.bz=01;31:*.tbz=01;31:*.tbz2=01;31:*.tz=01;31:*.deb=01;31:*.rpm=01;31:*.jar=01;31:*.war=01;31:*.ear=01;31:*.sar=01;31:*.rar=01;31:*.alz=01;31:*.ace=01;31:*.zoo=01;31:*.cpio=01;31:*.7z=01;31:*.rz=01;31:*.cab=01;31:*.wim=01;31:*.swm=01;31:*.dwm=01;31:*.esd=01;31:*.avif=01;35:*.jpg=01;35:*.jpeg=01;35:*.mjpg=01;35:*.mjpeg=01;35:*.gif=01;35:*.bmp=01;35:*.pbm=01;35:*.pgm=01;35:*.ppm=01;35:*.tga=01;35:*.xbm=01;35:*.xpm=01;35:*.tif=01;35:*.tiff=01;35:*.png=01;35:*.svg=01;35:*.svgz=01;35:*.mng=01;35:*.pcx=01;35:*.mov=01;35:*.mpg=01;35:*.mpeg=01;35:*.m2v=01;35:*.mkv=01;35:*.webm=01;35:*.webp=01;35:*.ogm=01;35:*.mp4=01;35:*.m4v=01;35:*.mp4v=01;35:*.vob=01;35:*.qt=01;35:*.nuv=01;35:*.wmv=01;35:*.asf=01;35:*.rm=01;35:*.rmvb=01;35:*.flc=01;35:*.avi=01;35:*.fli=01;35:*.flv=01;35:*.gl=01;35:*.dl=01;35:*.xcf=01;35:*.xwd=01;35:*.yuv=01;35:*.cgm=01;35:*.emf=01;35:*.ogv=01;35:*.ogx=01;35:*.aac=00;36:*.au=00;36:*.flac=00;36:*.m4a=00;36:*.mid=00;36:*.midi=00;36:*.mka=00;36:*.mp3=00;36:*.mpc=00;36:*.ogg=00;36:*.ra=00;36:*.wav=00;36:*.oga=00;36:*.opus=00;36:*.spx=00;36:*.xspf=00;36:*~=00;90:*#=00;90:*.bak=00;90:*.crdownload=00;90:*.dpkg-dist=00;90:*.dpkg-new=00;90:*.dpkg-old=00;90:*.dpkg-tmp=00;90:*.old=00;90:*.orig=00;90:*.part=00;90:*.rej=00;90:*.rpmnew=00;90:*.rpmorig=00;90:*.rpmsave=00;90:*.swp=00;90:*.tmp=00;90:*.ucf-dist=00;90:*.ucf-new=00;90:*.ucf-old=00;90:', 'AMENT_PREFIX_PATH': '/home/selqie/buoyancy/install/water_sensors:/home/selqie/buoyancy/install/servo:/home/selqie/buoyancy/install/sensing_bringup:/home/selqie/buoyancy/install/ms5837_bar_ros:/home/selqie/buoyancy/install/buoy_control:/home/selqie/buoyancy/install/motor_interfaces:/home/selqie/buoyancy/install/led:/home/selqie/buoyancy/install/bno08x_driver:/home/selqie/buoyancy/install/battery:/opt/ros/jazzy', 'SHELL': '/bin/bash', 'LESSCLOSE': '/usr/bin/lesspipe %s %s', 'ROS_AUTOMATIC_DISCOVERY_RANGE': 'SUBNET', 'PWD': '/home/selqie/buoyancy/build/bno08x_driver', 'SSH_CONNECTION': '192.168.1.109 51669 192.168.1.160 22', 'XDG_DATA_DIRS': '/usr/local/share:/usr/share:/var/lib/snapd/desktop', 'PYTHONPATH': '/home/selqie/buoyancy/install/water_sensors/lib/python3.12/site-packages:/home/selqie/buoyancy/install/servo/lib/python3.12/site-packages:/home/selqie/buoyancy/install/ms5837_bar_ros/lib/python3.12/site-packages:/home/selqie/buoyancy/install/buoy_control/lib/python3.12/site-packages:/home/selqie/buoyancy/install/motor_interfaces/lib/python3.12/site-packages:/home/selqie/buoyancy/install/led/lib/python3.12/site-packages:/home/selqie/buoyancy/install/battery/lib/python3.12/site-packages:/opt/ros/jazzy/lib/python3.12/site-packages', 'COLCON': '1', 'CMAKE_PREFIX_PATH': '/home/selqie/buoyancy/install/sensing_bringup:/home/selqie/buoyancy/install/motor_interfaces:/home/selqie/buoyancy/install/bno08x_driver:/home/selqie/buoyancy/install/water_sensors:/home/selqie/buoyancy/install/servo:/home/selqie/buoyancy/install/ms5837_bar_ros:/home/selqie/buoyancy/install/buoy_control:/home/selqie/buoyancy/install/led:/home/selqie/buoyancy/install/battery:/opt/ros/jazzy'}), 'shell': False}
[1.008133] (-) TimerEvent: {}
[1.017576] (bno08x_driver) StdoutLine: {'line': b'-- Install configuration: ""\n'}
[1.021302] (bno08x_driver) StdoutLine: {'line': b'-- Up-to-date: /home/selqie/buoyancy/install/bno08x_driver/lib/bno08x_driver/bno08x_driver\n'}
[1.022801] (bno08x_driver) StdoutLine: {'line': b'-- Up-to-date: /home/selqie/buoyancy/install/bno08x_driver/share/bno08x_driver/config\n'}
[1.024356] (bno08x_driver) StdoutLine: {'line': b'-- Up-to-date: /home/selqie/buoyancy/install/bno08x_driver/share/bno08x_driver/config/bno085_i2c.yaml\n'}
[1.026730] (bno08x_driver) StdoutLine: {'line': b'-- Up-to-date: /home/selqie/buoyancy/install/bno08x_driver/share/bno08x_driver/launch\n'}
[1.027271] (bno08x_driver) StdoutLine: {'line': b'-- Up-to-date: /home/selqie/buoyancy/install/bno08x_driver/share/bno08x_driver/launch/bno085_i2c.launch.py\n'}
[1.027511] (bno08x_driver) StdoutLine: {'line': b'-- Up-to-date: /home/selqie/buoyancy/install/bno08x_driver/share/ament_index/resource_index/package_run_dependencies/bno08x_driver\n'}
[1.027707] (bno08x_driver) StdoutLine: {'line': b'-- Up-to-date: /home/selqie/buoyancy/install/bno08x_driver/share/ament_index/resource_index/parent_prefix_path/bno08x_driver\n'}
[1.027893] (bno08x_driver) StdoutLine: {'line': b'-- Up-to-date: /home/selqie/buoyancy/install/bno08x_driver/share/bno08x_driver/environment/ament_prefix_path.sh\n'}
[1.028145] (bno08x_driver) StdoutLine: {'line': b'-- Up-to-date: /home/selqie/buoyancy/install/bno08x_driver/share/bno08x_driver/environment/ament_prefix_path.dsv\n'}
[1.028330] (bno08x_driver) StdoutLine: {'line': b'-- Up-to-date: /home/selqie/buoyancy/install/bno08x_driver/share/bno08x_driver/environment/path.sh\n'}
[1.028458] (bno08x_driver) StdoutLine: {'line': b'-- Up-to-date: /home/selqie/buoyancy/install/bno08x_driver/share/bno08x_driver/environment/path.dsv\n'}
[1.028566] (bno08x_driver) StdoutLine: {'line': b'-- Up-to-date: /home/selqie/buoyancy/install/bno08x_driver/share/bno08x_driver/local_setup.bash\n'}
[1.028677] (bno08x_driver) StdoutLine: {'line': b'-- Up-to-date: /home/selqie/buoyancy/install/bno08x_driver/share/bno08x_driver/local_setup.sh\n'}
[1.028771] (bno08x_driver) StdoutLine: {'line': b'-- Up-to-date: /home/selqie/buoyancy/install/bno08x_driver/share/bno08x_driver/local_setup.zsh\n'}
[1.030009] (bno08x_driver) StdoutLine: {'line': b'-- Up-to-date: /home/selqie/buoyancy/install/bno08x_driver/share/bno08x_driver/local_setup.dsv\n'}
[1.030341] (bno08x_driver) StdoutLine: {'line': b'-- Installing: /home/selqie/buoyancy/install/bno08x_driver/share/bno08x_driver/package.dsv\n'}
[1.030491] (bno08x_driver) StdoutLine: {'line': b'-- Up-to-date: /home/selqie/buoyancy/install/bno08x_driver/share/ament_index/resource_index/packages/bno08x_driver\n'}
[1.030628] (bno08x_driver) StdoutLine: {'line': b'-- Up-to-date: /home/selqie/buoyancy/install/bno08x_driver/share/bno08x_driver/cmake/bno08x_driverConfig.cmake\n'}
[1.030749] (bno08x_driver) StdoutLine: {'line': b'-- Up-to-date: /home/selqie/buoyancy/install/bno08x_driver/share/bno08x_driver/cmake/bno08x_driverConfig-version.cmake\n'}
[1.030869] (bno08x_driver) StdoutLine: {'line': b'-- Up-to-date: /home/selqie/buoyancy/install/bno08x_driver/share/bno08x_driver/package.xml\n'}
[1.035280] (bno08x_driver) CommandEnded: {'returncode': 0}
[1.082797] (motor_interfaces) StdoutLine: {'line': b'[100%] Built target ament_cmake_python_build_motor_interfaces_egg\n'}
[1.099715] (bno08x_driver) JobEnded: {'identifier': 'bno08x_driver', 'rc': 0}
[1.103261] (ms5837_bar_ros) JobStarted: {'identifier': 'ms5837_bar_ros'}
[1.108549] (-) TimerEvent: {}
[1.113873] (motor_interfaces) CommandEnded: {'returncode': 0}
[1.118547] (motor_interfaces) JobProgress: {'identifier': 'motor_interfaces', 'progress': 'install'}
[1.118647] (motor_interfaces) Command: {'cmd': ['/usr/bin/cmake', '--install', '/home/selqie/buoyancy/build/motor_interfaces'], 'cwd': '/home/selqie/buoyancy/build/motor_interfaces', 'env': OrderedDict({'LESSOPEN': '| /usr/bin/lesspipe %s', 'USER': 'selqie', 'SSH_CLIENT': '192.168.1.109 51669 22', 'XDG_SESSION_TYPE': 'tty', 'SHLVL': '1', 'LD_LIBRARY_PATH': '/home/selqie/buoyancy/install/motor_interfaces/lib:/opt/ros/jazzy/lib/aarch64-linux-gnu:/opt/ros/jazzy/lib', 'HOME': '/home/selqie', 'OLDPWD': '/home/selqie', 'SSH_TTY': '/dev/pts/6', 'ROS_PYTHON_VERSION': '3', 'DBUS_SESSION_BUS_ADDRESS': 'unix:path=/run/user/1000/bus', 'COLCON_PREFIX_PATH': '/home/selqie/buoyancy/install', 'ROS_DISTRO': 'jazzy', 'LOGNAME': 'selqie', '_': '/usr/bin/colcon', 'ROS_VERSION': '2', 'XDG_SESSION_CLASS': 'user', 'TERM': 'xterm-256color', 'XDG_SESSION_ID': '1', 'PATH': '/home/selqie/.local/bin:/opt/ros/jazzy/bin:/usr/local/sbin:/usr/local/bin:/usr/sbin:/usr/bin:/sbin:/bin:/usr/games:/usr/local/games:/snap/bin', 'XDG_RUNTIME_DIR': '/run/user/1000', 'LANG': 'C.UTF-8', 'LS_COLORS': 'rs=0:di=01;34:ln=01;36:mh=00:pi=40;33:so=01;35:do=01;35:bd=40;33;01:cd=40;33;01:or=40;31;01:mi=00:su=37;41:sg=30;43:ca=00:tw=30;42:ow=34;42:st=37;44:ex=01;32:*.tar=01;31:*.tgz=01;31:*.arc=01;31:*.arj=01;31:*.taz=01;31:*.lha=01;31:*.lz4=01;31:*.lzh=01;31:*.lzma=01;31:*.tlz=01;31:*.txz=01;31:*.tzo=01;31:*.t7z=01;31:*.zip=01;31:*.z=01;31:*.dz=01;31:*.gz=01;31:*.lrz=01;31:*.lz=01;31:*.lzo=01;31:*.xz=01;31:*.zst=01;31:*.tzst=01;31:*.bz2=01;31:*.bz=01;31:*.tbz=01;31:*.tbz2=01;31:*.tz=01;31:*.deb=01;31:*.rpm=01;31:*.jar=01;31:*.war=01;31:*.ear=01;31:*.sar=01;31:*.rar=01;31:*.alz=01;31:*.ace=01;31:*.zoo=01;31:*.cpio=01;31:*.7z=01;31:*.rz=01;31:*.cab=01;31:*.wim=01;31:*.swm=01;31:*.dwm=01;31:*.esd=01;31:*.avif=01;35:*.jpg=01;35:*.jpeg=01;35:*.mjpg=01;35:*.mjpeg=01;35:*.gif=01;35:*.bmp=01;35:*.pbm=01;35:*.pgm=01;35:*.ppm=01;35:*.tga=01;35:*.xbm=01;35:*.xpm=01;35:*.tif=01;35:*.tiff=01;35:*.png=01;35:*.svg=01;35:*.svgz=01;35:*.mng=01;35:*.pcx=01;35:*.mov=01;35:*.mpg=01;35:*.mpeg=01;35:*.m2v=01;35:*.mkv=01;35:*.webm=01;35:*.webp=01;35:*.ogm=01;35:*.mp4=01;35:*.m4v=01;35:*.mp4v=01;35:*.vob=01;35:*.qt=01;35:*.nuv=01;35:*.wmv=01;35:*.asf=01;35:*.rm=01;35:*.rmvb=01;35:*.flc=01;35:*.avi=01;35:*.fli=01;35:*.flv=01;35:*.gl=01;35:*.dl=01;35:*.xcf=01;35:*.xwd=01;35:*.yuv=01;35:*.cgm=01;35:*.emf=01;35:*.ogv=01;35:*.ogx=01;35:*.aac=00;36:*.au=00;36:*.flac=00;36:*.m4a=00;36:*.mid=00;36:*.midi=00;36:*.mka=00;36:*.mp3=00;36:*.mpc=00;36:*.ogg=00;36:*.ra=00;36:*.wav=00;36:*.oga=00;36:*.opus=00;36:*.spx=00;36:*.xspf=00;36:*~=00;90:*#=00;90:*.bak=00;90:*.crdownload=00;90:*.dpkg-dist=00;90:*.dpkg-new=00;90:*.dpkg-old=00;90:*.dpkg-tmp=00;90:*.old=00;90:*.orig=00;90:*.part=00;90:*.rej=00;90:*.rpmnew=00;90:*.rpmorig=00;90:*.rpmsave=00;90:*.swp=00;90:*.tmp=00;90:*.ucf-dist=00;90:*.ucf-new=00;90:*.ucf-old=00;90:', 'AMENT_PREFIX_PATH': '/home/selqie/buoyancy/install/water_sensors:/home/selqie/buoyancy/install/servo:/home/selqie/buoyancy/install/sensing_bringup:/home/selqie/buoyancy/install/ms5837_bar_ros:/home/selqie/buoyancy/install/buoy_control:/home/selqie/buoyancy/install/motor_interfaces:/home/selqie/buoyancy/install/led:/home/selqie/buoyancy/install/bno08x_driver:/home/selqie/buoyancy/install/battery:/opt/ros/jazzy', 'SHELL': '/bin/bash', 'LESSCLOSE': '/usr/bin/lesspipe %s %s', 'ROS_AUTOMATIC_DISCOVERY_RANGE': 'SUBNET', 'PWD': '/home/selqie/buoyancy/build/motor_interfaces', 'SSH_CONNECTION': '192.168.1.109 51669 192.168.1.160 22', 'XDG_DATA_DIRS': '/usr/local/share:/usr/share:/var/lib/snapd/desktop', 'PYTHONPATH': '/home/selqie/buoyancy/install/water_sensors/lib/python3.12/site-packages:/home/selqie/buoyancy/install/servo/lib/python3.12/site-packages:/home/selqie/buoyancy/install/ms5837_bar_ros/lib/python3.12/site-packages:/home/selqie/buoyancy/install/buoy_control/lib/python3.12/site-packages:/home/selqie/buoyancy/install/motor_interfaces/lib/python3.12/site-packages:/home/selqie/buoyancy/install/led/lib/python3.12/site-packages:/home/selqie/buoyancy/install/battery/lib/python3.12/site-packages:/opt/ros/jazzy/lib/python3.12/site-packages', 'COLCON': '1', 'CMAKE_PREFIX_PATH': '/home/selqie/buoyancy/install/sensing_bringup:/home/selqie/buoyancy/install/motor_interfaces:/home/selqie/buoyancy/install/bno08x_driver:/home/selqie/buoyancy/install/water_sensors:/home/selqie/buoyancy/install/servo:/home/selqie/buoyancy/install/ms5837_bar_ros:/home/selqie/buoyancy/install/buoy_control:/home/selqie/buoyancy/install/led:/home/selqie/buoyancy/install/battery:/opt/ros/jazzy'}), 'shell': False}
[1.140547] (motor_interfaces) StdoutLine: {'line': b'-- Install configuration: ""\n'}
[1.141331] (motor_interfaces) StdoutLine: {'line': b'-- Up-to-date: /home/selqie/buoyancy/install/motor_interfaces/share/ament_index/resource_index/rosidl_interfaces/motor_interfaces\n'}
[1.141703] (motor_interfaces) StdoutLine: {'line': b'-- Up-to-date: /home/selqie/buoyancy/install/motor_interfaces/share/motor_interfaces/msg/MotorState.json\n'}
[1.142859] (motor_interfaces) StdoutLine: {'line': b'-- Up-to-date: /home/selqie/buoyancy/install/motor_interfaces/include/motor_interfaces/motor_interfaces\n'}
[1.143232] (motor_interfaces) StdoutLine: {'line': b'-- Up-to-date: /home/selqie/buoyancy/install/motor_interfaces/include/motor_interfaces/motor_interfaces/msg\n'}
[1.144072] (motor_interfaces) StdoutLine: {'line': b'-- Up-to-date: /home/selqie/buoyancy/install/motor_interfaces/include/motor_interfaces/motor_interfaces/msg/motor_state.h\n'}
[1.144296] (motor_interfaces) StdoutLine: {'line': b'-- Up-to-date: /home/selqie/buoyancy/install/motor_interfaces/include/motor_interfaces/motor_interfaces/msg/detail\n'}
[1.144945] (motor_interfaces) StdoutLine: {'line': b'-- Up-to-date: /home/selqie/buoyancy/install/motor_interfaces/include/motor_interfaces/motor_interfaces/msg/detail/motor_state__functions.c\n'}
[1.145189] (motor_interfaces) StdoutLine: {'line': b'-- Installing: /home/selqie/buoyancy/install/motor_interfaces/include/motor_interfaces/motor_interfaces/msg/detail/motor_state__type_support.c\n'}
[1.145615] (motor_interfaces) StdoutLine: {'line': b'-- Up-to-date: /home/selqie/buoyancy/install/motor_interfaces/include/motor_interfaces/motor_interfaces/msg/detail/motor_state__description.c\n'}
[1.146133] (motor_interfaces) StdoutLine: {'line': b'-- Up-to-date: /home/selqie/buoyancy/install/motor_interfaces/include/motor_interfaces/motor_interfaces/msg/detail/motor_state__struct.h\n'}
[1.146303] (motor_interfaces) StdoutLine: {'line': b'-- Up-to-date: /home/selqie/buoyancy/install/motor_interfaces/include/motor_interfaces/motor_interfaces/msg/detail/motor_state__type_support.h\n'}
[1.146894] (motor_interfaces) StdoutLine: {'line': b'-- Up-to-date: /home/selqie/buoyancy/install/motor_interfaces/include/motor_interfaces/motor_interfaces/msg/detail/motor_state__functions.h\n'}
[1.147114] (motor_interfaces) StdoutLine: {'line': b'-- Up-to-date: /home/selqie/buoyancy/install/motor_interfaces/include/motor_interfaces/motor_interfaces/msg/rosidl_generator_c__visibility_control.h\n'}
[1.147215] (motor_interfaces) StdoutLine: {'line': b'-- Up-to-date: /home/selqie/buoyancy/install/motor_interfaces/share/motor_interfaces/environment/library_path.sh\n'}
[1.148047] (motor_interfaces) StdoutLine: {'line': b'-- Up-to-date: /home/selqie/buoyancy/install/motor_interfaces/share/motor_interfaces/environment/library_path.dsv\n'}
[1.148246] (motor_interfaces) StdoutLine: {'line': b'-- Up-to-date: /home/selqie/buoyancy/install/motor_interfaces/lib/libmotor_interfaces__rosidl_generator_c.so\n'}
[1.149013] (motor_interfaces) StdoutLine: {'line': b'-- Up-to-date: /home/selqie/buoyancy/install/motor_interfaces/include/motor_interfaces/motor_interfaces\n'}
[1.149286] (motor_interfaces) StdoutLine: {'line': b'-- Up-to-date: /home/selqie/buoyancy/install/motor_interfaces/include/motor_interfaces/motor_interfaces/msg\n'}
[1.149978] (motor_interfaces) StdoutLine: {'line': b'-- Up-to-date: /home/selqie/buoyancy/install/motor_interfaces/include/motor_interfaces/motor_interfaces/msg/rosidl_typesupport_fastrtps_c__visibility_control.h\n'}
[1.150215] (motor_interfaces) StdoutLine: {'line': b'-- Up-to-date: /home/selqie/buoyancy/install/motor_interfaces/include/motor_interfaces/motor_interfaces/msg/detail\n'}
[1.150310] (motor_interfaces) StdoutLine: {'line': b'-- Up-to-date: /home/selqie/buoyancy/install/motor_interfaces/include/motor_interfaces/motor_interfaces/msg/detail/motor_state__rosidl_typesupport_fastrtps_c.h\n'}
[1.151427] (motor_interfaces) StdoutLine: {'line': b'-- Up-to-date: /home/selqie/buoyancy/install/motor_interfaces/lib/libmotor_interfaces__rosidl_typesupport_fastrtps_c.so\n'}
[1.151738] (motor_interfaces) StdoutLine: {'line': b'-- Up-to-date: /home/selqie/buoyancy/install/motor_interfaces/include/motor_interfaces/motor_interfaces\n'}
[1.152242] (motor_interfaces) StdoutLine: {'line': b'-- Up-to-date: /home/selqie/buoyancy/install/motor_interfaces/include/motor_interfaces/motor_interfaces/msg\n'}
[1.152431] (motor_interfaces) StdoutLine: {'line': b'-- Up-to-date: /home/selqie/buoyancy/install/motor_interfaces/include/motor_interfaces/motor_interfaces/msg/detail\n'}
[1.153058] (motor_interfaces) StdoutLine: {'line': b'-- Installing: /home/selqie/buoyancy/install/motor_interfaces/include/motor_interfaces/motor_interfaces/msg/detail/motor_state__type_support.c\n'}
[1.153704] (motor_interfaces) StdoutLine: {'line': b'-- Up-to-date: /home/selqie/buoyancy/install/motor_interfaces/include/motor_interfaces/motor_interfaces/msg/detail/motor_state__rosidl_typesupport_introspection_c.h\n'}
[1.154128] (motor_interfaces) StdoutLine: {'line': b'-- Up-to-date: /home/selqie/buoyancy/install/motor_interfaces/include/motor_interfaces/motor_interfaces/msg/rosidl_typesupport_introspection_c__visibility_control.h\n'}
[1.154936] (motor_interfaces) StdoutLine: {'line': b'-- Up-to-date: /home/selqie/buoyancy/install/motor_interfaces/lib/libmotor_interfaces__rosidl_typesupport_introspection_c.so\n'}
[1.156365] (motor_interfaces) StdoutLine: {'line': b'-- Up-to-date: /home/selqie/buoyancy/install/motor_interfaces/lib/libmotor_interfaces__rosidl_typesupport_c.so\n'}
[1.156662] (motor_interfaces) StdoutLine: {'line': b'-- Up-to-date: /home/selqie/buoyancy/install/motor_interfaces/include/motor_interfaces/motor_interfaces\n'}
[1.157025] (motor_interfaces) StdoutLine: {'line': b'-- Up-to-date: /home/selqie/buoyancy/install/motor_interfaces/include/motor_interfaces/motor_interfaces/msg\n'}
[1.157537] (motor_interfaces) StdoutLine: {'line': b'-- Up-to-date: /home/selqie/buoyancy/install/motor_interfaces/include/motor_interfaces/motor_interfaces/msg/detail\n'}
[1.157684] (motor_interfaces) StdoutLine: {'line': b'-- Up-to-date: /home/selqie/buoyancy/install/motor_interfaces/include/motor_interfaces/motor_interfaces/msg/detail/motor_state__traits.hpp\n'}
[1.157926] (motor_interfaces) StdoutLine: {'line': b'-- Up-to-date: /home/selqie/buoyancy/install/motor_interfaces/include/motor_interfaces/motor_interfaces/msg/detail/motor_state__type_support.hpp\n'}
[1.158254] (motor_interfaces) StdoutLine: {'line': b'-- Up-to-date: /home/selqie/buoyancy/install/motor_interfaces/include/motor_interfaces/motor_interfaces/msg/detail/motor_state__builder.hpp\n'}
[1.158556] (motor_interfaces) StdoutLine: {'line': b'-- Up-to-date: /home/selqie/buoyancy/install/motor_interfaces/include/motor_interfaces/motor_interfaces/msg/detail/motor_state__struct.hpp\n'}
[1.158861] (motor_interfaces) StdoutLine: {'line': b'-- Up-to-date: /home/selqie/buoyancy/install/motor_interfaces/include/motor_interfaces/motor_interfaces/msg/motor_state.hpp\n'}
[1.159173] (motor_interfaces) StdoutLine: {'line': b'-- Up-to-date: /home/selqie/buoyancy/install/motor_interfaces/include/motor_interfaces/motor_interfaces/msg/rosidl_generator_cpp__visibility_control.hpp\n'}
[1.159595] (motor_interfaces) StdoutLine: {'line': b'-- Up-to-date: /home/selqie/buoyancy/install/motor_interfaces/include/motor_interfaces/motor_interfaces\n'}
[1.160043] (motor_interfaces) StdoutLine: {'line': b'-- Up-to-date: /home/selqie/buoyancy/install/motor_interfaces/include/motor_interfaces/motor_interfaces/msg\n'}
[1.161008] (motor_interfaces) StdoutLine: {'line': b'-- Up-to-date: /home/selqie/buoyancy/install/motor_interfaces/include/motor_interfaces/motor_interfaces/msg/detail\n'}
[1.161256] (motor_interfaces) StdoutLine: {'line': b'-- Up-to-date: /home/selqie/buoyancy/install/motor_interfaces/include/motor_interfaces/motor_interfaces/msg/detail/motor_state__rosidl_typesupport_fastrtps_cpp.hpp\n'}
[1.161984] (motor_interfaces) StdoutLine: {'line': b'-- Up-to-date: /home/selqie/buoyancy/install/motor_interfaces/include/motor_interfaces/motor_interfaces/msg/detail/dds_fastrtps\n'}
[1.162212] (motor_interfaces) StdoutLine: {'line': b'-- Up-to-date: /home/selqie/buoyancy/install/motor_interfaces/include/motor_interfaces/motor_interfaces/msg/rosidl_typesupport_fastrtps_cpp__visibility_control.h\n'}
[1.163412] (motor_interfaces) StdoutLine: {'line': b'-- Up-to-date: /home/selqie/buoyancy/install/motor_interfaces/lib/libmotor_interfaces__rosidl_typesupport_fastrtps_cpp.so\n'}
[1.164255] (motor_interfaces) StdoutLine: {'line': b'-- Up-to-date: /home/selqie/buoyancy/install/motor_interfaces/include/motor_interfaces/motor_interfaces\n'}
[1.165033] (motor_interfaces) StdoutLine: {'line': b'-- Up-to-date: /home/selqie/buoyancy/install/motor_interfaces/include/motor_interfaces/motor_interfaces/msg\n'}
[1.165252] (motor_interfaces) StdoutLine: {'line': b'-- Up-to-date: /home/selqie/buoyancy/install/motor_interfaces/include/motor_interfaces/motor_interfaces/msg/detail\n'}
[1.165361] (motor_interfaces) StdoutLine: {'line': b'-- Up-to-date: /home/selqie/buoyancy/install/motor_interfaces/include/motor_interfaces/motor_interfaces/msg/detail/motor_state__rosidl_typesupport_introspection_cpp.hpp\n'}
[1.166217] (motor_interfaces) StdoutLine: {'line': b'-- Up-to-date: /home/selqie/buoyancy/install/motor_interfaces/include/motor_interfaces/motor_interfaces/msg/detail/motor_state__type_support.cpp\n'}
[1.167545] (motor_interfaces) StdoutLine: {'line': b'-- Up-to-date: /home/selqie/buoyancy/install/motor_interfaces/lib/libmotor_interfaces__rosidl_typesupport_introspection_cpp.so\n'}
[1.169759] (motor_interfaces) StdoutLine: {'line': b'-- Up-to-date: /home/selqie/buoyancy/install/motor_interfaces/lib/libmotor_interfaces__rosidl_typesupport_cpp.so\n'}
[1.171025] (motor_interfaces) StdoutLine: {'line': b'-- Up-to-date: /home/selqie/buoyancy/install/motor_interfaces/share/motor_interfaces/environment/pythonpath.sh\n'}
[1.171281] (motor_interfaces) StdoutLine: {'line': b'-- Up-to-date: /home/selqie/buoyancy/install/motor_interfaces/share/motor_interfaces/environment/pythonpath.dsv\n'}
[1.171391] (motor_interfaces) StdoutLine: {'line': b'-- Up-to-date: /home/selqie/buoyancy/install/motor_interfaces/lib/python3.12/site-packages/motor_interfaces-0.0.0-py3.12.egg-info\n'}
[1.172204] (motor_interfaces) StdoutLine: {'line': b'-- Installing: /home/selqie/buoyancy/install/motor_interfaces/lib/python3.12/site-packages/motor_interfaces-0.0.0-py3.12.egg-info/dependency_links.txt\n'}
[1.172457] (motor_interfaces) StdoutLine: {'line': b'-- Installing: /home/selqie/buoyancy/install/motor_interfaces/lib/python3.12/site-packages/motor_interfaces-0.0.0-py3.12.egg-info/PKG-INFO\n'}
[1.173217] (motor_interfaces) StdoutLine: {'line': b'-- Installing: /home/selqie/buoyancy/install/motor_interfaces/lib/python3.12/site-packages/motor_interfaces-0.0.0-py3.12.egg-info/top_level.txt\n'}
[1.174701] (motor_interfaces) StdoutLine: {'line': b'-- Installing: /home/selqie/buoyancy/install/motor_interfaces/lib/python3.12/site-packages/motor_interfaces-0.0.0-py3.12.egg-info/SOURCES.txt\n'}
[1.175043] (motor_interfaces) StdoutLine: {'line': b'-- Up-to-date: /home/selqie/buoyancy/install/motor_interfaces/lib/python3.12/site-packages/motor_interfaces\n'}
[1.175543] (motor_interfaces) StdoutLine: {'line': b'-- Up-to-date: /home/selqie/buoyancy/install/motor_interfaces/lib/python3.12/site-packages/motor_interfaces/_motor_interfaces_s.ep.rosidl_typesupport_introspection_c.c\n'}
[1.176130] (motor_interfaces) StdoutLine: {'line': b'-- Up-to-date: /home/selqie/buoyancy/install/motor_interfaces/lib/python3.12/site-packages/motor_interfaces/motor_interfaces_s__rosidl_typesupport_fastrtps_c.so\n'}
[1.176343] (motor_interfaces) StdoutLine: {'line': b'-- Up-to-date: /home/selqie/buoyancy/install/motor_interfaces/lib/python3.12/site-packages/motor_interfaces/msg\n'}
[1.176743] (motor_interfaces) StdoutLine: {'line': b'-- Up-to-date: /home/selqie/buoyancy/install/motor_interfaces/lib/python3.12/site-packages/motor_interfaces/msg/_motor_state.py\n'}
[1.176877] (motor_interfaces) StdoutLine: {'line': b'-- Up-to-date: /home/selqie/buoyancy/install/motor_interfaces/lib/python3.12/site-packages/motor_interfaces/msg/_motor_state_s.c\n'}
[1.177257] (motor_interfaces) StdoutLine: {'line': b'-- Up-to-date: /home/selqie/buoyancy/install/motor_interfaces/lib/python3.12/site-packages/motor_interfaces/msg/__init__.py\n'}
[1.177590] (motor_interfaces) StdoutLine: {'line': b'-- Up-to-date: /home/selqie/buoyancy/install/motor_interfaces/lib/python3.12/site-packages/motor_interfaces/motor_interfaces_s__rosidl_typesupport_introspection_c.so\n'}
[1.177877] (motor_interfaces) StdoutLine: {'line': b'-- Up-to-date: /home/selqie/buoyancy/install/motor_interfaces/lib/python3.12/site-packages/motor_interfaces/__init__.py\n'}
[1.178224] (motor_interfaces) StdoutLine: {'line': b'-- Up-to-date: /home/selqie/buoyancy/install/motor_interfaces/lib/python3.12/site-packages/motor_interfaces/motor_interfaces_s__rosidl_typesupport_c.so\n'}
[1.178619] (motor_interfaces) StdoutLine: {'line': b'-- Up-to-date: /home/selqie/buoyancy/install/motor_interfaces/lib/python3.12/site-packages/motor_interfaces/_motor_interfaces_s.ep.rosidl_typesupport_fastrtps_c.c\n'}
[1.178972] (motor_interfaces) StdoutLine: {'line': b'-- Up-to-date: /home/selqie/buoyancy/install/motor_interfaces/lib/python3.12/site-packages/motor_interfaces/_motor_interfaces_s.ep.rosidl_typesupport_c.c\n'}
[1.208701] (-) TimerEvent: {}
[1.259224] (motor_interfaces) StdoutLine: {'line': b"Listing '/home/selqie/buoyancy/install/motor_interfaces/lib/python3.12/site-packages/motor_interfaces'...\n"}
[1.259520] (motor_interfaces) StdoutLine: {'line': b"Listing '/home/selqie/buoyancy/install/motor_interfaces/lib/python3.12/site-packages/motor_interfaces/msg'...\n"}
[1.281444] (motor_interfaces) StdoutLine: {'line': b'-- Up-to-date: /home/selqie/buoyancy/install/motor_interfaces/lib/python3.12/site-packages/motor_interfaces/motor_interfaces_s__rosidl_typesupport_fastrtps_c.so\n'}
[1.285042] (motor_interfaces) StdoutLine: {'line': b'-- Up-to-date: /home/selqie/buoyancy/install/motor_interfaces/lib/python3.12/site-packages/motor_interfaces/motor_interfaces_s__rosidl_typesupport_introspection_c.so\n'}
[1.285559] (motor_interfaces) StdoutLine: {'line': b'-- Up-to-date: /home/selqie/buoyancy/install/motor_interfaces/lib/python3.12/site-packages/motor_interfaces/motor_interfaces_s__rosidl_typesupport_c.so\n'}
[1.285692] (motor_interfaces) StdoutLine: {'line': b'-- Up-to-date: /home/selqie/buoyancy/install/motor_interfaces/lib/libmotor_interfaces__rosidl_generator_py.so\n'}
[1.285797] (motor_interfaces) StdoutLine: {'line': b'-- Up-to-date: /home/selqie/buoyancy/install/motor_interfaces/share/motor_interfaces/msg/MotorState.idl\n'}
[1.285905] (motor_interfaces) StdoutLine: {'line': b'-- Up-to-date: /home/selqie/buoyancy/install/motor_interfaces/share/motor_interfaces/msg/MotorState.msg\n'}
[1.286040] (motor_interfaces) StdoutLine: {'line': b'-- Up-to-date: /home/selqie/buoyancy/install/motor_interfaces/share/ament_index/resource_index/package_run_dependencies/motor_interfaces\n'}
[1.286174] (motor_interfaces) StdoutLine: {'line': b'-- Up-to-date: /home/selqie/buoyancy/install/motor_interfaces/share/ament_index/resource_index/parent_prefix_path/motor_interfaces\n'}
[1.287719] (motor_interfaces) StdoutLine: {'line': b'-- Up-to-date: /home/selqie/buoyancy/install/motor_interfaces/share/motor_interfaces/environment/ament_prefix_path.sh\n'}
[1.287941] (motor_interfaces) StdoutLine: {'line': b'-- Up-to-date: /home/selqie/buoyancy/install/motor_interfaces/share/motor_interfaces/environment/ament_prefix_path.dsv\n'}
[1.288667] (motor_interfaces) StdoutLine: {'line': b'-- Up-to-date: /home/selqie/buoyancy/install/motor_interfaces/share/motor_interfaces/environment/path.sh\n'}
[1.288787] (motor_interfaces) StdoutLine: {'line': b'-- Up-to-date: /home/selqie/buoyancy/install/motor_interfaces/share/motor_interfaces/environment/path.dsv\n'}
[1.288871] (motor_interfaces) StdoutLine: {'line': b'-- Up-to-date: /home/selqie/buoyancy/install/motor_interfaces/share/motor_interfaces/local_setup.bash\n'}
[1.288954] (motor_interfaces) StdoutLine: {'line': b'-- Up-to-date: /home/selqie/buoyancy/install/motor_interfaces/share/motor_interfaces/local_setup.sh\n'}
[1.289082] (motor_interfaces) StdoutLine: {'line': b'-- Up-to-date: /home/selqie/buoyancy/install/motor_interfaces/share/motor_interfaces/local_setup.zsh\n'}
[1.289177] (motor_interfaces) StdoutLine: {'line': b'-- Up-to-date: /home/selqie/buoyancy/install/motor_interfaces/share/motor_interfaces/local_setup.dsv\n'}
[1.289262] (motor_interfaces) StdoutLine: {'line': b'-- Installing: /home/selqie/buoyancy/install/motor_interfaces/share/motor_interfaces/package.dsv\n'}
[1.290254] (motor_interfaces) StdoutLine: {'line': b'-- Up-to-date: /home/selqie/buoyancy/install/motor_interfaces/share/ament_index/resource_index/packages/motor_interfaces\n'}
[1.291959] (motor_interfaces) StdoutLine: {'line': b'-- Up-to-date: /home/selqie/buoyancy/install/motor_interfaces/share/motor_interfaces/cmake/export_motor_interfaces__rosidl_generator_cExport.cmake\n'}
[1.292402] (motor_interfaces) StdoutLine: {'line': b'-- Up-to-date: /home/selqie/buoyancy/install/motor_interfaces/share/motor_interfaces/cmake/export_motor_interfaces__rosidl_generator_cExport-noconfig.cmake\n'}
[1.293620] (motor_interfaces) StdoutLine: {'line': b'-- Up-to-date: /home/selqie/buoyancy/install/motor_interfaces/share/motor_interfaces/cmake/export_motor_interfaces__rosidl_typesupport_fastrtps_cExport.cmake\n'}
[1.294087] (motor_interfaces) StdoutLine: {'line': b'-- Up-to-date: /home/selqie/buoyancy/install/motor_interfaces/share/motor_interfaces/cmake/export_motor_interfaces__rosidl_typesupport_fastrtps_cExport-noconfig.cmake\n'}
[1.295390] (motor_interfaces) StdoutLine: {'line': b'-- Up-to-date: /home/selqie/buoyancy/install/motor_interfaces/share/motor_interfaces/cmake/motor_interfaces__rosidl_typesupport_introspection_cExport.cmake\n'}
[1.296056] (motor_interfaces) StdoutLine: {'line': b'-- Up-to-date: /home/selqie/buoyancy/install/motor_interfaces/share/motor_interfaces/cmake/motor_interfaces__rosidl_typesupport_introspection_cExport-noconfig.cmake\n'}
[1.296970] (motor_interfaces) StdoutLine: {'line': b'-- Up-to-date: /home/selqie/buoyancy/install/motor_interfaces/share/motor_interfaces/cmake/motor_interfaces__rosidl_typesupport_cExport.cmake\n'}
[1.297636] (motor_interfaces) StdoutLine: {'line': b'-- Up-to-date: /home/selqie/buoyancy/install/motor_interfaces/share/motor_interfaces/cmake/motor_interfaces__rosidl_typesupport_cExport-noconfig.cmake\n'}
[1.298492] (motor_interfaces) StdoutLine: {'line': b'-- Up-to-date: /home/selqie/buoyancy/install/motor_interfaces/share/motor_interfaces/cmake/export_motor_interfaces__rosidl_generator_cppExport.cmake\n'}
[1.300081] (motor_interfaces) StdoutLine: {'line': b'-- Up-to-date: /home/selqie/buoyancy/install/motor_interfaces/share/motor_interfaces/cmake/export_motor_interfaces__rosidl_typesupport_fastrtps_cppExport.cmake\n'}
[1.300329] (motor_interfaces) StdoutLine: {'line': b'-- Up-to-date: /home/selqie/buoyancy/install/motor_interfaces/share/motor_interfaces/cmake/export_motor_interfaces__rosidl_typesupport_fastrtps_cppExport-noconfig.cmake\n'}
[1.302105] (motor_interfaces) StdoutLine: {'line': b'-- Up-to-date: /home/selqie/buoyancy/install/motor_interfaces/share/motor_interfaces/cmake/motor_interfaces__rosidl_typesupport_introspection_cppExport.cmake\n'}
[1.302360] (motor_interfaces) StdoutLine: {'line': b'-- Up-to-date: /home/selqie/buoyancy/install/motor_interfaces/share/motor_interfaces/cmake/motor_interfaces__rosidl_typesupport_introspection_cppExport-noconfig.cmake\n'}
[1.303095] (motor_interfaces) StdoutLine: {'line': b'-- Up-to-date: /home/selqie/buoyancy/install/motor_interfaces/share/motor_interfaces/cmake/motor_interfaces__rosidl_typesupport_cppExport.cmake\n'}
[1.303779] (motor_interfaces) StdoutLine: {'line': b'-- Up-to-date: /home/selqie/buoyancy/install/motor_interfaces/share/motor_interfaces/cmake/motor_interfaces__rosidl_typesupport_cppExport-noconfig.cmake\n'}
[1.304552] (motor_interfaces) StdoutLine: {'line': b'-- Up-to-date: /home/selqie/buoyancy/install/motor_interfaces/share/motor_interfaces/cmake/export_motor_interfaces__rosidl_generator_pyExport.cmake\n'}
[1.305282] (motor_interfaces) StdoutLine: {'line': b'-- Up-to-date: /home/selqie/buoyancy/install/motor_interfaces/share/motor_interfaces/cmake/export_motor_interfaces__rosidl_generator_pyExport-noconfig.cmake\n'}
[1.305462] (motor_interfaces) StdoutLine: {'line': b'-- Up-to-date: /home/selqie/buoyancy/install/motor_interfaces/share/motor_interfaces/cmake/rosidl_cmake-extras.cmake\n'}
[1.306113] (motor_interfaces) StdoutLine: {'line': b'-- Up-to-date: /home/selqie/buoyancy/install/motor_interfaces/share/motor_interfaces/cmake/ament_cmake_export_include_directories-extras.cmake\n'}
[1.306702] (motor_interfaces) StdoutLine: {'line': b'-- Up-to-date: /home/selqie/buoyancy/install/motor_interfaces/share/motor_interfaces/cmake/ament_cmake_export_libraries-extras.cmake\n'}
[1.306862] (motor_interfaces) StdoutLine: {'line': b'-- Up-to-date: /home/selqie/buoyancy/install/motor_interfaces/share/motor_interfaces/cmake/ament_cmake_export_targets-extras.cmake\n'}
[1.307522] (motor_interfaces) StdoutLine: {'line': b'-- Up-to-date: /home/selqie/buoyancy/install/motor_interfaces/share/motor_interfaces/cmake/rosidl_cmake_export_typesupport_targets-extras.cmake\n'}
[1.307745] (motor_interfaces) StdoutLine: {'line': b'-- Up-to-date: /home/selqie/buoyancy/install/motor_interfaces/share/motor_interfaces/cmake/ament_cmake_export_dependencies-extras.cmake\n'}
[1.307859] (motor_interfaces) StdoutLine: {'line': b'-- Up-to-date: /home/selqie/buoyancy/install/motor_interfaces/share/motor_interfaces/cmake/rosidl_cmake_export_typesupport_libraries-extras.cmake\n'}
[1.308448] (motor_interfaces) StdoutLine: {'line': b'-- Up-to-date: /home/selqie/buoyancy/install/motor_interfaces/share/motor_interfaces/cmake/motor_interfacesConfig.cmake\n'}
[1.308606] (motor_interfaces) StdoutLine: {'line': b'-- Up-to-date: /home/selqie/buoyancy/install/motor_interfaces/share/motor_interfaces/cmake/motor_interfacesConfig-version.cmake\n'}
[1.308704] (-) TimerEvent: {}
[1.309187] (motor_interfaces) StdoutLine: {'line': b'-- Up-to-date: /home/selqie/buoyancy/install/motor_interfaces/share/motor_interfaces/package.xml\n'}
[1.408819] (-) TimerEvent: {}
[1.509502] (-) TimerEvent: {}
[1.517035] (motor_interfaces) CommandEnded: {'returncode': 0}
[1.537407] (motor_interfaces) JobEnded: {'identifier': 'motor_interfaces', 'rc': 0}
[1.538851] (sensing_bringup) JobStarted: {'identifier': 'sensing_bringup'}
[1.581012] (sensing_bringup) JobProgress: {'identifier': 'sensing_bringup', 'progress': 'cmake'}
[1.584126] (sensing_bringup) JobProgress: {'identifier': 'sensing_bringup', 'progress': 'build'}
[1.585831] (sensing_bringup) Command: {'cmd': ['/usr/bin/cmake', '--build', '/home/selqie/buoyancy/build/sensing_bringup', '--', '-j4', '-l4'], 'cwd': '/home/selqie/buoyancy/build/sensing_bringup', 'env': OrderedDict({'LESSOPEN': '| /usr/bin/lesspipe %s', 'USER': 'selqie', 'SSH_CLIENT': '192.168.1.109 51669 22', 'XDG_SESSION_TYPE': 'tty', 'SHLVL': '1', 'LD_LIBRARY_PATH': '/home/selqie/buoyancy/install/motor_interfaces/lib:/opt/ros/jazzy/lib/aarch64-linux-gnu:/opt/ros/jazzy/lib', 'HOME': '/home/selqie', 'OLDPWD': '/home/selqie', 'SSH_TTY': '/dev/pts/6', 'ROS_PYTHON_VERSION': '3', 'DBUS_SESSION_BUS_ADDRESS': 'unix:path=/run/user/1000/bus', 'COLCON_PREFIX_PATH': '/home/selqie/buoyancy/install', 'ROS_DISTRO': 'jazzy', 'LOGNAME': 'selqie', '_': '/usr/bin/colcon', 'ROS_VERSION': '2', 'XDG_SESSION_CLASS': 'user', 'TERM': 'xterm-256color', 'XDG_SESSION_ID': '1', 'PATH': '/home/selqie/.local/bin:/opt/ros/jazzy/bin:/usr/local/sbin:/usr/local/bin:/usr/sbin:/usr/bin:/sbin:/bin:/usr/games:/usr/local/games:/snap/bin', 'XDG_RUNTIME_DIR': '/run/user/1000', 'LANG': 'C.UTF-8', 'LS_COLORS': 'rs=0:di=01;34:ln=01;36:mh=00:pi=40;33:so=01;35:do=01;35:bd=40;33;01:cd=40;33;01:or=40;31;01:mi=00:su=37;41:sg=30;43:ca=00:tw=30;42:ow=34;42:st=37;44:ex=01;32:*.tar=01;31:*.tgz=01;31:*.arc=01;31:*.arj=01;31:*.taz=01;31:*.lha=01;31:*.lz4=01;31:*.lzh=01;31:*.lzma=01;31:*.tlz=01;31:*.txz=01;31:*.tzo=01;31:*.t7z=01;31:*.zip=01;31:*.z=01;31:*.dz=01;31:*.gz=01;31:*.lrz=01;31:*.lz=01;31:*.lzo=01;31:*.xz=01;31:*.zst=01;31:*.tzst=01;31:*.bz2=01;31:*.bz=01;31:*.tbz=01;31:*.tbz2=01;31:*.tz=01;31:*.deb=01;31:*.rpm=01;31:*.jar=01;31:*.war=01;31:*.ear=01;31:*.sar=01;31:*.rar=01;31:*.alz=01;31:*.ace=01;31:*.zoo=01;31:*.cpio=01;31:*.7z=01;31:*.rz=01;31:*.cab=01;31:*.wim=01;31:*.swm=01;31:*.dwm=01;31:*.esd=01;31:*.avif=01;35:*.jpg=01;35:*.jpeg=01;35:*.mjpg=01;35:*.mjpeg=01;35:*.gif=01;35:*.bmp=01;35:*.pbm=01;35:*.pgm=01;35:*.ppm=01;35:*.tga=01;35:*.xbm=01;35:*.xpm=01;35:*.tif=01;35:*.tiff=01;35:*.png=01;35:*.svg=01;35:*.svgz=01;35:*.mng=01;35:*.pcx=01;35:*.mov=01;35:*.mpg=01;35:*.mpeg=01;35:*.m2v=01;35:*.mkv=01;35:*.webm=01;35:*.webp=01;35:*.ogm=01;35:*.mp4=01;35:*.m4v=01;35:*.mp4v=01;35:*.vob=01;35:*.qt=01;35:*.nuv=01;35:*.wmv=01;35:*.asf=01;35:*.rm=01;35:*.rmvb=01;35:*.flc=01;35:*.avi=01;35:*.fli=01;35:*.flv=01;35:*.gl=01;35:*.dl=01;35:*.xcf=01;35:*.xwd=01;35:*.yuv=01;35:*.cgm=01;35:*.emf=01;35:*.ogv=01;35:*.ogx=01;35:*.aac=00;36:*.au=00;36:*.flac=00;36:*.m4a=00;36:*.mid=00;36:*.midi=00;36:*.mka=00;36:*.mp3=00;36:*.mpc=00;36:*.ogg=00;36:*.ra=00;36:*.wav=00;36:*.oga=00;36:*.opus=00;36:*.spx=00;36:*.xspf=00;36:*~=00;90:*#=00;90:*.bak=00;90:*.crdownload=00;90:*.dpkg-dist=00;90:*.dpkg-new=00;90:*.dpkg-old=00;90:*.dpkg-tmp=00;90:*.old=00;90:*.orig=00;90:*.part=00;90:*.rej=00;90:*.rpmnew=00;90:*.rpmorig=00;90:*.rpmsave=00;90:*.swp=00;90:*.tmp=00;90:*.ucf-dist=00;90:*.ucf-new=00;90:*.ucf-old=00;90:', 'AMENT_PREFIX_PATH': '/home/selqie/buoyancy/install/water_sensors:/home/selqie/buoyancy/install/servo:/home/selqie/buoyancy/install/sensing_bringup:/home/selqie/buoyancy/install/ms5837_bar_ros:/home/selqie/buoyancy/install/buoy_control:/home/selqie/buoyancy/install/motor_interfaces:/home/selqie/buoyancy/install/led:/home/selqie/buoyancy/install/bno08x_driver:/home/selqie/buoyancy/install/battery:/opt/ros/jazzy', 'SHELL': '/bin/bash', 'LESSCLOSE': '/usr/bin/lesspipe %s %s', 'ROS_AUTOMATIC_DISCOVERY_RANGE': 'SUBNET', 'PWD': '/home/selqie/buoyancy/build/sensing_bringup', 'SSH_CONNECTION': '192.168.1.109 51669 192.168.1.160 22', 'XDG_DATA_DIRS': '/usr/local/share:/usr/share:/var/lib/snapd/desktop', 'PYTHONPATH': '/home/selqie/buoyancy/install/water_sensors/lib/python3.12/site-packages:/home/selqie/buoyancy/install/servo/lib/python3.12/site-packages:/home/selqie/buoyancy/install/ms5837_bar_ros/lib/python3.12/site-packages:/home/selqie/buoyancy/install/buoy_control/lib/python3.12/site-packages:/home/selqie/buoyancy/install/motor_interfaces/lib/python3.12/site-packages:/home/selqie/buoyancy/install/led/lib/python3.12/site-packages:/home/selqie/buoyancy/install/battery/lib/python3.12/site-packages:/opt/ros/jazzy/lib/python3.12/site-packages', 'COLCON': '1', 'CMAKE_PREFIX_PATH': '/home/selqie/buoyancy/install/sensing_bringup:/home/selqie/buoyancy/install/motor_interfaces:/home/selqie/buoyancy/install/bno08x_driver:/home/selqie/buoyancy/install/water_sensors:/home/selqie/buoyancy/install/servo:/home/selqie/buoyancy/install/ms5837_bar_ros:/home/selqie/buoyancy/install/buoy_control:/home/selqie/buoyancy/install/led:/home/selqie/buoyancy/install/battery:/opt/ros/jazzy'}), 'shell': False}
[1.611078] (-) TimerEvent: {}
[1.691278] (sensing_bringup) CommandEnded: {'returncode': 0}
[1.695218] (sensing_bringup) JobProgress: {'identifier': 'sensing_bringup', 'progress': 'install'}
[1.695304] (sensing_bringup) Command: {'cmd': ['/usr/bin/cmake', '--install', '/home/selqie/buoyancy/build/sensing_bringup'], 'cwd': '/home/selqie/buoyancy/build/sensing_bringup', 'env': OrderedDict({'LESSOPEN': '| /usr/bin/lesspipe %s', 'USER': 'selqie', 'SSH_CLIENT': '192.168.1.109 51669 22', 'XDG_SESSION_TYPE': 'tty', 'SHLVL': '1', 'LD_LIBRARY_PATH': '/home/selqie/buoyancy/install/motor_interfaces/lib:/opt/ros/jazzy/lib/aarch64-linux-gnu:/opt/ros/jazzy/lib', 'HOME': '/home/selqie', 'OLDPWD': '/home/selqie', 'SSH_TTY': '/dev/pts/6', 'ROS_PYTHON_VERSION': '3', 'DBUS_SESSION_BUS_ADDRESS': 'unix:path=/run/user/1000/bus', 'COLCON_PREFIX_PATH': '/home/selqie/buoyancy/install', 'ROS_DISTRO': 'jazzy', 'LOGNAME': 'selqie', '_': '/usr/bin/colcon', 'ROS_VERSION': '2', 'XDG_SESSION_CLASS': 'user', 'TERM': 'xterm-256color', 'XDG_SESSION_ID': '1', 'PATH': '/home/selqie/.local/bin:/opt/ros/jazzy/bin:/usr/local/sbin:/usr/local/bin:/usr/sbin:/usr/bin:/sbin:/bin:/usr/games:/usr/local/games:/snap/bin', 'XDG_RUNTIME_DIR': '/run/user/1000', 'LANG': 'C.UTF-8', 'LS_COLORS': 'rs=0:di=01;34:ln=01;36:mh=00:pi=40;33:so=01;35:do=01;35:bd=40;33;01:cd=40;33;01:or=40;31;01:mi=00:su=37;41:sg=30;43:ca=00:tw=30;42:ow=34;42:st=37;44:ex=01;32:*.tar=01;31:*.tgz=01;31:*.arc=01;31:*.arj=01;31:*.taz=01;31:*.lha=01;31:*.lz4=01;31:*.lzh=01;31:*.lzma=01;31:*.tlz=01;31:*.txz=01;31:*.tzo=01;31:*.t7z=01;31:*.zip=01;31:*.z=01;31:*.dz=01;31:*.gz=01;31:*.lrz=01;31:*.lz=01;31:*.lzo=01;31:*.xz=01;31:*.zst=01;31:*.tzst=01;31:*.bz2=01;31:*.bz=01;31:*.tbz=01;31:*.tbz2=01;31:*.tz=01;31:*.deb=01;31:*.rpm=01;31:*.jar=01;31:*.war=01;31:*.ear=01;31:*.sar=01;31:*.rar=01;31:*.alz=01;31:*.ace=01;31:*.zoo=01;31:*.cpio=01;31:*.7z=01;31:*.rz=01;31:*.cab=01;31:*.wim=01;31:*.swm=01;31:*.dwm=01;31:*.esd=01;31:*.avif=01;35:*.jpg=01;35:*.jpeg=01;35:*.mjpg=01;35:*.mjpeg=01;35:*.gif=01;35:*.bmp=01;35:*.pbm=01;35:*.pgm=01;35:*.ppm=01;35:*.tga=01;35:*.xbm=01;35:*.xpm=01;35:*.tif=01;35:*.tiff=01;35:*.png=01;35:*.svg=01;35:*.svgz=01;35:*.mng=01;35:*.pcx=01;35:*.mov=01;35:*.mpg=01;35:*.mpeg=01;35:*.m2v=01;35:*.mkv=01;35:*.webm=01;35:*.webp=01;35:*.ogm=01;35:*.mp4=01;35:*.m4v=01;35:*.mp4v=01;35:*.vob=01;35:*.qt=01;35:*.nuv=01;35:*.wmv=01;35:*.asf=01;35:*.rm=01;35:*.rmvb=01;35:*.flc=01;35:*.avi=01;35:*.fli=01;35:*.flv=01;35:*.gl=01;35:*.dl=01;35:*.xcf=01;35:*.xwd=01;35:*.yuv=01;35:*.cgm=01;35:*.emf=01;35:*.ogv=01;35:*.ogx=01;35:*.aac=00;36:*.au=00;36:*.flac=00;36:*.m4a=00;36:*.mid=00;36:*.midi=00;36:*.mka=00;36:*.mp3=00;36:*.mpc=00;36:*.ogg=00;36:*.ra=00;36:*.wav=00;36:*.oga=00;36:*.opus=00;36:*.spx=00;36:*.xspf=00;36:*~=00;90:*#=00;90:*.bak=00;90:*.crdownload=00;90:*.dpkg-dist=00;90:*.dpkg-new=00;90:*.dpkg-old=00;90:*.dpkg-tmp=00;90:*.old=00;90:*.orig=00;90:*.part=00;90:*.rej=00;90:*.rpmnew=00;90:*.rpmorig=00;90:*.rpmsave=00;90:*.swp=00;90:*.tmp=00;90:*.ucf-dist=00;90:*.ucf-new=00;90:*.ucf-old=00;90:', 'AMENT_PREFIX_PATH': '/home/selqie/buoyancy/install/water_sensors:/home/selqie/buoyancy/install/servo:/home/selqie/buoyancy/install/sensing_bringup:/home/selqie/buoyancy/install/ms5837_bar_ros:/home/selqie/buoyancy/install/buoy_control:/home/selqie/buoyancy/install/motor_interfaces:/home/selqie/buoyancy/install/led:/home/selqie/buoyancy/install/bno08x_driver:/home/selqie/buoyancy/install/battery:/opt/ros/jazzy', 'SHELL': '/bin/bash', 'LESSCLOSE': '/usr/bin/lesspipe %s %s', 'ROS_AUTOMATIC_DISCOVERY_RANGE': 'SUBNET', 'PWD': '/home/selqie/buoyancy/build/sensing_bringup', 'SSH_CONNECTION': '192.168.1.109 51669 192.168.1.160 22', 'XDG_DATA_DIRS': '/usr/local/share:/usr/share:/var/lib/snapd/desktop', 'PYTHONPATH': '/home/selqie/buoyancy/install/water_sensors/lib/python3.12/site-packages:/home/selqie/buoyancy/install/servo/lib/python3.12/site-packages:/home/selqie/buoyancy/install/ms5837_bar_ros/lib/python3.12/site-packages:/home/selqie/buoyancy/install/buoy_control/lib/python3.12/site-packages:/home/selqie/buoyancy/install/motor_interfaces/lib/python3.12/site-packages:/home/selqie/buoyancy/install/led/lib/python3.12/site-packages:/home/selqie/buoyancy/install/battery/lib/python3.12/site-packages:/opt/ros/jazzy/lib/python3.12/site-packages', 'COLCON': '1', 'CMAKE_PREFIX_PATH': '/home/selqie/buoyancy/install/sensing_bringup:/home/selqie/buoyancy/install/motor_interfaces:/home/selqie/buoyancy/install/bno08x_driver:/home/selqie/buoyancy/install/water_sensors:/home/selqie/buoyancy/install/servo:/home/selqie/buoyancy/install/ms5837_bar_ros:/home/selqie/buoyancy/install/buoy_control:/home/selqie/buoyancy/install/led:/home/selqie/buoyancy/install/battery:/opt/ros/jazzy'}), 'shell': False}
[1.711181] (-) TimerEvent: {}
[1.712025] (sensing_bringup) StdoutLine: {'line': b'-- Install configuration: ""\n'}
[1.712332] (sensing_bringup) StdoutLine: {'line': b'-- Up-to-date: /home/selqie/buoyancy/install/sensing_bringup/share/sensing_bringup/launch\n'}
[1.713123] (sensing_bringup) StdoutLine: {'line': b'-- Up-to-date: /home/selqie/buoyancy/install/sensing_bringup/share/sensing_bringup/launch/bar30.launch.py\n'}
[1.713304] (sensing_bringup) StdoutLine: {'line': b'-- Up-to-date: /home/selqie/buoyancy/install/sensing_bringup/share/sensing_bringup/launch/imu.launch.py\n'}
[1.713530] (sensing_bringup) StdoutLine: {'line': b'-- Up-to-date: /home/selqie/buoyancy/install/sensing_bringup/share/ament_index/resource_index/package_run_dependencies/sensing_bringup\n'}
[1.713668] (sensing_bringup) StdoutLine: {'line': b'-- Up-to-date: /home/selqie/buoyancy/install/sensing_bringup/share/ament_index/resource_index/parent_prefix_path/sensing_bringup\n'}
[1.713795] (sensing_bringup) StdoutLine: {'line': b'-- Up-to-date: /home/selqie/buoyancy/install/sensing_bringup/share/sensing_bringup/environment/ament_prefix_path.sh\n'}
[1.714180] (sensing_bringup) StdoutLine: {'line': b'-- Up-to-date: /home/selqie/buoyancy/install/sensing_bringup/share/sensing_bringup/environment/ament_prefix_path.dsv\n'}
[1.714325] (sensing_bringup) StdoutLine: {'line': b'-- Up-to-date: /home/selqie/buoyancy/install/sensing_bringup/share/sensing_bringup/environment/path.sh\n'}
[1.714436] (sensing_bringup) StdoutLine: {'line': b'-- Up-to-date: /home/selqie/buoyancy/install/sensing_bringup/share/sensing_bringup/environment/path.dsv\n'}
[1.714535] (sensing_bringup) StdoutLine: {'line': b'-- Up-to-date: /home/selqie/buoyancy/install/sensing_bringup/share/sensing_bringup/local_setup.bash\n'}
[1.714649] (sensing_bringup) StdoutLine: {'line': b'-- Up-to-date: /home/selqie/buoyancy/install/sensing_bringup/share/sensing_bringup/local_setup.sh\n'}
[1.714819] (sensing_bringup) StdoutLine: {'line': b'-- Up-to-date: /home/selqie/buoyancy/install/sensing_bringup/share/sensing_bringup/local_setup.zsh\n'}
[1.714937] (sensing_bringup) StdoutLine: {'line': b'-- Up-to-date: /home/selqie/buoyancy/install/sensing_bringup/share/sensing_bringup/local_setup.dsv\n'}
[1.715063] (sensing_bringup) StdoutLine: {'line': b'-- Installing: /home/selqie/buoyancy/install/sensing_bringup/share/sensing_bringup/package.dsv\n'}
[1.715510] (sensing_bringup) StdoutLine: {'line': b'-- Up-to-date: /home/selqie/buoyancy/install/sensing_bringup/share/ament_index/resource_index/packages/sensing_bringup\n'}
[1.716336] (sensing_bringup) StdoutLine: {'line': b'-- Up-to-date: /home/selqie/buoyancy/install/sensing_bringup/share/sensing_bringup/cmake/sensing_bringupConfig.cmake\n'}
[1.716519] (sensing_bringup) StdoutLine: {'line': b'-- Up-to-date: /home/selqie/buoyancy/install/sensing_bringup/share/sensing_bringup/cmake/sensing_bringupConfig-version.cmake\n'}
[1.716684] (sensing_bringup) StdoutLine: {'line': b'-- Up-to-date: /home/selqie/buoyancy/install/sensing_bringup/share/sensing_bringup/package.xml\n'}
[1.719803] (sensing_bringup) CommandEnded: {'returncode': 0}
[1.736015] (sensing_bringup) JobEnded: {'identifier': 'sensing_bringup', 'rc': 0}
[1.737425] (water_sensors) JobStarted: {'identifier': 'water_sensors'}
[1.811310] (-) TimerEvent: {}
[1.912069] (-) TimerEvent: {}
[2.014082] (-) TimerEvent: {}
[2.114560] (-) TimerEvent: {}
[2.215057] (-) TimerEvent: {}
[2.318167] (-) TimerEvent: {}
[2.418771] (-) TimerEvent: {}
[2.499662] (battery) Command: {'cmd': ['/usr/bin/python3', '-W', 'ignore:setup.py install is deprecated', '-W', 'ignore:easy_install command is deprecated', 'setup.py', 'egg_info', '--egg-base', '../build/battery', 'build', '--build-base', '/home/selqie/buoyancy/build/battery/build', 'install', '--record', '/home/selqie/buoyancy/build/battery/install.log', '--single-version-externally-managed', 'install_data'], 'cwd': '/home/selqie/buoyancy/battery', 'env': {'LESSOPEN': '| /usr/bin/lesspipe %s', 'USER': 'selqie', 'SSH_CLIENT': '192.168.1.109 51669 22', 'XDG_SESSION_TYPE': 'tty', 'SHLVL': '1', 'LD_LIBRARY_PATH': '/home/selqie/buoyancy/install/motor_interfaces/lib:/opt/ros/jazzy/lib/aarch64-linux-gnu:/opt/ros/jazzy/lib', 'HOME': '/home/selqie', 'OLDPWD': '/home/selqie', 'SSH_TTY': '/dev/pts/6', 'ROS_PYTHON_VERSION': '3', 'DBUS_SESSION_BUS_ADDRESS': 'unix:path=/run/user/1000/bus', 'COLCON_PREFIX_PATH': '/home/selqie/buoyancy/install', 'ROS_DISTRO': 'jazzy', 'LOGNAME': 'selqie', '_': '/usr/bin/colcon', 'ROS_VERSION': '2', 'XDG_SESSION_CLASS': 'user', 'TERM': 'xterm-256color', 'XDG_SESSION_ID': '1', 'PATH': '/home/selqie/.local/bin:/opt/ros/jazzy/bin:/usr/local/sbin:/usr/local/bin:/usr/sbin:/usr/bin:/sbin:/bin:/usr/games:/usr/local/games:/snap/bin', 'XDG_RUNTIME_DIR': '/run/user/1000', 'LANG': 'C.UTF-8', 'LS_COLORS': 'rs=0:di=01;34:ln=01;36:mh=00:pi=40;33:so=01;35:do=01;35:bd=40;33;01:cd=40;33;01:or=40;31;01:mi=00:su=37;41:sg=30;43:ca=00:tw=30;42:ow=34;42:st=37;44:ex=01;32:*.tar=01;31:*.tgz=01;31:*.arc=01;31:*.arj=01;31:*.taz=01;31:*.lha=01;31:*.lz4=01;31:*.lzh=01;31:*.lzma=01;31:*.tlz=01;31:*.txz=01;31:*.tzo=01;31:*.t7z=01;31:*.zip=01;31:*.z=01;31:*.dz=01;31:*.gz=01;31:*.lrz=01;31:*.lz=01;31:*.lzo=01;31:*.xz=01;31:*.zst=01;31:*.tzst=01;31:*.bz2=01;31:*.bz=01;31:*.tbz=01;31:*.tbz2=01;31:*.tz=01;31:*.deb=01;31:*.rpm=01;31:*.jar=01;31:*.war=01;31:*.ear=01;31:*.sar=01;31:*.rar=01;31:*.alz=01;31:*.ace=01;31:*.zoo=01;31:*.cpio=01;31:*.7z=01;31:*.rz=01;31:*.cab=01;31:*.wim=01;31:*.swm=01;31:*.dwm=01;31:*.esd=01;31:*.avif=01;35:*.jpg=01;35:*.jpeg=01;35:*.mjpg=01;35:*.mjpeg=01;35:*.gif=01;35:*.bmp=01;35:*.pbm=01;35:*.pgm=01;35:*.ppm=01;35:*.tga=01;35:*.xbm=01;35:*.xpm=01;35:*.tif=01;35:*.tiff=01;35:*.png=01;35:*.svg=01;35:*.svgz=01;35:*.mng=01;35:*.pcx=01;35:*.mov=01;35:*.mpg=01;35:*.mpeg=01;35:*.m2v=01;35:*.mkv=01;35:*.webm=01;35:*.webp=01;35:*.ogm=01;35:*.mp4=01;35:*.m4v=01;35:*.mp4v=01;35:*.vob=01;35:*.qt=01;35:*.nuv=01;35:*.wmv=01;35:*.asf=01;35:*.rm=01;35:*.rmvb=01;35:*.flc=01;35:*.avi=01;35:*.fli=01;35:*.flv=01;35:*.gl=01;35:*.dl=01;35:*.xcf=01;35:*.xwd=01;35:*.yuv=01;35:*.cgm=01;35:*.emf=01;35:*.ogv=01;35:*.ogx=01;35:*.aac=00;36:*.au=00;36:*.flac=00;36:*.m4a=00;36:*.mid=00;36:*.midi=00;36:*.mka=00;36:*.mp3=00;36:*.mpc=00;36:*.ogg=00;36:*.ra=00;36:*.wav=00;36:*.oga=00;36:*.opus=00;36:*.spx=00;36:*.xspf=00;36:*~=00;90:*#=00;90:*.bak=00;90:*.crdownload=00;90:*.dpkg-dist=00;90:*.dpkg-new=00;90:*.dpkg-old=00;90:*.dpkg-tmp=00;90:*.old=00;90:*.orig=00;90:*.part=00;90:*.rej=00;90:*.rpmnew=00;90:*.rpmorig=00;90:*.rpmsave=00;90:*.swp=00;90:*.tmp=00;90:*.ucf-dist=00;90:*.ucf-new=00;90:*.ucf-old=00;90:', 'AMENT_PREFIX_PATH': '/home/selqie/buoyancy/install/water_sensors:/home/selqie/buoyancy/install/servo:/home/selqie/buoyancy/install/sensing_bringup:/home/selqie/buoyancy/install/ms5837_bar_ros:/home/selqie/buoyancy/install/buoy_control:/home/selqie/buoyancy/install/motor_interfaces:/home/selqie/buoyancy/install/led:/home/selqie/buoyancy/install/bno08x_driver:/home/selqie/buoyancy/install/battery:/opt/ros/jazzy', 'SHELL': '/bin/bash', 'LESSCLOSE': '/usr/bin/lesspipe %s %s', 'ROS_AUTOMATIC_DISCOVERY_RANGE': 'SUBNET', 'PWD': '/home/selqie/buoyancy/build/battery', 'SSH_CONNECTION': '192.168.1.109 51669 192.168.1.160 22', 'XDG_DATA_DIRS': '/usr/local/share:/usr/share:/var/lib/snapd/desktop', 'PYTHONPATH': '/home/selqie/buoyancy/build/battery/prefix_override:/usr/lib/python3/dist-packages/colcon_core/task/python/colcon_distutils_commands:/home/selqie/buoyancy/install/battery/lib/python3.12/site-packages:/home/selqie/buoyancy/install/water_sensors/lib/python3.12/site-packages:/home/selqie/buoyancy/install/servo/lib/python3.12/site-packages:/home/selqie/buoyancy/install/ms5837_bar_ros/lib/python3.12/site-packages:/home/selqie/buoyancy/install/buoy_control/lib/python3.12/site-packages:/home/selqie/buoyancy/install/motor_interfaces/lib/python3.12/site-packages:/home/selqie/buoyancy/install/led/lib/python3.12/site-packages:/home/selqie/buoyancy/install/battery/lib/python3.12/site-packages:/opt/ros/jazzy/lib/python3.12/site-packages', 'COLCON': '1', 'CMAKE_PREFIX_PATH': '/home/selqie/buoyancy/install/sensing_bringup:/home/selqie/buoyancy/install/motor_interfaces:/home/selqie/buoyancy/install/bno08x_driver'}, 'shell': False}
[2.504984] (led) Command: {'cmd': ['/usr/bin/python3', '-W', 'ignore:setup.py install is deprecated', '-W', 'ignore:easy_install command is deprecated', 'setup.py', 'egg_info', '--egg-base', '../build/led', 'build', '--build-base', '/home/selqie/buoyancy/build/led/build', 'install', '--record', '/home/selqie/buoyancy/build/led/install.log', '--single-version-externally-managed', 'install_data'], 'cwd': '/home/selqie/buoyancy/led', 'env': {'LESSOPEN': '| /usr/bin/lesspipe %s', 'USER': 'selqie', 'SSH_CLIENT': '192.168.1.109 51669 22', 'XDG_SESSION_TYPE': 'tty', 'SHLVL': '1', 'LD_LIBRARY_PATH': '/home/selqie/buoyancy/install/motor_interfaces/lib:/opt/ros/jazzy/lib/aarch64-linux-gnu:/opt/ros/jazzy/lib', 'HOME': '/home/selqie', 'OLDPWD': '/home/selqie', 'SSH_TTY': '/dev/pts/6', 'ROS_PYTHON_VERSION': '3', 'DBUS_SESSION_BUS_ADDRESS': 'unix:path=/run/user/1000/bus', 'COLCON_PREFIX_PATH': '/home/selqie/buoyancy/install', 'ROS_DISTRO': 'jazzy', 'LOGNAME': 'selqie', '_': '/usr/bin/colcon', 'ROS_VERSION': '2', 'XDG_SESSION_CLASS': 'user', 'TERM': 'xterm-256color', 'XDG_SESSION_ID': '1', 'PATH': '/home/selqie/.local/bin:/opt/ros/jazzy/bin:/usr/local/sbin:/usr/local/bin:/usr/sbin:/usr/bin:/sbin:/bin:/usr/games:/usr/local/games:/snap/bin', 'XDG_RUNTIME_DIR': '/run/user/1000', 'LANG': 'C.UTF-8', 'LS_COLORS': 'rs=0:di=01;34:ln=01;36:mh=00:pi=40;33:so=01;35:do=01;35:bd=40;33;01:cd=40;33;01:or=40;31;01:mi=00:su=37;41:sg=30;43:ca=00:tw=30;42:ow=34;42:st=37;44:ex=01;32:*.tar=01;31:*.tgz=01;31:*.arc=01;31:*.arj=01;31:*.taz=01;31:*.lha=01;31:*.lz4=01;31:*.lzh=01;31:*.lzma=01;31:*.tlz=01;31:*.txz=01;31:*.tzo=01;31:*.t7z=01;31:*.zip=01;31:*.z=01;31:*.dz=01;31:*.gz=01;31:*.lrz=01;31:*.lz=01;31:*.lzo=01;31:*.xz=01;31:*.zst=01;31:*.tzst=01;31:*.bz2=01;31:*.bz=01;31:*.tbz=01;31:*.tbz2=01;31:*.tz=01;31:*.deb=01;31:*.rpm=01;31:*.jar=01;31:*.war=01;31:*.ear=01;31:*.sar=01;31:*.rar=01;31:*.alz=01;31:*.ace=01;31:*.zoo=01;31:*.cpio=01;31:*.7z=01;31:*.rz=01;31:*.cab=01;31:*.wim=01;31:*.swm=01;31:*.dwm=01;31:*.esd=01;31:*.avif=01;35:*.jpg=01;35:*.jpeg=01;35:*.mjpg=01;35:*.mjpeg=01;35:*.gif=01;35:*.bmp=01;35:*.pbm=01;35:*.pgm=01;35:*.ppm=01;35:*.tga=01;35:*.xbm=01;35:*.xpm=01;35:*.tif=01;35:*.tiff=01;35:*.png=01;35:*.svg=01;35:*.svgz=01;35:*.mng=01;35:*.pcx=01;35:*.mov=01;35:*.mpg=01;35:*.mpeg=01;35:*.m2v=01;35:*.mkv=01;35:*.webm=01;35:*.webp=01;35:*.ogm=01;35:*.mp4=01;35:*.m4v=01;35:*.mp4v=01;35:*.vob=01;35:*.qt=01;35:*.nuv=01;35:*.wmv=01;35:*.asf=01;35:*.rm=01;35:*.rmvb=01;35:*.flc=01;35:*.avi=01;35:*.fli=01;35:*.flv=01;35:*.gl=01;35:*.dl=01;35:*.xcf=01;35:*.xwd=01;35:*.yuv=01;35:*.cgm=01;35:*.emf=01;35:*.ogv=01;35:*.ogx=01;35:*.aac=00;36:*.au=00;36:*.flac=00;36:*.m4a=00;36:*.mid=00;36:*.midi=00;36:*.mka=00;36:*.mp3=00;36:*.mpc=00;36:*.ogg=00;36:*.ra=00;36:*.wav=00;36:*.oga=00;36:*.opus=00;36:*.spx=00;36:*.xspf=00;36:*~=00;90:*#=00;90:*.bak=00;90:*.crdownload=00;90:*.dpkg-dist=00;90:*.dpkg-new=00;90:*.dpkg-old=00;90:*.dpkg-tmp=00;90:*.old=00;90:*.orig=00;90:*.part=00;90:*.rej=00;90:*.rpmnew=00;90:*.rpmorig=00;90:*.rpmsave=00;90:*.swp=00;90:*.tmp=00;90:*.ucf-dist=00;90:*.ucf-new=00;90:*.ucf-old=00;90:', 'AMENT_PREFIX_PATH': '/home/selqie/buoyancy/install/water_sensors:/home/selqie/buoyancy/install/servo:/home/selqie/buoyancy/install/sensing_bringup:/home/selqie/buoyancy/install/ms5837_bar_ros:/home/selqie/buoyancy/install/buoy_control:/home/selqie/buoyancy/install/motor_interfaces:/home/selqie/buoyancy/install/led:/home/selqie/buoyancy/install/bno08x_driver:/home/selqie/buoyancy/install/battery:/opt/ros/jazzy', 'SHELL': '/bin/bash', 'LESSCLOSE': '/usr/bin/lesspipe %s %s', 'ROS_AUTOMATIC_DISCOVERY_RANGE': 'SUBNET', 'PWD': '/home/selqie/buoyancy/build/led', 'SSH_CONNECTION': '192.168.1.109 51669 192.168.1.160 22', 'XDG_DATA_DIRS': '/usr/local/share:/usr/share:/var/lib/snapd/desktop', 'PYTHONPATH': '/home/selqie/buoyancy/build/led/prefix_override:/usr/lib/python3/dist-packages/colcon_core/task/python/colcon_distutils_commands:/home/selqie/buoyancy/install/led/lib/python3.12/site-packages:/home/selqie/buoyancy/install/water_sensors/lib/python3.12/site-packages:/home/selqie/buoyancy/install/servo/lib/python3.12/site-packages:/home/selqie/buoyancy/install/ms5837_bar_ros/lib/python3.12/site-packages:/home/selqie/buoyancy/install/buoy_control/lib/python3.12/site-packages:/home/selqie/buoyancy/install/motor_interfaces/lib/python3.12/site-packages:/home/selqie/buoyancy/install/led/lib/python3.12/site-packages:/home/selqie/buoyancy/install/battery/lib/python3.12/site-packages:/opt/ros/jazzy/lib/python3.12/site-packages', 'COLCON': '1', 'CMAKE_PREFIX_PATH': '/home/selqie/buoyancy/install/sensing_bringup:/home/selqie/buoyancy/install/motor_interfaces:/home/selqie/buoyancy/install/bno08x_driver'}, 'shell': False}
[2.521077] (-) TimerEvent: {}
[2.621489] (-) TimerEvent: {}
[2.723103] (-) TimerEvent: {}
[2.736257] (ms5837_bar_ros) Command: {'cmd': ['/usr/bin/python3', '-W', 'ignore:setup.py install is deprecated', '-W', 'ignore:easy_install command is deprecated', 'setup.py', 'egg_info', '--egg-base', '../../build/ms5837_bar_ros', 'build', '--build-base', '/home/selqie/buoyancy/build/ms5837_bar_ros/build', 'install', '--record', '/home/selqie/buoyancy/build/ms5837_bar_ros/install.log', '--single-version-externally-managed', 'install_data'], 'cwd': '/home/selqie/buoyancy/sensing/ms5837_bar_ros', 'env': {'LESSOPEN': '| /usr/bin/lesspipe %s', 'USER': 'selqie', 'SSH_CLIENT': '192.168.1.109 51669 22', 'XDG_SESSION_TYPE': 'tty', 'SHLVL': '1', 'LD_LIBRARY_PATH': '/home/selqie/buoyancy/install/motor_interfaces/lib:/opt/ros/jazzy/lib/aarch64-linux-gnu:/opt/ros/jazzy/lib', 'HOME': '/home/selqie', 'OLDPWD': '/home/selqie', 'SSH_TTY': '/dev/pts/6', 'ROS_PYTHON_VERSION': '3', 'DBUS_SESSION_BUS_ADDRESS': 'unix:path=/run/user/1000/bus', 'COLCON_PREFIX_PATH': '/home/selqie/buoyancy/install', 'ROS_DISTRO': 'jazzy', 'LOGNAME': 'selqie', '_': '/usr/bin/colcon', 'ROS_VERSION': '2', 'XDG_SESSION_CLASS': 'user', 'TERM': 'xterm-256color', 'XDG_SESSION_ID': '1', 'PATH': '/home/selqie/.local/bin:/opt/ros/jazzy/bin:/usr/local/sbin:/usr/local/bin:/usr/sbin:/usr/bin:/sbin:/bin:/usr/games:/usr/local/games:/snap/bin', 'XDG_RUNTIME_DIR': '/run/user/1000', 'LANG': 'C.UTF-8', 'LS_COLORS': 'rs=0:di=01;34:ln=01;36:mh=00:pi=40;33:so=01;35:do=01;35:bd=40;33;01:cd=40;33;01:or=40;31;01:mi=00:su=37;41:sg=30;43:ca=00:tw=30;42:ow=34;42:st=37;44:ex=01;32:*.tar=01;31:*.tgz=01;31:*.arc=01;31:*.arj=01;31:*.taz=01;31:*.lha=01;31:*.lz4=01;31:*.lzh=01;31:*.lzma=01;31:*.tlz=01;31:*.txz=01;31:*.tzo=01;31:*.t7z=01;31:*.zip=01;31:*.z=01;31:*.dz=01;31:*.gz=01;31:*.lrz=01;31:*.lz=01;31:*.lzo=01;31:*.xz=01;31:*.zst=01;31:*.tzst=01;31:*.bz2=01;31:*.bz=01;31:*.tbz=01;31:*.tbz2=01;31:*.tz=01;31:*.deb=01;31:*.rpm=01;31:*.jar=01;31:*.war=01;31:*.ear=01;31:*.sar=01;31:*.rar=01;31:*.alz=01;31:*.ace=01;31:*.zoo=01;31:*.cpio=01;31:*.7z=01;31:*.rz=01;31:*.cab=01;31:*.wim=01;31:*.swm=01;31:*.dwm=01;31:*.esd=01;31:*.avif=01;35:*.jpg=01;35:*.jpeg=01;35:*.mjpg=01;35:*.mjpeg=01;35:*.gif=01;35:*.bmp=01;35:*.pbm=01;35:*.pgm=01;35:*.ppm=01;35:*.tga=01;35:*.xbm=01;35:*.xpm=01;35:*.tif=01;35:*.tiff=01;35:*.png=01;35:*.svg=01;35:*.svgz=01;35:*.mng=01;35:*.pcx=01;35:*.mov=01;35:*.mpg=01;35:*.mpeg=01;35:*.m2v=01;35:*.mkv=01;35:*.webm=01;35:*.webp=01;35:*.ogm=01;35:*.mp4=01;35:*.m4v=01;35:*.mp4v=01;35:*.vob=01;35:*.qt=01;35:*.nuv=01;35:*.wmv=01;35:*.asf=01;35:*.rm=01;35:*.rmvb=01;35:*.flc=01;35:*.avi=01;35:*.fli=01;35:*.flv=01;35:*.gl=01;35:*.dl=01;35:*.xcf=01;35:*.xwd=01;35:*.yuv=01;35:*.cgm=01;35:*.emf=01;35:*.ogv=01;35:*.ogx=01;35:*.aac=00;36:*.au=00;36:*.flac=00;36:*.m4a=00;36:*.mid=00;36:*.midi=00;36:*.mka=00;36:*.mp3=00;36:*.mpc=00;36:*.ogg=00;36:*.ra=00;36:*.wav=00;36:*.oga=00;36:*.opus=00;36:*.spx=00;36:*.xspf=00;36:*~=00;90:*#=00;90:*.bak=00;90:*.crdownload=00;90:*.dpkg-dist=00;90:*.dpkg-new=00;90:*.dpkg-old=00;90:*.dpkg-tmp=00;90:*.old=00;90:*.orig=00;90:*.part=00;90:*.rej=00;90:*.rpmnew=00;90:*.rpmorig=00;90:*.rpmsave=00;90:*.swp=00;90:*.tmp=00;90:*.ucf-dist=00;90:*.ucf-new=00;90:*.ucf-old=00;90:', 'AMENT_PREFIX_PATH': '/home/selqie/buoyancy/install/water_sensors:/home/selqie/buoyancy/install/servo:/home/selqie/buoyancy/install/sensing_bringup:/home/selqie/buoyancy/install/ms5837_bar_ros:/home/selqie/buoyancy/install/buoy_control:/home/selqie/buoyancy/install/motor_interfaces:/home/selqie/buoyancy/install/led:/home/selqie/buoyancy/install/bno08x_driver:/home/selqie/buoyancy/install/battery:/opt/ros/jazzy', 'SHELL': '/bin/bash', 'LESSCLOSE': '/usr/bin/lesspipe %s %s', 'ROS_AUTOMATIC_DISCOVERY_RANGE': 'SUBNET', 'PWD': '/home/selqie/buoyancy/build/ms5837_bar_ros', 'SSH_CONNECTION': '192.168.1.109 51669 192.168.1.160 22', 'XDG_DATA_DIRS': '/usr/local/share:/usr/share:/var/lib/snapd/desktop', 'PYTHONPATH': '/home/selqie/buoyancy/build/ms5837_bar_ros/prefix_override:/usr/lib/python3/dist-packages/colcon_core/task/python/colcon_distutils_commands:/home/selqie/buoyancy/install/ms5837_bar_ros/lib/python3.12/site-packages:/home/selqie/buoyancy/install/water_sensors/lib/python3.12/site-packages:/home/selqie/buoyancy/install/servo/lib/python3.12/site-packages:/home/selqie/buoyancy/install/ms5837_bar_ros/lib/python3.12/site-packages:/home/selqie/buoyancy/install/buoy_control/lib/python3.12/site-packages:/home/selqie/buoyancy/install/motor_interfaces/lib/python3.12/site-packages:/home/selqie/buoyancy/install/led/lib/python3.12/site-packages:/home/selqie/buoyancy/install/battery/lib/python3.12/site-packages:/opt/ros/jazzy/lib/python3.12/site-packages', 'COLCON': '1', 'CMAKE_PREFIX_PATH': '/home/selqie/buoyancy/install/sensing_bringup:/home/selqie/buoyancy/install/motor_interfaces:/home/selqie/buoyancy/install/bno08x_driver'}, 'shell': False}
[2.823258] (-) TimerEvent: {}
[2.926181] (-) TimerEvent: {}
[2.975225] (battery) StdoutLine: {'line': b'running egg_info\n'}
[2.980288] (led) StdoutLine: {'line': b'running egg_info\n'}
[2.998295] (battery) StdoutLine: {'line': b'writing ../build/battery/battery.egg-info/PKG-INFO\n'}
[3.007935] (led) StdoutLine: {'line': b'writing ../build/led/led.egg-info/PKG-INFO\n'}
[3.008792] (battery) StdoutLine: {'line': b'writing dependency_links to ../build/battery/battery.egg-info/dependency_links.txt\n'}
[3.009073] (battery) StdoutLine: {'line': b'writing entry points to ../build/battery/battery.egg-info/entry_points.txt\n'}
[3.009199] (battery) StdoutLine: {'line': b'writing requirements to ../build/battery/battery.egg-info/requires.txt\n'}
[3.009294] (battery) StdoutLine: {'line': b'writing top-level names to ../build/battery/battery.egg-info/top_level.txt\n'}
[3.009472] (led) StdoutLine: {'line': b'writing dependency_links to ../build/led/led.egg-info/dependency_links.txt\n'}
[3.009749] (led) StdoutLine: {'line': b'writing entry points to ../build/led/led.egg-info/entry_points.txt\n'}
[3.012072] (led) StdoutLine: {'line': b'writing requirements to ../build/led/led.egg-info/requires.txt\n'}
[3.012359] (led) StdoutLine: {'line': b'writing top-level names to ../build/led/led.egg-info/top_level.txt\n'}
[3.026295] (-) TimerEvent: {}
[3.057937] (led) StdoutLine: {'line': b"reading manifest file '../build/led/led.egg-info/SOURCES.txt'\n"}
[3.059570] (led) StdoutLine: {'line': b"writing manifest file '../build/led/led.egg-info/SOURCES.txt'\n"}
[3.062017] (led) StdoutLine: {'line': b'running build\n'}
[3.062180] (led) StdoutLine: {'line': b'running build_py\n'}
[3.062311] (battery) StdoutLine: {'line': b"reading manifest file '../build/battery/battery.egg-info/SOURCES.txt'\n"}
[3.065756] (led) StdoutLine: {'line': b'running install\n'}
[3.068152] (battery) StdoutLine: {'line': b"writing manifest file '../build/battery/battery.egg-info/SOURCES.txt'\n"}
[3.068984] (battery) StdoutLine: {'line': b'running build\n'}
[3.069230] (battery) StdoutLine: {'line': b'running build_py\n'}
[3.076255] (battery) StdoutLine: {'line': b'running install\n'}
[3.080472] (led) StdoutLine: {'line': b'running install_lib\n'}
[3.087086] (battery) StdoutLine: {'line': b'running install_lib\n'}
[3.108043] (led) StdoutLine: {'line': b'running install_data\n'}
[3.108835] (led) StdoutLine: {'line': b'running install_egg_info\n'}
[3.116158] (battery) StdoutLine: {'line': b'running install_data\n'}
[3.116463] (battery) StdoutLine: {'line': b'running install_egg_info\n'}
[3.126402] (-) TimerEvent: {}
[3.132098] (ms5837_bar_ros) StdoutLine: {'line': b'running egg_info\n'}
[3.134548] (led) StdoutLine: {'line': b"removing '/home/selqie/buoyancy/install/led/lib/python3.12/site-packages/led-0.0.4-py3.12.egg-info' (and everything under it)\n"}
[3.135070] (led) StdoutLine: {'line': b'Copying ../build/led/led.egg-info to /home/selqie/buoyancy/install/led/lib/python3.12/site-packages/led-0.0.4-py3.12.egg-info\n'}
[3.138846] (led) StdoutLine: {'line': b'running install_scripts\n'}
[3.144057] (battery) StdoutLine: {'line': b"removing '/home/selqie/buoyancy/install/battery/lib/python3.12/site-packages/battery-0.0.0-py3.12.egg-info' (and everything under it)\n"}
[3.144610] (battery) StdoutLine: {'line': b'Copying ../build/battery/battery.egg-info to /home/selqie/buoyancy/install/battery/lib/python3.12/site-packages/battery-0.0.0-py3.12.egg-info\n'}
[3.147088] (battery) StdoutLine: {'line': b'running install_scripts\n'}
[3.161049] (ms5837_bar_ros) StdoutLine: {'line': b'writing ../../build/ms5837_bar_ros/ms5837_bar_ros.egg-info/PKG-INFO\n'}
[3.164800] (ms5837_bar_ros) StdoutLine: {'line': b'writing dependency_links to ../../build/ms5837_bar_ros/ms5837_bar_ros.egg-info/dependency_links.txt\n'}
[3.166672] (ms5837_bar_ros) StdoutLine: {'line': b'writing entry points to ../../build/ms5837_bar_ros/ms5837_bar_ros.egg-info/entry_points.txt\n'}
[3.168272] (ms5837_bar_ros) StdoutLine: {'line': b'writing requirements to ../../build/ms5837_bar_ros/ms5837_bar_ros.egg-info/requires.txt\n'}
[3.169590] (ms5837_bar_ros) StdoutLine: {'line': b'writing top-level names to ../../build/ms5837_bar_ros/ms5837_bar_ros.egg-info/top_level.txt\n'}
[3.226520] (-) TimerEvent: {}
[3.242232] (ms5837_bar_ros) StdoutLine: {'line': b"reading manifest file '../../build/ms5837_bar_ros/ms5837_bar_ros.egg-info/SOURCES.txt'\n"}
[3.244688] (ms5837_bar_ros) StdoutLine: {'line': b"adding license file 'LICENSE'\n"}
[3.245057] (ms5837_bar_ros) StdoutLine: {'line': b"writing manifest file '../../build/ms5837_bar_ros/ms5837_bar_ros.egg-info/SOURCES.txt'\n"}
[3.245691] (ms5837_bar_ros) StdoutLine: {'line': b'running build\n'}
[3.246094] (ms5837_bar_ros) StdoutLine: {'line': b'running build_py\n'}
[3.251656] (ms5837_bar_ros) StdoutLine: {'line': b'running install\n'}
[3.264225] (ms5837_bar_ros) StdoutLine: {'line': b'running install_lib\n'}
[3.294413] (water_sensors) Command: {'cmd': ['/usr/bin/python3', '-W', 'ignore:setup.py install is deprecated', '-W', 'ignore:easy_install command is deprecated', 'setup.py', 'egg_info', '--egg-base', '../build/water_sensors', 'build', '--build-base', '/home/selqie/buoyancy/build/water_sensors/build', 'install', '--record', '/home/selqie/buoyancy/build/water_sensors/install.log', '--single-version-externally-managed', 'install_data'], 'cwd': '/home/selqie/buoyancy/water_sensors', 'env': {'LESSOPEN': '| /usr/bin/lesspipe %s', 'USER': 'selqie', 'SSH_CLIENT': '192.168.1.109 51669 22', 'XDG_SESSION_TYPE': 'tty', 'SHLVL': '1', 'LD_LIBRARY_PATH': '/home/selqie/buoyancy/install/motor_interfaces/lib:/opt/ros/jazzy/lib/aarch64-linux-gnu:/opt/ros/jazzy/lib', 'HOME': '/home/selqie', 'OLDPWD': '/home/selqie', 'SSH_TTY': '/dev/pts/6', 'ROS_PYTHON_VERSION': '3', 'DBUS_SESSION_BUS_ADDRESS': 'unix:path=/run/user/1000/bus', 'COLCON_PREFIX_PATH': '/home/selqie/buoyancy/install', 'ROS_DISTRO': 'jazzy', 'LOGNAME': 'selqie', '_': '/usr/bin/colcon', 'ROS_VERSION': '2', 'XDG_SESSION_CLASS': 'user', 'TERM': 'xterm-256color', 'XDG_SESSION_ID': '1', 'PATH': '/home/selqie/.local/bin:/opt/ros/jazzy/bin:/usr/local/sbin:/usr/local/bin:/usr/sbin:/usr/bin:/sbin:/bin:/usr/games:/usr/local/games:/snap/bin', 'XDG_RUNTIME_DIR': '/run/user/1000', 'LANG': 'C.UTF-8', 'LS_COLORS': 'rs=0:di=01;34:ln=01;36:mh=00:pi=40;33:so=01;35:do=01;35:bd=40;33;01:cd=40;33;01:or=40;31;01:mi=00:su=37;41:sg=30;43:ca=00:tw=30;42:ow=34;42:st=37;44:ex=01;32:*.tar=01;31:*.tgz=01;31:*.arc=01;31:*.arj=01;31:*.taz=01;31:*.lha=01;31:*.lz4=01;31:*.lzh=01;31:*.lzma=01;31:*.tlz=01;31:*.txz=01;31:*.tzo=01;31:*.t7z=01;31:*.zip=01;31:*.z=01;31:*.dz=01;31:*.gz=01;31:*.lrz=01;31:*.lz=01;31:*.lzo=01;31:*.xz=01;31:*.zst=01;31:*.tzst=01;31:*.bz2=01;31:*.bz=01;31:*.tbz=01;31:*.tbz2=01;31:*.tz=01;31:*.deb=01;31:*.rpm=01;31:*.jar=01;31:*.war=01;31:*.ear=01;31:*.sar=01;31:*.rar=01;31:*.alz=01;31:*.ace=01;31:*.zoo=01;31:*.cpio=01;31:*.7z=01;31:*.rz=01;31:*.cab=01;31:*.wim=01;31:*.swm=01;31:*.dwm=01;31:*.esd=01;31:*.avif=01;35:*.jpg=01;35:*.jpeg=01;35:*.mjpg=01;35:*.mjpeg=01;35:*.gif=01;35:*.bmp=01;35:*.pbm=01;35:*.pgm=01;35:*.ppm=01;35:*.tga=01;35:*.xbm=01;35:*.xpm=01;35:*.tif=01;35:*.tiff=01;35:*.png=01;35:*.svg=01;35:*.svgz=01;35:*.mng=01;35:*.pcx=01;35:*.mov=01;35:*.mpg=01;35:*.mpeg=01;35:*.m2v=01;35:*.mkv=01;35:*.webm=01;35:*.webp=01;35:*.ogm=01;35:*.mp4=01;35:*.m4v=01;35:*.mp4v=01;35:*.vob=01;35:*.qt=01;35:*.nuv=01;35:*.wmv=01;35:*.asf=01;35:*.rm=01;35:*.rmvb=01;35:*.flc=01;35:*.avi=01;35:*.fli=01;35:*.flv=01;35:*.gl=01;35:*.dl=01;35:*.xcf=01;35:*.xwd=01;35:*.yuv=01;35:*.cgm=01;35:*.emf=01;35:*.ogv=01;35:*.ogx=01;35:*.aac=00;36:*.au=00;36:*.flac=00;36:*.m4a=00;36:*.mid=00;36:*.midi=00;36:*.mka=00;36:*.mp3=00;36:*.mpc=00;36:*.ogg=00;36:*.ra=00;36:*.wav=00;36:*.oga=00;36:*.opus=00;36:*.spx=00;36:*.xspf=00;36:*~=00;90:*#=00;90:*.bak=00;90:*.crdownload=00;90:*.dpkg-dist=00;90:*.dpkg-new=00;90:*.dpkg-old=00;90:*.dpkg-tmp=00;90:*.old=00;90:*.orig=00;90:*.part=00;90:*.rej=00;90:*.rpmnew=00;90:*.rpmorig=00;90:*.rpmsave=00;90:*.swp=00;90:*.tmp=00;90:*.ucf-dist=00;90:*.ucf-new=00;90:*.ucf-old=00;90:', 'AMENT_PREFIX_PATH': '/home/selqie/buoyancy/install/water_sensors:/home/selqie/buoyancy/install/servo:/home/selqie/buoyancy/install/sensing_bringup:/home/selqie/buoyancy/install/ms5837_bar_ros:/home/selqie/buoyancy/install/buoy_control:/home/selqie/buoyancy/install/motor_interfaces:/home/selqie/buoyancy/install/led:/home/selqie/buoyancy/install/bno08x_driver:/home/selqie/buoyancy/install/battery:/opt/ros/jazzy', 'SHELL': '/bin/bash', 'LESSCLOSE': '/usr/bin/lesspipe %s %s', 'ROS_AUTOMATIC_DISCOVERY_RANGE': 'SUBNET', 'PWD': '/home/selqie/buoyancy/build/water_sensors', 'SSH_CONNECTION': '192.168.1.109 51669 192.168.1.160 22', 'XDG_DATA_DIRS': '/usr/local/share:/usr/share:/var/lib/snapd/desktop', 'PYTHONPATH': '/home/selqie/buoyancy/build/water_sensors/prefix_override:/usr/lib/python3/dist-packages/colcon_core/task/python/colcon_distutils_commands:/home/selqie/buoyancy/install/water_sensors/lib/python3.12/site-packages:/home/selqie/buoyancy/install/water_sensors/lib/python3.12/site-packages:/home/selqie/buoyancy/install/servo/lib/python3.12/site-packages:/home/selqie/buoyancy/install/ms5837_bar_ros/lib/python3.12/site-packages:/home/selqie/buoyancy/install/buoy_control/lib/python3.12/site-packages:/home/selqie/buoyancy/install/motor_interfaces/lib/python3.12/site-packages:/home/selqie/buoyancy/install/led/lib/python3.12/site-packages:/home/selqie/buoyancy/install/battery/lib/python3.12/site-packages:/opt/ros/jazzy/lib/python3.12/site-packages', 'COLCON': '1', 'CMAKE_PREFIX_PATH': '/home/selqie/buoyancy/install/sensing_bringup:/home/selqie/buoyancy/install/motor_interfaces:/home/selqie/buoyancy/install/bno08x_driver'}, 'shell': False}
[3.298602] (ms5837_bar_ros) StdoutLine: {'line': b'running install_data\n'}
[3.298869] (ms5837_bar_ros) StdoutLine: {'line': b'running install_egg_info\n'}
[3.326636] (-) TimerEvent: {}
[3.334459] (ms5837_bar_ros) StdoutLine: {'line': b"removing '/home/selqie/buoyancy/install/ms5837_bar_ros/lib/python3.12/site-packages/ms5837_bar_ros-0.0.0-py3.12.egg-info' (and everything under it)\n"}
[3.335821] (ms5837_bar_ros) StdoutLine: {'line': b'Copying ../../build/ms5837_bar_ros/ms5837_bar_ros.egg-info to /home/selqie/buoyancy/install/ms5837_bar_ros/lib/python3.12/site-packages/ms5837_bar_ros-0.0.0-py3.12.egg-info\n'}
[3.338274] (ms5837_bar_ros) StdoutLine: {'line': b'running install_scripts\n'}
[3.354703] (led) StdoutLine: {'line': b'Installing led_node script to /home/selqie/buoyancy/install/led/lib/led\n'}
[3.355465] (led) StdoutLine: {'line': b'Installing led_tester script to /home/selqie/buoyancy/install/led/lib/led\n'}
[3.356806] (led) StdoutLine: {'line': b'Installing rainbow_fade script to /home/selqie/buoyancy/install/led/lib/led\n'}
[3.357403] (led) StdoutLine: {'line': b'Installing ws2812b-set script to /home/selqie/buoyancy/install/led/lib/led\n'}
[3.358639] (led) StdoutLine: {'line': b"writing list of installed files to '/home/selqie/buoyancy/build/led/install.log'\n"}
[3.373186] (battery) StdoutLine: {'line': b'Installing tinybms_voltage_uart script to /home/selqie/buoyancy/install/battery/lib/battery\n'}
[3.375020] (battery) StdoutLine: {'line': b"writing list of installed files to '/home/selqie/buoyancy/build/battery/install.log'\n"}
[3.426791] (-) TimerEvent: {}
[3.524251] (led) CommandEnded: {'returncode': 0}
[3.527041] (-) TimerEvent: {}
[3.542284] (led) JobEnded: {'identifier': 'led', 'rc': 0}
[3.543629] (buoy_control) JobStarted: {'identifier': 'buoy_control'}
[3.555927] (battery) CommandEnded: {'returncode': 0}
[3.569630] (battery) JobEnded: {'identifier': 'battery', 'rc': 0}
[3.571124] (servo) JobStarted: {'identifier': 'servo'}
[3.602860] (ms5837_bar_ros) StdoutLine: {'line': b'Installing bar02_node script to /home/selqie/buoyancy/install/ms5837_bar_ros/lib/ms5837_bar_ros\n'}
[3.604073] (ms5837_bar_ros) StdoutLine: {'line': b'Installing bar30_node script to /home/selqie/buoyancy/install/ms5837_bar_ros/lib/ms5837_bar_ros\n'}
[3.605860] (ms5837_bar_ros) StdoutLine: {'line': b"writing list of installed files to '/home/selqie/buoyancy/build/ms5837_bar_ros/install.log'\n"}
[3.627131] (-) TimerEvent: {}
[3.727466] (-) TimerEvent: {}
[3.782969] (water_sensors) StdoutLine: {'line': b'running egg_info\n'}
[3.805024] (water_sensors) StdoutLine: {'line': b'writing ../build/water_sensors/water_sensors.egg-info/PKG-INFO\n'}
[3.805838] (water_sensors) StdoutLine: {'line': b'writing dependency_links to ../build/water_sensors/water_sensors.egg-info/dependency_links.txt\n'}
[3.807378] (water_sensors) StdoutLine: {'line': b'writing entry points to ../build/water_sensors/water_sensors.egg-info/entry_points.txt\n'}
[3.808712] (water_sensors) StdoutLine: {'line': b'writing requirements to ../build/water_sensors/water_sensors.egg-info/requires.txt\n'}
[3.810159] (water_sensors) StdoutLine: {'line': b'writing top-level names to ../build/water_sensors/water_sensors.egg-info/top_level.txt\n'}
[3.827538] (-) TimerEvent: {}
[3.857665] (water_sensors) StdoutLine: {'line': b"reading manifest file '../build/water_sensors/water_sensors.egg-info/SOURCES.txt'\n"}
[3.859101] (water_sensors) StdoutLine: {'line': b"writing manifest file '../build/water_sensors/water_sensors.egg-info/SOURCES.txt'\n"}
[3.859298] (water_sensors) StdoutLine: {'line': b'running build\n'}
[3.859417] (water_sensors) StdoutLine: {'line': b'running build_py\n'}
[3.862394] (water_sensors) StdoutLine: {'line': b'running install\n'}
[3.872333] (water_sensors) StdoutLine: {'line': b'running install_lib\n'}
[3.897678] (water_sensors) StdoutLine: {'line': b'running install_data\n'}
[3.898453] (water_sensors) StdoutLine: {'line': b'running install_egg_info\n'}
[3.924813] (water_sensors) StdoutLine: {'line': b"removing '/home/selqie/buoyancy/install/water_sensors/lib/python3.12/site-packages/water_sensors-0.1.0-py3.12.egg-info' (and everything under it)\n"}
[3.925385] (water_sensors) StdoutLine: {'line': b'Copying ../build/water_sensors/water_sensors.egg-info to /home/selqie/buoyancy/install/water_sensors/lib/python3.12/site-packages/water_sensors-0.1.0-py3.12.egg-info\n'}
[3.926854] (water_sensors) StdoutLine: {'line': b'running install_scripts\n'}
[3.927729] (-) TimerEvent: {}
[3.930682] (ms5837_bar_ros) CommandEnded: {'returncode': 0}
[3.944054] (ms5837_bar_ros) JobEnded: {'identifier': 'ms5837_bar_ros', 'rc': 0}
[4.027830] (-) TimerEvent: {}
[4.092782] (water_sensors) StdoutLine: {'line': b'Installing humidity_sensor_node script to /home/selqie/buoyancy/install/water_sensors/lib/water_sensors\n'}
[4.093139] (water_sensors) StdoutLine: {'line': b'Installing leak_sensor_node script to /home/selqie/buoyancy/install/water_sensors/lib/water_sensors\n'}
[4.094580] (water_sensors) StdoutLine: {'line': b"writing list of installed files to '/home/selqie/buoyancy/build/water_sensors/install.log'\n"}
[4.127950] (-) TimerEvent: {}
[4.228359] (-) TimerEvent: {}
[4.273549] (water_sensors) CommandEnded: {'returncode': 0}
[4.289549] (water_sensors) JobEnded: {'identifier': 'water_sensors', 'rc': 0}
[4.328438] (-) TimerEvent: {}
[4.428745] (-) TimerEvent: {}
[4.529053] (-) TimerEvent: {}
[4.629322] (-) TimerEvent: {}
[4.729596] (-) TimerEvent: {}
[4.829882] (-) TimerEvent: {}
[4.930147] (-) TimerEvent: {}
[5.030451] (-) TimerEvent: {}
[5.109695] (buoy_control) Command: {'cmd': ['/usr/bin/python3', '-W', 'ignore:setup.py install is deprecated', '-W', 'ignore:easy_install command is deprecated', 'setup.py', 'egg_info', '--egg-base', '../build/buoy_control', 'build', '--build-base', '/home/selqie/buoyancy/build/buoy_control/build', 'install', '--record', '/home/selqie/buoyancy/build/buoy_control/install.log', '--single-version-externally-managed', 'install_data'], 'cwd': '/home/selqie/buoyancy/buoy_control', 'env': {'LESSOPEN': '| /usr/bin/lesspipe %s', 'USER': 'selqie', 'SSH_CLIENT': '192.168.1.109 51669 22', 'XDG_SESSION_TYPE': 'tty', 'SHLVL': '1', 'LD_LIBRARY_PATH': '/home/selqie/buoyancy/install/motor_interfaces/lib:/opt/ros/jazzy/lib/aarch64-linux-gnu:/opt/ros/jazzy/lib', 'HOME': '/home/selqie', 'OLDPWD': '/home/selqie', 'SSH_TTY': '/dev/pts/6', 'ROS_PYTHON_VERSION': '3', 'DBUS_SESSION_BUS_ADDRESS': 'unix:path=/run/user/1000/bus', 'COLCON_PREFIX_PATH': '/home/selqie/buoyancy/install', 'ROS_DISTRO': 'jazzy', 'LOGNAME': 'selqie', '_': '/usr/bin/colcon', 'ROS_VERSION': '2', 'XDG_SESSION_CLASS': 'user', 'TERM': 'xterm-256color', 'XDG_SESSION_ID': '1', 'PATH': '/home/selqie/.local/bin:/opt/ros/jazzy/bin:/usr/local/sbin:/usr/local/bin:/usr/sbin:/usr/bin:/sbin:/bin:/usr/games:/usr/local/games:/snap/bin', 'XDG_RUNTIME_DIR': '/run/user/1000', 'LANG': 'C.UTF-8', 'LS_COLORS': 'rs=0:di=01;34:ln=01;36:mh=00:pi=40;33:so=01;35:do=01;35:bd=40;33;01:cd=40;33;01:or=40;31;01:mi=00:su=37;41:sg=30;43:ca=00:tw=30;42:ow=34;42:st=37;44:ex=01;32:*.tar=01;31:*.tgz=01;31:*.arc=01;31:*.arj=01;31:*.taz=01;31:*.lha=01;31:*.lz4=01;31:*.lzh=01;31:*.lzma=01;31:*.tlz=01;31:*.txz=01;31:*.tzo=01;31:*.t7z=01;31:*.zip=01;31:*.z=01;31:*.dz=01;31:*.gz=01;31:*.lrz=01;31:*.lz=01;31:*.lzo=01;31:*.xz=01;31:*.zst=01;31:*.tzst=01;31:*.bz2=01;31:*.bz=01;31:*.tbz=01;31:*.tbz2=01;31:*.tz=01;31:*.deb=01;31:*.rpm=01;31:*.jar=01;31:*.war=01;31:*.ear=01;31:*.sar=01;31:*.rar=01;31:*.alz=01;31:*.ace=01;31:*.zoo=01;31:*.cpio=01;31:*.7z=01;31:*.rz=01;31:*.cab=01;31:*.wim=01;31:*.swm=01;31:*.dwm=01;31:*.esd=01;31:*.avif=01;35:*.jpg=01;35:*.jpeg=01;35:*.mjpg=01;35:*.mjpeg=01;35:*.gif=01;35:*.bmp=01;35:*.pbm=01;35:*.pgm=01;35:*.ppm=01;35:*.tga=01;35:*.xbm=01;35:*.xpm=01;35:*.tif=01;35:*.tiff=01;35:*.png=01;35:*.svg=01;35:*.svgz=01;35:*.mng=01;35:*.pcx=01;35:*.mov=01;35:*.mpg=01;35:*.mpeg=01;35:*.m2v=01;35:*.mkv=01;35:*.webm=01;35:*.webp=01;35:*.ogm=01;35:*.mp4=01;35:*.m4v=01;35:*.mp4v=01;35:*.vob=01;35:*.qt=01;35:*.nuv=01;35:*.wmv=01;35:*.asf=01;35:*.rm=01;35:*.rmvb=01;35:*.flc=01;35:*.avi=01;35:*.fli=01;35:*.flv=01;35:*.gl=01;35:*.dl=01;35:*.xcf=01;35:*.xwd=01;35:*.yuv=01;35:*.cgm=01;35:*.emf=01;35:*.ogv=01;35:*.ogx=01;35:*.aac=00;36:*.au=00;36:*.flac=00;36:*.m4a=00;36:*.mid=00;36:*.midi=00;36:*.mka=00;36:*.mp3=00;36:*.mpc=00;36:*.ogg=00;36:*.ra=00;36:*.wav=00;36:*.oga=00;36:*.opus=00;36:*.spx=00;36:*.xspf=00;36:*~=00;90:*#=00;90:*.bak=00;90:*.crdownload=00;90:*.dpkg-dist=00;90:*.dpkg-new=00;90:*.dpkg-old=00;90:*.dpkg-tmp=00;90:*.old=00;90:*.orig=00;90:*.part=00;90:*.rej=00;90:*.rpmnew=00;90:*.rpmorig=00;90:*.rpmsave=00;90:*.swp=00;90:*.tmp=00;90:*.ucf-dist=00;90:*.ucf-new=00;90:*.ucf-old=00;90:', 'AMENT_PREFIX_PATH': '/home/selqie/buoyancy/install/water_sensors:/home/selqie/buoyancy/install/servo:/home/selqie/buoyancy/install/sensing_bringup:/home/selqie/buoyancy/install/ms5837_bar_ros:/home/selqie/buoyancy/install/buoy_control:/home/selqie/buoyancy/install/motor_interfaces:/home/selqie/buoyancy/install/led:/home/selqie/buoyancy/install/bno08x_driver:/home/selqie/buoyancy/install/battery:/opt/ros/jazzy', 'SHELL': '/bin/bash', 'LESSCLOSE': '/usr/bin/lesspipe %s %s', 'ROS_AUTOMATIC_DISCOVERY_RANGE': 'SUBNET', 'PWD': '/home/selqie/buoyancy/build/buoy_control', 'SSH_CONNECTION': '192.168.1.109 51669 192.168.1.160 22', 'XDG_DATA_DIRS': '/usr/local/share:/usr/share:/var/lib/snapd/desktop', 'PYTHONPATH': '/home/selqie/buoyancy/build/buoy_control/prefix_override:/usr/lib/python3/dist-packages/colcon_core/task/python/colcon_distutils_commands:/home/selqie/buoyancy/install/buoy_control/lib/python3.12/site-packages:/home/selqie/buoyancy/install/motor_interfaces/lib/python3.12/site-packages:/home/selqie/buoyancy/install/water_sensors/lib/python3.12/site-packages:/home/selqie/buoyancy/install/servo/lib/python3.12/site-packages:/home/selqie/buoyancy/install/ms5837_bar_ros/lib/python3.12/site-packages:/home/selqie/buoyancy/install/buoy_control/lib/python3.12/site-packages:/home/selqie/buoyancy/install/led/lib/python3.12/site-packages:/home/selqie/buoyancy/install/battery/lib/python3.12/site-packages:/opt/ros/jazzy/lib/python3.12/site-packages', 'COLCON': '1', 'CMAKE_PREFIX_PATH': '/home/selqie/buoyancy/install/motor_interfaces:/home/selqie/buoyancy/install/sensing_bringup:/home/selqie/buoyancy/install/bno08x_driver'}, 'shell': False}
[5.130556] (-) TimerEvent: {}
[5.151966] (servo) Command: {'cmd': ['/usr/bin/python3', '-W', 'ignore:setup.py install is deprecated', '-W', 'ignore:easy_install command is deprecated', 'setup.py', 'egg_info', '--egg-base', '../build/servo', 'build', '--build-base', '/home/selqie/buoyancy/build/servo/build', 'install', '--record', '/home/selqie/buoyancy/build/servo/install.log', '--single-version-externally-managed', 'install_data'], 'cwd': '/home/selqie/buoyancy/servo', 'env': {'LESSOPEN': '| /usr/bin/lesspipe %s', 'USER': 'selqie', 'SSH_CLIENT': '192.168.1.109 51669 22', 'XDG_SESSION_TYPE': 'tty', 'SHLVL': '1', 'LD_LIBRARY_PATH': '/home/selqie/buoyancy/install/motor_interfaces/lib:/opt/ros/jazzy/lib/aarch64-linux-gnu:/opt/ros/jazzy/lib', 'HOME': '/home/selqie', 'OLDPWD': '/home/selqie', 'SSH_TTY': '/dev/pts/6', 'ROS_PYTHON_VERSION': '3', 'DBUS_SESSION_BUS_ADDRESS': 'unix:path=/run/user/1000/bus', 'COLCON_PREFIX_PATH': '/home/selqie/buoyancy/install', 'ROS_DISTRO': 'jazzy', 'LOGNAME': 'selqie', '_': '/usr/bin/colcon', 'ROS_VERSION': '2', 'XDG_SESSION_CLASS': 'user', 'TERM': 'xterm-256color', 'XDG_SESSION_ID': '1', 'PATH': '/home/selqie/.local/bin:/opt/ros/jazzy/bin:/usr/local/sbin:/usr/local/bin:/usr/sbin:/usr/bin:/sbin:/bin:/usr/games:/usr/local/games:/snap/bin', 'XDG_RUNTIME_DIR': '/run/user/1000', 'LANG': 'C.UTF-8', 'LS_COLORS': 'rs=0:di=01;34:ln=01;36:mh=00:pi=40;33:so=01;35:do=01;35:bd=40;33;01:cd=40;33;01:or=40;31;01:mi=00:su=37;41:sg=30;43:ca=00:tw=30;42:ow=34;42:st=37;44:ex=01;32:*.tar=01;31:*.tgz=01;31:*.arc=01;31:*.arj=01;31:*.taz=01;31:*.lha=01;31:*.lz4=01;31:*.lzh=01;31:*.lzma=01;31:*.tlz=01;31:*.txz=01;31:*.tzo=01;31:*.t7z=01;31:*.zip=01;31:*.z=01;31:*.dz=01;31:*.gz=01;31:*.lrz=01;31:*.lz=01;31:*.lzo=01;31:*.xz=01;31:*.zst=01;31:*.tzst=01;31:*.bz2=01;31:*.bz=01;31:*.tbz=01;31:*.tbz2=01;31:*.tz=01;31:*.deb=01;31:*.rpm=01;31:*.jar=01;31:*.war=01;31:*.ear=01;31:*.sar=01;31:*.rar=01;31:*.alz=01;31:*.ace=01;31:*.zoo=01;31:*.cpio=01;31:*.7z=01;31:*.rz=01;31:*.cab=01;31:*.wim=01;31:*.swm=01;31:*.dwm=01;31:*.esd=01;31:*.avif=01;35:*.jpg=01;35:*.jpeg=01;35:*.mjpg=01;35:*.mjpeg=01;35:*.gif=01;35:*.bmp=01;35:*.pbm=01;35:*.pgm=01;35:*.ppm=01;35:*.tga=01;35:*.xbm=01;35:*.xpm=01;35:*.tif=01;35:*.tiff=01;35:*.png=01;35:*.svg=01;35:*.svgz=01;35:*.mng=01;35:*.pcx=01;35:*.mov=01;35:*.mpg=01;35:*.mpeg=01;35:*.m2v=01;35:*.mkv=01;35:*.webm=01;35:*.webp=01;35:*.ogm=01;35:*.mp4=01;35:*.m4v=01;35:*.mp4v=01;35:*.vob=01;35:*.qt=01;35:*.nuv=01;35:*.wmv=01;35:*.asf=01;35:*.rm=01;35:*.rmvb=01;35:*.flc=01;35:*.avi=01;35:*.fli=01;35:*.flv=01;35:*.gl=01;35:*.dl=01;35:*.xcf=01;35:*.xwd=01;35:*.yuv=01;35:*.cgm=01;35:*.emf=01;35:*.ogv=01;35:*.ogx=01;35:*.aac=00;36:*.au=00;36:*.flac=00;36:*.m4a=00;36:*.mid=00;36:*.midi=00;36:*.mka=00;36:*.mp3=00;36:*.mpc=00;36:*.ogg=00;36:*.ra=00;36:*.wav=00;36:*.oga=00;36:*.opus=00;36:*.spx=00;36:*.xspf=00;36:*~=00;90:*#=00;90:*.bak=00;90:*.crdownload=00;90:*.dpkg-dist=00;90:*.dpkg-new=00;90:*.dpkg-old=00;90:*.dpkg-tmp=00;90:*.old=00;90:*.orig=00;90:*.part=00;90:*.rej=00;90:*.rpmnew=00;90:*.rpmorig=00;90:*.rpmsave=00;90:*.swp=00;90:*.tmp=00;90:*.ucf-dist=00;90:*.ucf-new=00;90:*.ucf-old=00;90:', 'AMENT_PREFIX_PATH': '/home/selqie/buoyancy/install/water_sensors:/home/selqie/buoyancy/install/servo:/home/selqie/buoyancy/install/sensing_bringup:/home/selqie/buoyancy/install/ms5837_bar_ros:/home/selqie/buoyancy/install/buoy_control:/home/selqie/buoyancy/install/motor_interfaces:/home/selqie/buoyancy/install/led:/home/selqie/buoyancy/install/bno08x_driver:/home/selqie/buoyancy/install/battery:/opt/ros/jazzy', 'SHELL': '/bin/bash', 'LESSCLOSE': '/usr/bin/lesspipe %s %s', 'ROS_AUTOMATIC_DISCOVERY_RANGE': 'SUBNET', 'PWD': '/home/selqie/buoyancy/build/servo', 'SSH_CONNECTION': '192.168.1.109 51669 192.168.1.160 22', 'XDG_DATA_DIRS': '/usr/local/share:/usr/share:/var/lib/snapd/desktop', 'PYTHONPATH': '/home/selqie/buoyancy/build/servo/prefix_override:/usr/lib/python3/dist-packages/colcon_core/task/python/colcon_distutils_commands:/home/selqie/buoyancy/install/servo/lib/python3.12/site-packages:/home/selqie/buoyancy/install/motor_interfaces/lib/python3.12/site-packages:/home/selqie/buoyancy/install/water_sensors/lib/python3.12/site-packages:/home/selqie/buoyancy/install/servo/lib/python3.12/site-packages:/home/selqie/buoyancy/install/ms5837_bar_ros/lib/python3.12/site-packages:/home/selqie/buoyancy/install/buoy_control/lib/python3.12/site-packages:/home/selqie/buoyancy/install/led/lib/python3.12/site-packages:/home/selqie/buoyancy/install/battery/lib/python3.12/site-packages:/opt/ros/jazzy/lib/python3.12/site-packages', 'COLCON': '1', 'CMAKE_PREFIX_PATH': '/home/selqie/buoyancy/install/motor_interfaces:/home/selqie/buoyancy/install/sensing_bringup:/home/selqie/buoyancy/install/bno08x_driver'}, 'shell': False}
[5.230667] (-) TimerEvent: {}
[5.331035] (-) TimerEvent: {}
[5.431305] (-) TimerEvent: {}
[5.467892] (buoy_control) StdoutLine: {'line': b'running egg_info\n'}
[5.489941] (buoy_control) StdoutLine: {'line': b'writing ../build/buoy_control/buoy_control.egg-info/PKG-INFO\n'}
[5.491120] (buoy_control) StdoutLine: {'line': b'writing dependency_links to ../build/buoy_control/buoy_control.egg-info/dependency_links.txt\n'}
[5.492167] (buoy_control) StdoutLine: {'line': b'writing entry points to ../build/buoy_control/buoy_control.egg-info/entry_points.txt\n'}
[5.492797] (buoy_control) StdoutLine: {'line': b'writing requirements to ../build/buoy_control/buoy_control.egg-info/requires.txt\n'}
[5.493455] (buoy_control) StdoutLine: {'line': b'writing top-level names to ../build/buoy_control/buoy_control.egg-info/top_level.txt\n'}
[5.494194] (servo) StdoutLine: {'line': b'running egg_info\n'}
[5.516059] (servo) StdoutLine: {'line': b'writing ../build/servo/servo.egg-info/PKG-INFO\n'}
[5.517160] (servo) StdoutLine: {'line': b'writing dependency_links to ../build/servo/servo.egg-info/dependency_links.txt\n'}
[5.518629] (servo) StdoutLine: {'line': b'writing entry points to ../build/servo/servo.egg-info/entry_points.txt\n'}
[5.519703] (servo) StdoutLine: {'line': b'writing requirements to ../build/servo/servo.egg-info/requires.txt\n'}
[5.520828] (servo) StdoutLine: {'line': b'writing top-level names to ../build/servo/servo.egg-info/top_level.txt\n'}
[5.531372] (-) TimerEvent: {}
[5.539913] (buoy_control) StdoutLine: {'line': b"reading manifest file '../build/buoy_control/buoy_control.egg-info/SOURCES.txt'\n"}
[5.541013] (buoy_control) StdoutLine: {'line': b"adding license file 'LICENSE'\n"}
[5.541791] (buoy_control) StdoutLine: {'line': b"writing manifest file '../build/buoy_control/buoy_control.egg-info/SOURCES.txt'\n"}
[5.542028] (buoy_control) StdoutLine: {'line': b'running build\n'}
[5.542141] (buoy_control) StdoutLine: {'line': b'running build_py\n'}
[5.544861] (buoy_control) StdoutLine: {'line': b'running install\n'}
[5.554578] (buoy_control) StdoutLine: {'line': b'running install_lib\n'}
[5.568314] (servo) StdoutLine: {'line': b"reading manifest file '../build/servo/servo.egg-info/SOURCES.txt'\n"}
[5.569738] (servo) StdoutLine: {'line': b"writing manifest file '../build/servo/servo.egg-info/SOURCES.txt'\n"}
[5.569947] (servo) StdoutLine: {'line': b'running build\n'}
[5.570074] (servo) StdoutLine: {'line': b'running build_py\n'}
[5.572630] (servo) StdoutLine: {'line': b'running install\n'}
[5.579420] (buoy_control) StdoutLine: {'line': b'running install_data\n'}
[5.579633] (buoy_control) StdoutLine: {'line': b'copying launch/timer_control.launch.py -> /home/selqie/buoyancy/install/buoy_control/share/buoy_control/launch\n'}
[5.579938] (buoy_control) StdoutLine: {'line': b'running install_egg_info\n'}
[5.581947] (servo) StdoutLine: {'line': b'running install_lib\n'}
[5.604500] (buoy_control) StdoutLine: {'line': b"removing '/home/selqie/buoyancy/install/buoy_control/lib/python3.12/site-packages/buoy_control-0.0.0-py3.12.egg-info' (and everything under it)\n"}
[5.605024] (buoy_control) StdoutLine: {'line': b'Copying ../build/buoy_control/buoy_control.egg-info to /home/selqie/buoyancy/install/buoy_control/lib/python3.12/site-packages/buoy_control-0.0.0-py3.12.egg-info\n'}
[5.605175] (servo) StdoutLine: {'line': b'running install_data\n'}
[5.605770] (servo) StdoutLine: {'line': b'running install_egg_info\n'}
[5.606652] (buoy_control) StdoutLine: {'line': b'running install_scripts\n'}
[5.630835] (servo) StdoutLine: {'line': b"removing '/home/selqie/buoyancy/install/servo/lib/python3.12/site-packages/servo-0.1.0-py3.12.egg-info' (and everything under it)\n"}
[5.631374] (servo) StdoutLine: {'line': b'Copying ../build/servo/servo.egg-info to /home/selqie/buoyancy/install/servo/lib/python3.12/site-packages/servo-0.1.0-py3.12.egg-info\n'}
[5.631527] (-) TimerEvent: {}
[5.635413] (servo) StdoutLine: {'line': b'running install_scripts\n'}
[5.731623] (-) TimerEvent: {}
[5.769665] (buoy_control) StdoutLine: {'line': b'Installing button_control_node script to /home/selqie/buoyancy/install/buoy_control/lib/buoy_control\n'}
[5.770057] (buoy_control) StdoutLine: {'line': b'Installing timer_control_node script to /home/selqie/buoyancy/install/buoy_control/lib/buoy_control\n'}
[5.772100] (buoy_control) StdoutLine: {'line': b"writing list of installed files to '/home/selqie/buoyancy/build/buoy_control/install.log'\n"}
[5.794857] (servo) StdoutLine: {'line': b'Installing servo_motor_node script to /home/selqie/buoyancy/install/servo/lib/servo\n'}
[5.795658] (servo) StdoutLine: {'line': b"writing list of installed files to '/home/selqie/buoyancy/build/servo/install.log'\n"}
[5.831772] (-) TimerEvent: {}
[5.885561] (buoy_control) CommandEnded: {'returncode': 0}
[5.900301] (buoy_control) JobEnded: {'identifier': 'buoy_control', 'rc': 0}
[5.905066] (servo) CommandEnded: {'returncode': 0}
[5.917686] (servo) JobEnded: {'identifier': 'servo', 'rc': 0}
[5.918813] (-) EventReactorShutdown: {}
